2025-08-20 09:05:22.086 [background-preinit] INFO  o.h.validator.internal.util.Version - HV000001: Hibernate Validator 8.0.2.Final
2025-08-20 09:05:22.124 [main] INFO  c.example.service.LogCopyServiceTest - Starting LogCopyServiceTest using Java 17.0.3 with PID 31760 (started by lshan in C:\Users\lshan\git\base-project\demo-1)
2025-08-20 09:05:22.124 [main] DEBUG c.example.service.LogCopyServiceTest - Running with Spring Boot v3.4.4, Spring v6.2.5
2025-08-20 09:05:22.125 [main] INFO  c.example.service.LogCopyServiceTest - No active profile set, falling back to 1 default profile: "default"
2025-08-20 09:05:23.285 [main] INFO  com.zaxxer.hikari.HikariDataSource - HikariPool-1 - Starting...
2025-08-20 09:05:23.452 [main] INFO  com.zaxxer.hikari.pool.HikariPool - HikariPool-1 - Added connection com.mysql.cj.jdbc.ConnectionImpl@514377fc
2025-08-20 09:05:23.453 [main] INFO  com.zaxxer.hikari.HikariDataSource - HikariPool-1 - Start completed.
2025-08-20 09:05:24.285 [main] INFO  o.s.s.c.a.a.c.InitializeUserDetailsBeanManagerConfigurer$InitializeUserDetailsManagerConfigurer - Global AuthenticationManager configured with UserDetailsService bean with name userDetailsServiceImpl
2025-08-20 09:05:24.528 [main] INFO  o.s.s.quartz.LocalDataSourceJobStore - Using db table-based data access locking (synchronization).
2025-08-20 09:05:24.530 [main] INFO  o.s.s.quartz.LocalDataSourceJobStore - JobStoreCMT initialized.
2025-08-20 09:05:25.335 [main] INFO  o.s.s.quartz.SchedulerFactoryBean - Starting Quartz Scheduler now
2025-08-20 09:05:25.337 [main] INFO  o.s.s.quartz.LocalDataSourceJobStore - Freed 0 triggers from 'acquired' / 'blocked' state.
2025-08-20 09:05:25.339 [main] INFO  o.s.s.quartz.LocalDataSourceJobStore - Recovering 0 jobs that were in-progress at the time of the last shut-down.
2025-08-20 09:05:25.340 [main] INFO  o.s.s.quartz.LocalDataSourceJobStore - Recovery complete.
2025-08-20 09:05:25.340 [main] INFO  o.s.s.quartz.LocalDataSourceJobStore - Removed 0 'complete' triggers.
2025-08-20 09:05:25.341 [main] INFO  o.s.s.quartz.LocalDataSourceJobStore - Removed 0 stale fired job entries.
2025-08-20 09:05:25.356 [main] INFO  c.example.service.LogCopyServiceTest - Started LogCopyServiceTest in 3.53 seconds (process running for 4.493)
2025-08-20 09:05:25.377 [main] DEBUG c.e.mapper.UserMapper.findByUserId - ==>  Preparing: SELECT id , user_id , password , user_name , refresh_token FROM users WHERE user_id = ?
2025-08-20 09:05:25.387 [main] DEBUG c.e.mapper.UserMapper.findByUserId - ==> Parameters: user123(String)
2025-08-20 09:05:25.397 [main] DEBUG c.e.mapper.UserMapper.findByUserId - <==      Total: 1
2025-08-20 09:05:25.399 [main] DEBUG c.e.mapper.UserMapper.findByUserId - ==>  Preparing: SELECT id , user_id , password , user_name , refresh_token FROM users WHERE user_id = ?
2025-08-20 09:05:25.399 [main] DEBUG c.e.mapper.UserMapper.findByUserId - ==> Parameters: admin123(String)
2025-08-20 09:05:25.400 [main] DEBUG c.e.mapper.UserMapper.findByUserId - <==      Total: 1
2025-08-20 09:05:25.950 [main] DEBUG c.e.m.LogOffsetMapper.findByFileName - ==>  Preparing: SELECT position , last_modified FROM log_offset WHERE file_name = ?
2025-08-20 09:05:25.951 [main] DEBUG c.e.m.LogOffsetMapper.findByFileName - ==> Parameters: C:/work/application.log(String)
2025-08-20 09:05:25.952 [main] DEBUG c.e.m.LogOffsetMapper.findByFileName - <==      Total: 1
2025-08-20 09:05:25.953 [main] ERROR com.example.service.LogCopyService - Cannot invoke "java.io.RandomAccessFile.seek(long)" because "this.raf" is null
2025-08-20 09:05:25.977 [SpringApplicationShutdownHook] INFO  o.s.s.quartz.SchedulerFactoryBean - Shutting down Quartz Scheduler
2025-08-20 09:05:25.979 [SpringApplicationShutdownHook] INFO  com.zaxxer.hikari.HikariDataSource - HikariPool-1 - Shutdown initiated...
2025-08-20 09:05:25.983 [SpringApplicationShutdownHook] INFO  com.zaxxer.hikari.HikariDataSource - HikariPool-1 - Shutdown completed.
2025-08-20 09:05:58.037 [background-preinit] INFO  o.h.validator.internal.util.Version - HV000001: Hibernate Validator 8.0.2.Final
2025-08-20 09:05:58.073 [main] INFO  c.example.service.LogCopyServiceTest - Starting LogCopyServiceTest using Java 17.0.3 with PID 11184 (started by lshan in C:\Users\lshan\git\base-project\demo-1)
2025-08-20 09:05:58.075 [main] DEBUG c.example.service.LogCopyServiceTest - Running with Spring Boot v3.4.4, Spring v6.2.5
2025-08-20 09:05:58.075 [main] INFO  c.example.service.LogCopyServiceTest - No active profile set, falling back to 1 default profile: "default"
2025-08-20 09:05:58.988 [main] INFO  com.zaxxer.hikari.HikariDataSource - HikariPool-1 - Starting...
2025-08-20 09:05:59.101 [main] INFO  com.zaxxer.hikari.pool.HikariPool - HikariPool-1 - Added connection com.mysql.cj.jdbc.ConnectionImpl@34f7b44f
2025-08-20 09:05:59.103 [main] INFO  com.zaxxer.hikari.HikariDataSource - HikariPool-1 - Start completed.
2025-08-20 09:05:59.861 [main] INFO  o.s.s.c.a.a.c.InitializeUserDetailsBeanManagerConfigurer$InitializeUserDetailsManagerConfigurer - Global AuthenticationManager configured with UserDetailsService bean with name userDetailsServiceImpl
2025-08-20 09:06:00.115 [main] INFO  o.s.s.quartz.LocalDataSourceJobStore - Using db table-based data access locking (synchronization).
2025-08-20 09:06:00.117 [main] INFO  o.s.s.quartz.LocalDataSourceJobStore - JobStoreCMT initialized.
2025-08-20 09:06:00.811 [main] INFO  o.s.s.quartz.SchedulerFactoryBean - Starting Quartz Scheduler now
2025-08-20 09:06:00.813 [main] INFO  o.s.s.quartz.LocalDataSourceJobStore - Freed 0 triggers from 'acquired' / 'blocked' state.
2025-08-20 09:06:00.814 [main] INFO  o.s.s.quartz.LocalDataSourceJobStore - Recovering 0 jobs that were in-progress at the time of the last shut-down.
2025-08-20 09:06:00.814 [main] INFO  o.s.s.quartz.LocalDataSourceJobStore - Recovery complete.
2025-08-20 09:06:00.815 [main] INFO  o.s.s.quartz.LocalDataSourceJobStore - Removed 0 'complete' triggers.
2025-08-20 09:06:00.815 [main] INFO  o.s.s.quartz.LocalDataSourceJobStore - Removed 0 stale fired job entries.
2025-08-20 09:06:00.828 [main] INFO  c.example.service.LogCopyServiceTest - Started LogCopyServiceTest in 3.014 seconds (process running for 3.651)
2025-08-20 09:06:00.835 [schedulerFactoryBean_Worker-1] INFO  com.example.job.LogCopyJob - ⚙️ LogCopyJob 실행 - 2025-08-20T09:06:00.835164500
2025-08-20 09:06:00.846 [schedulerFactoryBean_Worker-1] DEBUG c.e.m.LogOffsetMapper.findByFileName - ==>  Preparing: SELECT position , last_modified FROM log_offset WHERE file_name = ?
2025-08-20 09:06:00.846 [main] DEBUG c.e.mapper.UserMapper.findByUserId - ==>  Preparing: SELECT id , user_id , password , user_name , refresh_token FROM users WHERE user_id = ?
2025-08-20 09:06:00.855 [schedulerFactoryBean_Worker-1] DEBUG c.e.m.LogOffsetMapper.findByFileName - ==> Parameters: C:/work/application.log(String)
2025-08-20 09:06:00.855 [main] DEBUG c.e.mapper.UserMapper.findByUserId - ==> Parameters: user123(String)
2025-08-20 09:06:00.863 [schedulerFactoryBean_Worker-1] DEBUG c.e.m.LogOffsetMapper.findByFileName - <==      Total: 1
2025-08-20 09:06:00.863 [main] DEBUG c.e.mapper.UserMapper.findByUserId - <==      Total: 1
2025-08-20 09:06:00.864 [main] DEBUG c.e.mapper.UserMapper.findByUserId - ==>  Preparing: SELECT id , user_id , password , user_name , refresh_token FROM users WHERE user_id = ?
2025-08-20 09:06:00.865 [main] DEBUG c.e.mapper.UserMapper.findByUserId - ==> Parameters: admin123(String)
2025-08-20 09:06:00.865 [schedulerFactoryBean_Worker-1] ERROR com.example.service.LogCopyService - Cannot invoke "java.io.RandomAccessFile.seek(long)" because "this.raf" is null
2025-08-20 09:06:00.865 [main] DEBUG c.e.mapper.UserMapper.findByUserId - <==      Total: 1
2025-08-20 09:06:01.325 [main] DEBUG c.e.m.LogOffsetMapper.findByFileName - ==>  Preparing: SELECT position , last_modified FROM log_offset WHERE file_name = ?
2025-08-20 09:06:01.326 [main] DEBUG c.e.m.LogOffsetMapper.findByFileName - ==> Parameters: C:/work/application.log(String)
2025-08-20 09:06:01.326 [main] DEBUG c.e.m.LogOffsetMapper.findByFileName - <==      Total: 1
2025-08-20 09:06:01.327 [main] ERROR com.example.service.LogCopyService - Cannot invoke "java.io.RandomAccessFile.seek(long)" because "this.raf" is null
2025-08-20 09:06:01.340 [SpringApplicationShutdownHook] INFO  o.s.s.quartz.SchedulerFactoryBean - Shutting down Quartz Scheduler
2025-08-20 09:06:01.342 [SpringApplicationShutdownHook] INFO  com.zaxxer.hikari.HikariDataSource - HikariPool-1 - Shutdown initiated...
2025-08-20 09:06:01.346 [SpringApplicationShutdownHook] INFO  com.zaxxer.hikari.HikariDataSource - HikariPool-1 - Shutdown completed.
2025-08-20 09:06:28.118 [background-preinit] INFO  o.h.validator.internal.util.Version - HV000001: Hibernate Validator 8.0.2.Final
2025-08-20 09:06:28.147 [main] INFO  c.example.service.LogCopyServiceTest - Starting LogCopyServiceTest using Java 17.0.3 with PID 32404 (started by lshan in C:\Users\lshan\git\base-project\demo-1)
2025-08-20 09:06:28.147 [main] DEBUG c.example.service.LogCopyServiceTest - Running with Spring Boot v3.4.4, Spring v6.2.5
2025-08-20 09:06:28.147 [main] INFO  c.example.service.LogCopyServiceTest - No active profile set, falling back to 1 default profile: "default"
2025-08-20 09:06:29.009 [main] INFO  com.zaxxer.hikari.HikariDataSource - HikariPool-1 - Starting...
2025-08-20 09:06:29.117 [main] INFO  com.zaxxer.hikari.pool.HikariPool - HikariPool-1 - Added connection com.mysql.cj.jdbc.ConnectionImpl@34f7b44f
2025-08-20 09:06:29.119 [main] INFO  com.zaxxer.hikari.HikariDataSource - HikariPool-1 - Start completed.
2025-08-20 09:06:29.893 [main] INFO  o.s.s.c.a.a.c.InitializeUserDetailsBeanManagerConfigurer$InitializeUserDetailsManagerConfigurer - Global AuthenticationManager configured with UserDetailsService bean with name userDetailsServiceImpl
2025-08-20 09:06:30.141 [main] INFO  o.s.s.quartz.LocalDataSourceJobStore - Using db table-based data access locking (synchronization).
2025-08-20 09:06:30.143 [main] INFO  o.s.s.quartz.LocalDataSourceJobStore - JobStoreCMT initialized.
2025-08-20 09:06:30.823 [main] INFO  o.s.s.quartz.SchedulerFactoryBean - Starting Quartz Scheduler now
2025-08-20 09:06:30.825 [main] INFO  o.s.s.quartz.LocalDataSourceJobStore - Freed 0 triggers from 'acquired' / 'blocked' state.
2025-08-20 09:06:30.826 [main] INFO  o.s.s.quartz.LocalDataSourceJobStore - Recovering 0 jobs that were in-progress at the time of the last shut-down.
2025-08-20 09:06:30.826 [main] INFO  o.s.s.quartz.LocalDataSourceJobStore - Recovery complete.
2025-08-20 09:06:30.826 [main] INFO  o.s.s.quartz.LocalDataSourceJobStore - Removed 0 'complete' triggers.
2025-08-20 09:06:30.826 [main] INFO  o.s.s.quartz.LocalDataSourceJobStore - Removed 0 stale fired job entries.
2025-08-20 09:06:30.838 [main] INFO  c.example.service.LogCopyServiceTest - Started LogCopyServiceTest in 2.94 seconds (process running for 3.566)
2025-08-20 09:06:30.854 [main] DEBUG c.e.mapper.UserMapper.findByUserId - ==>  Preparing: SELECT id , user_id , password , user_name , refresh_token FROM users WHERE user_id = ?
2025-08-20 09:06:30.861 [main] DEBUG c.e.mapper.UserMapper.findByUserId - ==> Parameters: user123(String)
2025-08-20 09:06:30.868 [main] DEBUG c.e.mapper.UserMapper.findByUserId - <==      Total: 1
2025-08-20 09:06:30.870 [main] DEBUG c.e.mapper.UserMapper.findByUserId - ==>  Preparing: SELECT id , user_id , password , user_name , refresh_token FROM users WHERE user_id = ?
2025-08-20 09:06:30.870 [main] DEBUG c.e.mapper.UserMapper.findByUserId - ==> Parameters: admin123(String)
2025-08-20 09:06:30.871 [main] DEBUG c.e.mapper.UserMapper.findByUserId - <==      Total: 1
2025-08-20 09:06:31.313 [main] DEBUG c.e.m.LogOffsetMapper.findByFileName - ==>  Preparing: SELECT position , last_modified FROM log_offset WHERE file_name = ?
2025-08-20 09:06:31.313 [main] DEBUG c.e.m.LogOffsetMapper.findByFileName - ==> Parameters: C:/work/application.log(String)
2025-08-20 09:06:31.314 [main] DEBUG c.e.m.LogOffsetMapper.findByFileName - <==      Total: 0
2025-08-20 09:06:31.315 [main] ERROR com.example.service.LogCopyService - Cannot invoke "java.io.RandomAccessFile.seek(long)" because "this.raf" is null
2025-08-20 09:06:31.329 [SpringApplicationShutdownHook] INFO  o.s.s.quartz.SchedulerFactoryBean - Shutting down Quartz Scheduler
2025-08-20 09:06:31.330 [SpringApplicationShutdownHook] INFO  com.zaxxer.hikari.HikariDataSource - HikariPool-1 - Shutdown initiated...
2025-08-20 09:06:31.334 [SpringApplicationShutdownHook] INFO  com.zaxxer.hikari.HikariDataSource - HikariPool-1 - Shutdown completed.
2025-08-20 09:06:55.977 [background-preinit] INFO  o.h.validator.internal.util.Version - HV000001: Hibernate Validator 8.0.2.Final
2025-08-20 09:06:56.007 [main] INFO  c.example.service.LogCopyServiceTest - Starting LogCopyServiceTest using Java 17.0.3 with PID 13324 (started by lshan in C:\Users\lshan\git\base-project\demo-1)
2025-08-20 09:06:56.007 [main] DEBUG c.example.service.LogCopyServiceTest - Running with Spring Boot v3.4.4, Spring v6.2.5
2025-08-20 09:06:56.008 [main] INFO  c.example.service.LogCopyServiceTest - No active profile set, falling back to 1 default profile: "default"
2025-08-20 09:06:57.136 [main] INFO  com.zaxxer.hikari.HikariDataSource - HikariPool-1 - Starting...
2025-08-20 09:06:57.280 [main] INFO  com.zaxxer.hikari.pool.HikariPool - HikariPool-1 - Added connection com.mysql.cj.jdbc.ConnectionImpl@159ac15f
2025-08-20 09:06:57.282 [main] INFO  com.zaxxer.hikari.HikariDataSource - HikariPool-1 - Start completed.
2025-08-20 09:06:58.107 [main] INFO  o.s.s.c.a.a.c.InitializeUserDetailsBeanManagerConfigurer$InitializeUserDetailsManagerConfigurer - Global AuthenticationManager configured with UserDetailsService bean with name userDetailsServiceImpl
2025-08-20 09:06:58.368 [main] INFO  o.s.s.quartz.LocalDataSourceJobStore - Using db table-based data access locking (synchronization).
2025-08-20 09:06:58.371 [main] INFO  o.s.s.quartz.LocalDataSourceJobStore - JobStoreCMT initialized.
2025-08-20 09:06:59.197 [main] INFO  o.s.s.quartz.SchedulerFactoryBean - Starting Quartz Scheduler now
2025-08-20 09:06:59.200 [main] INFO  o.s.s.quartz.LocalDataSourceJobStore - Freed 0 triggers from 'acquired' / 'blocked' state.
2025-08-20 09:06:59.202 [main] INFO  o.s.s.quartz.LocalDataSourceJobStore - Recovering 0 jobs that were in-progress at the time of the last shut-down.
2025-08-20 09:06:59.202 [main] INFO  o.s.s.quartz.LocalDataSourceJobStore - Recovery complete.
2025-08-20 09:06:59.203 [main] INFO  o.s.s.quartz.LocalDataSourceJobStore - Removed 0 'complete' triggers.
2025-08-20 09:06:59.203 [main] INFO  o.s.s.quartz.LocalDataSourceJobStore - Removed 0 stale fired job entries.
2025-08-20 09:06:59.221 [main] INFO  c.example.service.LogCopyServiceTest - Started LogCopyServiceTest in 3.501 seconds (process running for 4.324)
2025-08-20 09:06:59.244 [main] DEBUG c.e.mapper.UserMapper.findByUserId - ==>  Preparing: SELECT id , user_id , password , user_name , refresh_token FROM users WHERE user_id = ?
2025-08-20 09:06:59.252 [main] DEBUG c.e.mapper.UserMapper.findByUserId - ==> Parameters: user123(String)
2025-08-20 09:06:59.265 [main] DEBUG c.e.mapper.UserMapper.findByUserId - <==      Total: 1
2025-08-20 09:06:59.266 [main] DEBUG c.e.mapper.UserMapper.findByUserId - ==>  Preparing: SELECT id , user_id , password , user_name , refresh_token FROM users WHERE user_id = ?
2025-08-20 09:06:59.266 [main] DEBUG c.e.mapper.UserMapper.findByUserId - ==> Parameters: admin123(String)
2025-08-20 09:06:59.267 [main] DEBUG c.e.mapper.UserMapper.findByUserId - <==      Total: 1
2025-08-20 09:07:00.010 [schedulerFactoryBean_Worker-1] INFO  com.example.job.LogCopyJob - ⚙️ LogCopyJob 실행 - 2025-08-20T09:07:00.010490700
2025-08-20 09:07:02.597 [main] DEBUG c.e.m.LogOffsetMapper.findByFileName - ==>  Preparing: SELECT position , last_modified FROM log_offset WHERE file_name = ?
2025-08-20 09:07:02.604 [main] DEBUG c.e.m.LogOffsetMapper.findByFileName - ==> Parameters: C:/work/application.log(String)
2025-08-20 09:07:02.610 [main] DEBUG c.e.m.LogOffsetMapper.findByFileName - <==      Total: 0
2025-08-20 09:07:23.374 [main] ERROR com.example.service.LogCopyService - Cannot invoke "java.io.RandomAccessFile.seek(long)" because "this.raf" is null
2025-08-20 09:07:23.391 [SpringApplicationShutdownHook] INFO  o.s.s.quartz.SchedulerFactoryBean - Shutting down Quartz Scheduler
2025-08-20 09:07:23.393 [SpringApplicationShutdownHook] INFO  com.zaxxer.hikari.HikariDataSource - HikariPool-1 - Shutdown initiated...
2025-08-20 09:07:23.398 [SpringApplicationShutdownHook] INFO  com.zaxxer.hikari.HikariDataSource - HikariPool-1 - Shutdown completed.
2025-08-20 09:08:35.451 [background-preinit] INFO  o.h.validator.internal.util.Version - HV000001: Hibernate Validator 8.0.2.Final
2025-08-20 09:08:35.484 [main] INFO  c.example.service.LogCopyServiceTest - Starting LogCopyServiceTest using Java 17.0.3 with PID 16588 (started by lshan in C:\Users\lshan\git\base-project\demo-1)
2025-08-20 09:08:35.485 [main] DEBUG c.example.service.LogCopyServiceTest - Running with Spring Boot v3.4.4, Spring v6.2.5
2025-08-20 09:08:35.485 [main] INFO  c.example.service.LogCopyServiceTest - No active profile set, falling back to 1 default profile: "default"
2025-08-20 09:08:36.619 [main] INFO  com.zaxxer.hikari.HikariDataSource - HikariPool-1 - Starting...
2025-08-20 09:08:36.782 [main] INFO  com.zaxxer.hikari.pool.HikariPool - HikariPool-1 - Added connection com.mysql.cj.jdbc.ConnectionImpl@159ac15f
2025-08-20 09:08:36.783 [main] INFO  com.zaxxer.hikari.HikariDataSource - HikariPool-1 - Start completed.
2025-08-20 09:08:37.557 [main] INFO  o.s.s.c.a.a.c.InitializeUserDetailsBeanManagerConfigurer$InitializeUserDetailsManagerConfigurer - Global AuthenticationManager configured with UserDetailsService bean with name userDetailsServiceImpl
2025-08-20 09:08:37.801 [main] INFO  o.s.s.quartz.LocalDataSourceJobStore - Using db table-based data access locking (synchronization).
2025-08-20 09:08:37.803 [main] INFO  o.s.s.quartz.LocalDataSourceJobStore - JobStoreCMT initialized.
2025-08-20 09:08:38.581 [main] INFO  o.s.s.quartz.SchedulerFactoryBean - Starting Quartz Scheduler now
2025-08-20 09:08:38.585 [main] INFO  o.s.s.quartz.LocalDataSourceJobStore - Freed 0 triggers from 'acquired' / 'blocked' state.
2025-08-20 09:08:38.587 [main] INFO  o.s.s.quartz.LocalDataSourceJobStore - Recovering 0 jobs that were in-progress at the time of the last shut-down.
2025-08-20 09:08:38.588 [main] INFO  o.s.s.quartz.LocalDataSourceJobStore - Recovery complete.
2025-08-20 09:08:38.588 [main] INFO  o.s.s.quartz.LocalDataSourceJobStore - Removed 0 'complete' triggers.
2025-08-20 09:08:38.589 [main] INFO  o.s.s.quartz.LocalDataSourceJobStore - Removed 0 stale fired job entries.
2025-08-20 09:08:38.608 [main] INFO  c.example.service.LogCopyServiceTest - Started LogCopyServiceTest in 3.417 seconds (process running for 4.37)
2025-08-20 09:08:38.629 [main] DEBUG c.e.mapper.UserMapper.findByUserId - ==>  Preparing: SELECT id , user_id , password , user_name , refresh_token FROM users WHERE user_id = ?
2025-08-20 09:08:38.637 [main] DEBUG c.e.mapper.UserMapper.findByUserId - ==> Parameters: user123(String)
2025-08-20 09:08:38.649 [main] DEBUG c.e.mapper.UserMapper.findByUserId - <==      Total: 1
2025-08-20 09:08:38.650 [main] DEBUG c.e.mapper.UserMapper.findByUserId - ==>  Preparing: SELECT id , user_id , password , user_name , refresh_token FROM users WHERE user_id = ?
2025-08-20 09:08:38.651 [main] DEBUG c.e.mapper.UserMapper.findByUserId - ==> Parameters: admin123(String)
2025-08-20 09:08:38.652 [main] DEBUG c.e.mapper.UserMapper.findByUserId - <==      Total: 1
2025-08-20 09:09:00.017 [schedulerFactoryBean_Worker-1] INFO  com.example.job.LogCopyJob - ⚙️ LogCopyJob 실행 - 2025-08-20T09:09:00.016922800
2025-08-20 09:09:02.188 [main] DEBUG c.e.m.LogOffsetMapper.findByFileName - ==>  Preparing: SELECT position , last_modified FROM log_offset WHERE file_name = ?
2025-08-20 09:09:02.196 [main] DEBUG c.e.m.LogOffsetMapper.findByFileName - ==> Parameters: C:/work/application.log(String)
2025-08-20 09:09:02.202 [main] DEBUG c.e.m.LogOffsetMapper.findByFileName - <==      Total: 0
2025-08-20 09:10:00.017 [schedulerFactoryBean_Worker-2] INFO  com.example.job.ClusteredJob - ⚙️ ClusteredJob 실행 - 2025-08-20T09:10:00.016801200
2025-08-20 09:10:00.027 [schedulerFactoryBean_Worker-3] INFO  com.example.job.LogCopyJob - ⚙️ LogCopyJob 실행 - 2025-08-20T09:10:00.027308900
2025-08-20 09:10:01.266 [main] DEBUG c.e.mapper.LogOffsetMapper.insertLog - ==>  Preparing: INSERT INTO swg_logs (log_time, level, message) VALUES (?, ?, ?)
2025-08-20 09:10:01.267 [main] DEBUG c.e.mapper.LogOffsetMapper.insertLog - ==> Parameters: 2025-08-20 09:10:01.2610964(Timestamp), 14:33:43.877(String), [background-preinit] INFO  o.h.validator.internal.util.Version - HV000001: Hibernate Validator 8.0.2.Final 한글이있어요(String)
2025-08-20 09:10:01.277 [main] DEBUG c.e.mapper.LogOffsetMapper.insertLog - <==    Updates: 1
2025-08-20 09:10:01.283 [main] DEBUG c.e.mapper.LogOffsetMapper.insertLog - ==>  Preparing: INSERT INTO swg_logs (log_time, level, message) VALUES (?, ?, ?)
2025-08-20 09:10:01.286 [main] DEBUG c.e.mapper.LogOffsetMapper.insertLog - ==> Parameters: 2025-08-20 09:10:01.2836779(Timestamp), 14:33:43.910(String), [main] INFO  c.example.service.BoardServiceTest - Starting BoardServiceTest using Java 17.0.3 with PID 30300 (started by lshan in C:\Users\lshan\git\base-project\demo-1)(String)
2025-08-20 09:10:01.288 [main] DEBUG c.e.mapper.LogOffsetMapper.insertLog - <==    Updates: 1
2025-08-20 09:10:01.288 [main] DEBUG c.e.mapper.LogOffsetMapper.insertLog - ==>  Preparing: INSERT INTO swg_logs (log_time, level, message) VALUES (?, ?, ?)
2025-08-20 09:10:01.290 [main] DEBUG c.e.mapper.LogOffsetMapper.insertLog - ==> Parameters: 2025-08-20 09:10:01.2881924(Timestamp), 14:33:43.910(String), [main] DEBUG c.example.service.BoardServiceTest - Running with Spring Boot v3.4.4, Spring v6.2.5(String)
2025-08-20 09:10:01.291 [main] DEBUG c.e.mapper.LogOffsetMapper.insertLog - <==    Updates: 1
2025-08-20 09:10:01.292 [main] DEBUG c.e.mapper.LogOffsetMapper.insertLog - ==>  Preparing: INSERT INTO swg_logs (log_time, level, message) VALUES (?, ?, ?)
2025-08-20 09:10:01.293 [main] DEBUG c.e.mapper.LogOffsetMapper.insertLog - ==> Parameters: 2025-08-20 09:10:01.2927076(Timestamp), 14:33:43.911(String), [main] INFO  c.example.service.BoardServiceTest - No active profile set, falling back to 1 default profile: "default"(String)
2025-08-20 09:10:01.296 [main] DEBUG c.e.mapper.LogOffsetMapper.insertLog - <==    Updates: 1
2025-08-20 09:10:01.297 [main] DEBUG c.e.mapper.LogOffsetMapper.insertLog - ==>  Preparing: INSERT INTO swg_logs (log_time, level, message) VALUES (?, ?, ?)
2025-08-20 09:10:01.298 [main] DEBUG c.e.mapper.LogOffsetMapper.insertLog - ==> Parameters: 2025-08-20 09:10:01.2962649(Timestamp), 14:33:44.831(String), [main] INFO  com.zaxxer.hikari.HikariDataSource - HikariPool-1 - Starting...(String)
2025-08-20 09:10:01.299 [main] DEBUG c.e.mapper.LogOffsetMapper.insertLog - <==    Updates: 1
2025-08-20 09:10:01.300 [main] DEBUG c.e.mapper.LogOffsetMapper.insertLog - ==>  Preparing: INSERT INTO swg_logs (log_time, level, message) VALUES (?, ?, ?)
2025-08-20 09:10:01.302 [main] DEBUG c.e.mapper.LogOffsetMapper.insertLog - ==> Parameters: 2025-08-20 09:10:01.3002672(Timestamp), 14:33:44.962(String), [main] INFO  com.zaxxer.hikari.pool.HikariPool - HikariPool-1 - Added connection com.mysql.cj.jdbc.ConnectionImpl@251a90ce(String)
2025-08-20 09:10:01.303 [main] DEBUG c.e.mapper.LogOffsetMapper.insertLog - <==    Updates: 1
2025-08-20 09:10:01.304 [main] DEBUG c.e.mapper.LogOffsetMapper.insertLog - ==>  Preparing: INSERT INTO swg_logs (log_time, level, message) VALUES (?, ?, ?)
2025-08-20 09:10:01.306 [main] DEBUG c.e.mapper.LogOffsetMapper.insertLog - ==> Parameters: 2025-08-20 09:10:01.3032662(Timestamp), 14:33:44.964(String), [main] INFO  com.zaxxer.hikari.HikariDataSource - HikariPool-1 - Start completed.(String)
2025-08-20 09:10:01.307 [main] DEBUG c.e.mapper.LogOffsetMapper.insertLog - <==    Updates: 1
2025-08-20 09:10:01.309 [main] DEBUG c.e.mapper.LogOffsetMapper.insertLog - ==>  Preparing: INSERT INTO swg_logs (log_time, level, message) VALUES (?, ?, ?)
2025-08-20 09:10:01.310 [main] DEBUG c.e.mapper.LogOffsetMapper.insertLog - ==> Parameters: 2025-08-20 09:10:01.3088459(Timestamp), 14:33:45.795(String), [main] INFO  o.s.s.c.a.a.c.InitializeUserDetailsBeanManagerConfigurer$InitializeUserDetailsManagerConfigurer - Global AuthenticationManager configured with UserDetailsService bean with name userDetailsServiceImpl(String)
2025-08-20 09:10:01.311 [main] DEBUG c.e.mapper.LogOffsetMapper.insertLog - <==    Updates: 1
2025-08-20 09:10:01.313 [main] DEBUG c.e.mapper.LogOffsetMapper.insertLog - ==>  Preparing: INSERT INTO swg_logs (log_time, level, message) VALUES (?, ?, ?)
2025-08-20 09:10:01.314 [main] DEBUG c.e.mapper.LogOffsetMapper.insertLog - ==> Parameters: 2025-08-20 09:10:01.3128457(Timestamp), 14:33:46.065(String), [main] INFO  o.s.s.quartz.LocalDataSourceJobStore - Using db table-based data access locking (synchronization).(String)
2025-08-20 09:10:01.315 [main] DEBUG c.e.mapper.LogOffsetMapper.insertLog - <==    Updates: 1
2025-08-20 09:10:01.316 [main] DEBUG c.e.mapper.LogOffsetMapper.insertLog - ==>  Preparing: INSERT INTO swg_logs (log_time, level, message) VALUES (?, ?, ?)
2025-08-20 09:10:01.318 [main] DEBUG c.e.mapper.LogOffsetMapper.insertLog - ==> Parameters: 2025-08-20 09:10:01.3169136(Timestamp), 14:33:46.069(String), [main] INFO  o.s.s.quartz.LocalDataSourceJobStore - JobStoreCMT initialized.(String)
2025-08-20 09:10:01.319 [main] DEBUG c.e.mapper.LogOffsetMapper.insertLog - <==    Updates: 1
2025-08-20 09:10:01.320 [main] DEBUG c.e.mapper.LogOffsetMapper.insertLog - ==>  Preparing: INSERT INTO swg_logs (log_time, level, message) VALUES (?, ?, ?)
2025-08-20 09:10:01.321 [main] DEBUG c.e.mapper.LogOffsetMapper.insertLog - ==> Parameters: 2025-08-20 09:10:01.3209132(Timestamp), 14:33:46.787(String), [main] INFO  o.s.s.quartz.SchedulerFactoryBean - Starting Quartz Scheduler now(String)
2025-08-20 09:10:01.323 [main] DEBUG c.e.mapper.LogOffsetMapper.insertLog - <==    Updates: 1
2025-08-20 09:10:01.325 [main] DEBUG c.e.mapper.LogOffsetMapper.insertLog - ==>  Preparing: INSERT INTO swg_logs (log_time, level, message) VALUES (?, ?, ?)
2025-08-20 09:10:01.327 [main] DEBUG c.e.mapper.LogOffsetMapper.insertLog - ==> Parameters: 2025-08-20 09:10:01.3239135(Timestamp), 14:33:46.789(String), [main] INFO  o.s.s.quartz.LocalDataSourceJobStore - Freed 0 triggers from 'acquired' / 'blocked' state.(String)
2025-08-20 09:10:01.328 [main] DEBUG c.e.mapper.LogOffsetMapper.insertLog - <==    Updates: 1
2025-08-20 09:10:01.329 [main] DEBUG c.e.mapper.LogOffsetMapper.insertLog - ==>  Preparing: INSERT INTO swg_logs (log_time, level, message) VALUES (?, ?, ?)
2025-08-20 09:10:01.332 [main] DEBUG c.e.mapper.LogOffsetMapper.insertLog - ==> Parameters: 2025-08-20 09:10:01.3299335(Timestamp), 14:33:46.791(String), [main] INFO  o.s.s.quartz.LocalDataSourceJobStore - Recovering 0 jobs that were in-progress at the time of the last shut-down.(String)
2025-08-20 09:10:01.336 [main] DEBUG c.e.mapper.LogOffsetMapper.insertLog - <==    Updates: 1
2025-08-20 09:10:01.338 [main] DEBUG c.e.mapper.LogOffsetMapper.insertLog - ==>  Preparing: INSERT INTO swg_logs (log_time, level, message) VALUES (?, ?, ?)
2025-08-20 09:10:01.339 [main] DEBUG c.e.mapper.LogOffsetMapper.insertLog - ==> Parameters: 2025-08-20 09:10:01.3380488(Timestamp), 14:33:46.791(String), [main] INFO  o.s.s.quartz.LocalDataSourceJobStore - Recovery complete.(String)
2025-08-20 09:10:01.341 [main] DEBUG c.e.mapper.LogOffsetMapper.insertLog - <==    Updates: 1
2025-08-20 09:10:01.342 [main] DEBUG c.e.mapper.LogOffsetMapper.insertLog - ==>  Preparing: INSERT INTO swg_logs (log_time, level, message) VALUES (?, ?, ?)
2025-08-20 09:10:01.344 [main] DEBUG c.e.mapper.LogOffsetMapper.insertLog - ==> Parameters: 2025-08-20 09:10:01.3420491(Timestamp), 14:33:46.792(String), [main] INFO  o.s.s.quartz.LocalDataSourceJobStore - Removed 0 'complete' triggers.(String)
2025-08-20 09:10:01.345 [main] DEBUG c.e.mapper.LogOffsetMapper.insertLog - <==    Updates: 1
2025-08-20 09:10:01.348 [main] DEBUG c.e.mapper.LogOffsetMapper.insertLog - ==>  Preparing: INSERT INTO swg_logs (log_time, level, message) VALUES (?, ?, ?)
2025-08-20 09:10:01.354 [main] DEBUG c.e.mapper.LogOffsetMapper.insertLog - ==> Parameters: 2025-08-20 09:10:01.3460798(Timestamp), 14:33:46.792(String), [main] INFO  o.s.s.quartz.LocalDataSourceJobStore - Removed 0 stale fired job entries.(String)
2025-08-20 09:10:01.355 [main] DEBUG c.e.mapper.LogOffsetMapper.insertLog - <==    Updates: 1
2025-08-20 09:10:01.358 [main] DEBUG c.e.mapper.LogOffsetMapper.insertLog - ==>  Preparing: INSERT INTO swg_logs (log_time, level, message) VALUES (?, ?, ?)
2025-08-20 09:10:01.360 [main] DEBUG c.e.mapper.LogOffsetMapper.insertLog - ==> Parameters: 2025-08-20 09:10:01.3584151(Timestamp), 14:33:46.807(String), [main] INFO  c.example.service.BoardServiceTest - Started BoardServiceTest in 3.14 seconds (process running for 3.821)(String)
2025-08-20 09:10:01.361 [main] DEBUG c.e.mapper.LogOffsetMapper.insertLog - <==    Updates: 1
2025-08-20 09:10:01.362 [main] DEBUG c.e.mapper.LogOffsetMapper.insertLog - ==>  Preparing: INSERT INTO swg_logs (log_time, level, message) VALUES (?, ?, ?)
2025-08-20 09:10:01.363 [main] DEBUG c.e.mapper.LogOffsetMapper.insertLog - ==> Parameters: 2025-08-20 09:10:01.3624149(Timestamp), 14:33:46.820(String), [main] DEBUG c.e.mapper.UserMapper.findByUserId - ==>  Preparing: SELECT id , user_id , password , user_name , refresh_token FROM users WHERE user_id = ?(String)
2025-08-20 09:10:01.365 [main] DEBUG c.e.mapper.LogOffsetMapper.insertLog - <==    Updates: 1
2025-08-20 09:10:01.366 [main] DEBUG c.e.mapper.LogOffsetMapper.insertLog - ==>  Preparing: INSERT INTO swg_logs (log_time, level, message) VALUES (?, ?, ?)
2025-08-20 09:10:01.367 [main] DEBUG c.e.mapper.LogOffsetMapper.insertLog - ==> Parameters: 2025-08-20 09:10:01.3659283(Timestamp), 14:33:46.826(String), [main] DEBUG c.e.mapper.UserMapper.findByUserId - ==> Parameters: user123(String)(String)
2025-08-20 09:10:01.368 [main] DEBUG c.e.mapper.LogOffsetMapper.insertLog - <==    Updates: 1
2025-08-20 09:10:01.369 [main] DEBUG c.e.mapper.LogOffsetMapper.insertLog - ==>  Preparing: INSERT INTO swg_logs (log_time, level, message) VALUES (?, ?, ?)
2025-08-20 09:10:01.371 [main] DEBUG c.e.mapper.LogOffsetMapper.insertLog - ==> Parameters: 2025-08-20 09:10:01.3699307(Timestamp), 14:33:46.834(String), [main] DEBUG c.e.mapper.UserMapper.findByUserId - <==      Total: 1(String)
2025-08-20 09:10:01.372 [main] DEBUG c.e.mapper.LogOffsetMapper.insertLog - <==    Updates: 1
2025-08-20 09:10:01.373 [main] DEBUG c.e.mapper.LogOffsetMapper.insertLog - ==>  Preparing: INSERT INTO swg_logs (log_time, level, message) VALUES (?, ?, ?)
2025-08-20 09:10:01.375 [main] DEBUG c.e.mapper.LogOffsetMapper.insertLog - ==> Parameters: 2025-08-20 09:10:01.3739306(Timestamp), 14:33:46.836(String), [main] DEBUG c.e.mapper.UserMapper.findByUserId - ==>  Preparing: SELECT id , user_id , password , user_name , refresh_token FROM users WHERE user_id = ?(String)
2025-08-20 09:10:01.376 [main] DEBUG c.e.mapper.LogOffsetMapper.insertLog - <==    Updates: 1
2025-08-20 09:10:01.377 [main] DEBUG c.e.mapper.LogOffsetMapper.insertLog - ==>  Preparing: INSERT INTO swg_logs (log_time, level, message) VALUES (?, ?, ?)
2025-08-20 09:10:01.379 [main] DEBUG c.e.mapper.LogOffsetMapper.insertLog - ==> Parameters: 2025-08-20 09:10:01.3779761(Timestamp), 14:33:46.837(String), [main] DEBUG c.e.mapper.UserMapper.findByUserId - ==> Parameters: admin123(String)(String)
2025-08-20 09:10:01.380 [main] DEBUG c.e.mapper.LogOffsetMapper.insertLog - <==    Updates: 1
2025-08-20 09:10:01.381 [main] DEBUG c.e.mapper.LogOffsetMapper.insertLog - ==>  Preparing: INSERT INTO swg_logs (log_time, level, message) VALUES (?, ?, ?)
2025-08-20 09:10:01.382 [main] DEBUG c.e.mapper.LogOffsetMapper.insertLog - ==> Parameters: 2025-08-20 09:10:01.3819762(Timestamp), 14:33:46.838(String), [main] DEBUG c.e.mapper.UserMapper.findByUserId - <==      Total: 1(String)
2025-08-20 09:10:01.385 [main] DEBUG c.e.mapper.LogOffsetMapper.insertLog - <==    Updates: 1
2025-08-20 09:10:01.386 [main] DEBUG c.e.mapper.LogOffsetMapper.insertLog - ==>  Preparing: INSERT INTO swg_logs (log_time, level, message) VALUES (?, ?, ?)
2025-08-20 09:10:01.387 [main] DEBUG c.e.mapper.LogOffsetMapper.insertLog - ==> Parameters: 2025-08-20 09:10:01.3864834(Timestamp), 14:33:47.308(String), [main] DEBUG c.e.mapper.BoardMapper.insertBoard - ==>  Preparing: INSERT INTO board (post_type, title, content, writer, created_at, updated_at) VALUES (?, ?, ?, ?, NOW(), NOW())(String)
2025-08-20 09:10:01.388 [main] DEBUG c.e.mapper.LogOffsetMapper.insertLog - <==    Updates: 1
2025-08-20 09:10:01.389 [main] DEBUG c.e.mapper.LogOffsetMapper.insertLog - ==>  Preparing: INSERT INTO swg_logs (log_time, level, message) VALUES (?, ?, ?)
2025-08-20 09:10:01.391 [main] DEBUG c.e.mapper.LogOffsetMapper.insertLog - ==> Parameters: 2025-08-20 09:10:01.3899881(Timestamp), 14:33:47.308(String), [main] DEBUG c.e.mapper.BoardMapper.insertBoard - ==> Parameters: null, 테스트 제목입니다.(String), 냉무(String), 1(Long)(String)
2025-08-20 09:10:01.392 [main] DEBUG c.e.mapper.LogOffsetMapper.insertLog - <==    Updates: 1
2025-08-20 09:10:01.393 [main] DEBUG c.e.mapper.LogOffsetMapper.insertLog - ==>  Preparing: INSERT INTO swg_logs (log_time, level, message) VALUES (?, ?, ?)
2025-08-20 09:10:01.395 [main] DEBUG c.e.mapper.LogOffsetMapper.insertLog - ==> Parameters: 2025-08-20 09:10:01.3939988(Timestamp), 14:33:47.310(String), [main] DEBUG c.e.mapper.BoardMapper.insertBoard - <==    Updates: 1(String)
2025-08-20 09:10:01.396 [main] DEBUG c.e.mapper.LogOffsetMapper.insertLog - <==    Updates: 1
2025-08-20 09:10:01.397 [main] DEBUG c.e.mapper.LogOffsetMapper.insertLog - ==>  Preparing: INSERT INTO swg_logs (log_time, level, message) VALUES (?, ?, ?)
2025-08-20 09:10:01.399 [main] DEBUG c.e.mapper.LogOffsetMapper.insertLog - ==> Parameters: 2025-08-20 09:10:01.3977579(Timestamp), 14:33:47.313(String), [main] DEBUG c.e.m.A.insertAttachment - ==>  Preparing: INSERT INTO attachment (board_id, original_name, saved_name, file_path, file_size, uploaded_at) VALUES (?, ?, ?, ?, ?, NOW())(String)
2025-08-20 09:10:01.400 [main] DEBUG c.e.mapper.LogOffsetMapper.insertLog - <==    Updates: 1
2025-08-20 09:10:01.402 [main] DEBUG c.e.mapper.LogOffsetMapper.insertLog - ==>  Preparing: INSERT INTO swg_logs (log_time, level, message) VALUES (?, ?, ?)
2025-08-20 09:10:01.403 [main] DEBUG c.e.mapper.LogOffsetMapper.insertLog - ==> Parameters: 2025-08-20 09:10:01.4017575(Timestamp), 14:33:47.313(String), [main] DEBUG c.e.m.A.insertAttachment - ==> Parameters: 8(Long), test.txt(String), c80fb6d4-bca0-4208-a4ac-3da29e964ea0_test.txt(String), C:\upload\files\c80fb6d4-bca0-4208-a4ac-3da29e964ea0_test.txt(String), 33(Long)(String)
2025-08-20 09:10:01.404 [main] DEBUG c.e.mapper.LogOffsetMapper.insertLog - <==    Updates: 1
2025-08-20 09:10:01.405 [main] DEBUG c.e.mapper.LogOffsetMapper.insertLog - ==>  Preparing: INSERT INTO swg_logs (log_time, level, message) VALUES (?, ?, ?)
2025-08-20 09:10:01.407 [main] DEBUG c.e.mapper.LogOffsetMapper.insertLog - ==> Parameters: 2025-08-20 09:10:01.4059728(Timestamp), 14:33:47.314(String), [main] DEBUG c.e.m.A.insertAttachment - <==    Updates: 1(String)
2025-08-20 09:10:01.408 [main] DEBUG c.e.mapper.LogOffsetMapper.insertLog - <==    Updates: 1
2025-08-20 09:10:01.409 [main] DEBUG c.e.mapper.LogOffsetMapper.insertLog - ==>  Preparing: INSERT INTO swg_logs (log_time, level, message) VALUES (?, ?, ?)
2025-08-20 09:10:01.411 [main] DEBUG c.e.mapper.LogOffsetMapper.insertLog - ==> Parameters: 2025-08-20 09:10:01.4092395(Timestamp), 14:33:47.330(String), [SpringApplicationShutdownHook] INFO  o.s.s.quartz.SchedulerFactoryBean - Shutting down Quartz Scheduler(String)
2025-08-20 09:10:01.412 [main] DEBUG c.e.mapper.LogOffsetMapper.insertLog - <==    Updates: 1
2025-08-20 09:10:01.413 [main] DEBUG c.e.mapper.LogOffsetMapper.insertLog - ==>  Preparing: INSERT INTO swg_logs (log_time, level, message) VALUES (?, ?, ?)
2025-08-20 09:10:01.415 [main] DEBUG c.e.mapper.LogOffsetMapper.insertLog - ==> Parameters: 2025-08-20 09:10:01.4132393(Timestamp), 14:33:47.331(String), [SpringApplicationShutdownHook] INFO  com.zaxxer.hikari.HikariDataSource - HikariPool-1 - Shutdown initiated...(String)
2025-08-20 09:10:01.416 [main] DEBUG c.e.mapper.LogOffsetMapper.insertLog - <==    Updates: 1
2025-08-20 09:10:01.417 [main] DEBUG c.e.mapper.LogOffsetMapper.insertLog - ==>  Preparing: INSERT INTO swg_logs (log_time, level, message) VALUES (?, ?, ?)
2025-08-20 09:10:01.418 [main] DEBUG c.e.mapper.LogOffsetMapper.insertLog - ==> Parameters: 2025-08-20 09:10:01.4178071(Timestamp), 14:33:47.335(String), [SpringApplicationShutdownHook] INFO  com.zaxxer.hikari.HikariDataSource - HikariPool-1 - Shutdown completed.(String)
2025-08-20 09:10:01.420 [main] DEBUG c.e.mapper.LogOffsetMapper.insertLog - <==    Updates: 1
2025-08-20 09:10:01.421 [main] DEBUG c.e.mapper.LogOffsetMapper.insertLog - ==>  Preparing: INSERT INTO swg_logs (log_time, level, message) VALUES (?, ?, ?)
2025-08-20 09:10:01.422 [main] DEBUG c.e.mapper.LogOffsetMapper.insertLog - ==> Parameters: 2025-08-20 09:10:01.4208074(Timestamp), 14:34:19.899(String), [background-preinit] INFO  o.h.validator.internal.util.Version - HV000001: Hibernate Validator 8.0.2.Final(String)
2025-08-20 09:10:01.423 [main] DEBUG c.e.mapper.LogOffsetMapper.insertLog - <==    Updates: 1
2025-08-20 09:10:01.425 [main] DEBUG c.e.mapper.LogOffsetMapper.insertLog - ==>  Preparing: INSERT INTO swg_logs (log_time, level, message) VALUES (?, ?, ?)
2025-08-20 09:10:01.426 [main] DEBUG c.e.mapper.LogOffsetMapper.insertLog - ==> Parameters: 2025-08-20 09:10:01.4248072(Timestamp), 14:34:19.928(String), [main] INFO  c.example.service.BoardServiceTest - Starting BoardServiceTest using Java 17.0.3 with PID 23608 (started by lshan in C:\Users\lshan\git\base-project\demo-1)(String)
2025-08-20 09:10:01.427 [main] DEBUG c.e.mapper.LogOffsetMapper.insertLog - <==    Updates: 1
2025-08-20 09:10:01.428 [main] DEBUG c.e.mapper.LogOffsetMapper.insertLog - ==>  Preparing: INSERT INTO swg_logs (log_time, level, message) VALUES (?, ?, ?)
2025-08-20 09:10:01.430 [main] DEBUG c.e.mapper.LogOffsetMapper.insertLog - ==> Parameters: 2025-08-20 09:10:01.4288301(Timestamp), 14:34:19.928(String), [main] DEBUG c.example.service.BoardServiceTest - Running with Spring Boot v3.4.4, Spring v6.2.5(String)
2025-08-20 09:10:01.431 [main] DEBUG c.e.mapper.LogOffsetMapper.insertLog - <==    Updates: 1
2025-08-20 09:10:01.432 [main] DEBUG c.e.mapper.LogOffsetMapper.insertLog - ==>  Preparing: INSERT INTO swg_logs (log_time, level, message) VALUES (?, ?, ?)
2025-08-20 09:10:01.435 [main] DEBUG c.e.mapper.LogOffsetMapper.insertLog - ==> Parameters: 2025-08-20 09:10:01.4328302(Timestamp), 14:34:19.928(String), [main] INFO  c.example.service.BoardServiceTest - No active profile set, falling back to 1 default profile: "default"(String)
2025-08-20 09:10:01.436 [main] DEBUG c.e.mapper.LogOffsetMapper.insertLog - <==    Updates: 1
2025-08-20 09:10:01.437 [main] DEBUG c.e.mapper.LogOffsetMapper.insertLog - ==>  Preparing: INSERT INTO swg_logs (log_time, level, message) VALUES (?, ?, ?)
2025-08-20 09:10:01.438 [main] DEBUG c.e.mapper.LogOffsetMapper.insertLog - ==> Parameters: 2025-08-20 09:10:01.4375156(Timestamp), 14:34:20.791(String), [main] INFO  com.zaxxer.hikari.HikariDataSource - HikariPool-1 - Starting...(String)
2025-08-20 09:10:01.440 [main] DEBUG c.e.mapper.LogOffsetMapper.insertLog - <==    Updates: 1
2025-08-20 09:10:01.441 [main] DEBUG c.e.mapper.LogOffsetMapper.insertLog - ==>  Preparing: INSERT INTO swg_logs (log_time, level, message) VALUES (?, ?, ?)
2025-08-20 09:10:01.442 [main] DEBUG c.e.mapper.LogOffsetMapper.insertLog - ==> Parameters: 2025-08-20 09:10:01.4405154(Timestamp), 14:34:20.916(String), [main] INFO  com.zaxxer.hikari.pool.HikariPool - HikariPool-1 - Added connection com.mysql.cj.jdbc.ConnectionImpl@27ab206(String)
2025-08-20 09:10:01.443 [main] DEBUG c.e.mapper.LogOffsetMapper.insertLog - <==    Updates: 1
2025-08-20 09:10:01.445 [main] DEBUG c.e.mapper.LogOffsetMapper.insertLog - ==>  Preparing: INSERT INTO swg_logs (log_time, level, message) VALUES (?, ?, ?)
2025-08-20 09:10:01.447 [main] DEBUG c.e.mapper.LogOffsetMapper.insertLog - ==> Parameters: 2025-08-20 09:10:01.4450758(Timestamp), 14:34:20.917(String), [main] INFO  com.zaxxer.hikari.HikariDataSource - HikariPool-1 - Start completed.(String)
2025-08-20 09:10:01.448 [main] DEBUG c.e.mapper.LogOffsetMapper.insertLog - <==    Updates: 1
2025-08-20 09:10:01.449 [main] DEBUG c.e.mapper.LogOffsetMapper.insertLog - ==>  Preparing: INSERT INTO swg_logs (log_time, level, message) VALUES (?, ?, ?)
2025-08-20 09:10:01.451 [main] DEBUG c.e.mapper.LogOffsetMapper.insertLog - ==> Parameters: 2025-08-20 09:10:01.4493566(Timestamp), 14:34:21.679(String), [main] INFO  o.s.s.c.a.a.c.InitializeUserDetailsBeanManagerConfigurer$InitializeUserDetailsManagerConfigurer - Global AuthenticationManager configured with UserDetailsService bean with name userDetailsServiceImpl(String)
2025-08-20 09:10:01.452 [main] DEBUG c.e.mapper.LogOffsetMapper.insertLog - <==    Updates: 1
2025-08-20 09:10:01.453 [main] DEBUG c.e.mapper.LogOffsetMapper.insertLog - ==>  Preparing: INSERT INTO swg_logs (log_time, level, message) VALUES (?, ?, ?)
2025-08-20 09:10:01.454 [main] DEBUG c.e.mapper.LogOffsetMapper.insertLog - ==> Parameters: 2025-08-20 09:10:01.4533566(Timestamp), 14:34:21.920(String), [main] INFO  o.s.s.quartz.LocalDataSourceJobStore - Using db table-based data access locking (synchronization).(String)
2025-08-20 09:10:01.456 [main] DEBUG c.e.mapper.LogOffsetMapper.insertLog - <==    Updates: 1
2025-08-20 09:10:01.457 [main] DEBUG c.e.mapper.LogOffsetMapper.insertLog - ==>  Preparing: INSERT INTO swg_logs (log_time, level, message) VALUES (?, ?, ?)
2025-08-20 09:10:01.459 [main] DEBUG c.e.mapper.LogOffsetMapper.insertLog - ==> Parameters: 2025-08-20 09:10:01.4572528(Timestamp), 14:34:21.924(String), [main] INFO  o.s.s.quartz.LocalDataSourceJobStore - JobStoreCMT initialized.(String)
2025-08-20 09:10:01.460 [main] DEBUG c.e.mapper.LogOffsetMapper.insertLog - <==    Updates: 1
2025-08-20 09:10:01.461 [main] DEBUG c.e.mapper.LogOffsetMapper.insertLog - ==>  Preparing: INSERT INTO swg_logs (log_time, level, message) VALUES (?, ?, ?)
2025-08-20 09:10:01.463 [main] DEBUG c.e.mapper.LogOffsetMapper.insertLog - ==> Parameters: 2025-08-20 09:10:01.4612507(Timestamp), 14:34:22.586(String), [main] INFO  o.s.s.quartz.SchedulerFactoryBean - Starting Quartz Scheduler now(String)
2025-08-20 09:10:01.464 [main] DEBUG c.e.mapper.LogOffsetMapper.insertLog - <==    Updates: 1
2025-08-20 09:10:01.465 [main] DEBUG c.e.mapper.LogOffsetMapper.insertLog - ==>  Preparing: INSERT INTO swg_logs (log_time, level, message) VALUES (?, ?, ?)
2025-08-20 09:10:01.466 [main] DEBUG c.e.mapper.LogOffsetMapper.insertLog - ==> Parameters: 2025-08-20 09:10:01.4657653(Timestamp), 14:34:22.588(String), [main] INFO  o.s.s.quartz.LocalDataSourceJobStore - Freed 0 triggers from 'acquired' / 'blocked' state.(String)
2025-08-20 09:10:01.468 [main] DEBUG c.e.mapper.LogOffsetMapper.insertLog - <==    Updates: 1
2025-08-20 09:10:01.469 [main] DEBUG c.e.mapper.LogOffsetMapper.insertLog - ==>  Preparing: INSERT INTO swg_logs (log_time, level, message) VALUES (?, ?, ?)
2025-08-20 09:10:01.470 [main] DEBUG c.e.mapper.LogOffsetMapper.insertLog - ==> Parameters: 2025-08-20 09:10:01.4698393(Timestamp), 14:34:22.590(String), [main] INFO  o.s.s.quartz.LocalDataSourceJobStore - Recovering 0 jobs that were in-progress at the time of the last shut-down.(String)
2025-08-20 09:10:01.471 [main] DEBUG c.e.mapper.LogOffsetMapper.insertLog - <==    Updates: 1
2025-08-20 09:10:01.472 [main] DEBUG c.e.mapper.LogOffsetMapper.insertLog - ==>  Preparing: INSERT INTO swg_logs (log_time, level, message) VALUES (?, ?, ?)
2025-08-20 09:10:01.475 [main] DEBUG c.e.mapper.LogOffsetMapper.insertLog - ==> Parameters: 2025-08-20 09:10:01.4728398(Timestamp), 14:34:22.590(String), [main] INFO  o.s.s.quartz.LocalDataSourceJobStore - Recovery complete.(String)
2025-08-20 09:10:01.476 [main] DEBUG c.e.mapper.LogOffsetMapper.insertLog - <==    Updates: 1
2025-08-20 09:10:01.477 [main] DEBUG c.e.mapper.LogOffsetMapper.insertLog - ==>  Preparing: INSERT INTO swg_logs (log_time, level, message) VALUES (?, ?, ?)
2025-08-20 09:10:01.478 [main] DEBUG c.e.mapper.LogOffsetMapper.insertLog - ==> Parameters: 2025-08-20 09:10:01.4767472(Timestamp), 14:34:22.590(String), [main] INFO  o.s.s.quartz.LocalDataSourceJobStore - Removed 0 'complete' triggers.(String)
2025-08-20 09:10:01.479 [main] DEBUG c.e.mapper.LogOffsetMapper.insertLog - <==    Updates: 1
2025-08-20 09:10:01.480 [main] DEBUG c.e.mapper.LogOffsetMapper.insertLog - ==>  Preparing: INSERT INTO swg_logs (log_time, level, message) VALUES (?, ?, ?)
2025-08-20 09:10:01.482 [main] DEBUG c.e.mapper.LogOffsetMapper.insertLog - ==> Parameters: 2025-08-20 09:10:01.4807471(Timestamp), 14:34:22.590(String), [main] INFO  o.s.s.quartz.LocalDataSourceJobStore - Removed 0 stale fired job entries.(String)
2025-08-20 09:10:01.483 [main] DEBUG c.e.mapper.LogOffsetMapper.insertLog - <==    Updates: 1
2025-08-20 09:10:01.485 [main] DEBUG c.e.mapper.LogOffsetMapper.insertLog - ==>  Preparing: INSERT INTO swg_logs (log_time, level, message) VALUES (?, ?, ?)
2025-08-20 09:10:01.486 [main] DEBUG c.e.mapper.LogOffsetMapper.insertLog - ==> Parameters: 2025-08-20 09:10:01.4847471(Timestamp), 14:34:22.600(String), [main] INFO  c.example.service.BoardServiceTest - Started BoardServiceTest in 2.926 seconds (process running for 3.588)(String)
2025-08-20 09:10:01.488 [main] DEBUG c.e.mapper.LogOffsetMapper.insertLog - <==    Updates: 1
2025-08-20 09:10:01.489 [main] DEBUG c.e.mapper.LogOffsetMapper.insertLog - ==>  Preparing: INSERT INTO swg_logs (log_time, level, message) VALUES (?, ?, ?)
2025-08-20 09:10:01.490 [main] DEBUG c.e.mapper.LogOffsetMapper.insertLog - ==> Parameters: 2025-08-20 09:10:01.4892537(Timestamp), 14:34:22.611(String), [main] DEBUG c.e.mapper.UserMapper.findByUserId - ==>  Preparing: SELECT id , user_id , password , user_name , refresh_token FROM users WHERE user_id = ?(String)
2025-08-20 09:10:01.492 [main] DEBUG c.e.mapper.LogOffsetMapper.insertLog - <==    Updates: 1
2025-08-20 09:10:01.493 [main] DEBUG c.e.mapper.LogOffsetMapper.insertLog - ==>  Preparing: INSERT INTO swg_logs (log_time, level, message) VALUES (?, ?, ?)
2025-08-20 09:10:01.495 [main] DEBUG c.e.mapper.LogOffsetMapper.insertLog - ==> Parameters: 2025-08-20 09:10:01.493543(Timestamp), 14:34:22.617(String), [main] DEBUG c.e.mapper.UserMapper.findByUserId - ==> Parameters: user123(String)(String)
2025-08-20 09:10:01.496 [main] DEBUG c.e.mapper.LogOffsetMapper.insertLog - <==    Updates: 1
2025-08-20 09:10:01.497 [main] DEBUG c.e.mapper.LogOffsetMapper.insertLog - ==>  Preparing: INSERT INTO swg_logs (log_time, level, message) VALUES (?, ?, ?)
2025-08-20 09:10:01.499 [main] DEBUG c.e.mapper.LogOffsetMapper.insertLog - ==> Parameters: 2025-08-20 09:10:01.4972986(Timestamp), 14:34:22.624(String), [main] DEBUG c.e.mapper.UserMapper.findByUserId - <==      Total: 1(String)
2025-08-20 09:10:01.500 [main] DEBUG c.e.mapper.LogOffsetMapper.insertLog - <==    Updates: 1
2025-08-20 09:10:01.501 [main] DEBUG c.e.mapper.LogOffsetMapper.insertLog - ==>  Preparing: INSERT INTO swg_logs (log_time, level, message) VALUES (?, ?, ?)
2025-08-20 09:10:01.503 [main] DEBUG c.e.mapper.LogOffsetMapper.insertLog - ==> Parameters: 2025-08-20 09:10:01.5012989(Timestamp), 14:34:22.624(String), [main] DEBUG c.e.mapper.UserMapper.findByUserId - ==>  Preparing: SELECT id , user_id , password , user_name , refresh_token FROM users WHERE user_id = ?(String)
2025-08-20 09:10:01.503 [main] DEBUG c.e.mapper.LogOffsetMapper.insertLog - <==    Updates: 1
2025-08-20 09:10:01.504 [main] DEBUG c.e.mapper.LogOffsetMapper.insertLog - ==>  Preparing: INSERT INTO swg_logs (log_time, level, message) VALUES (?, ?, ?)
2025-08-20 09:10:01.506 [main] DEBUG c.e.mapper.LogOffsetMapper.insertLog - ==> Parameters: 2025-08-20 09:10:01.5048035(Timestamp), 14:34:22.625(String), [main] DEBUG c.e.mapper.UserMapper.findByUserId - ==> Parameters: admin123(String)(String)
2025-08-20 09:10:01.507 [main] DEBUG c.e.mapper.LogOffsetMapper.insertLog - <==    Updates: 1
2025-08-20 09:10:01.508 [main] DEBUG c.e.mapper.LogOffsetMapper.insertLog - ==>  Preparing: INSERT INTO swg_logs (log_time, level, message) VALUES (?, ?, ?)
2025-08-20 09:10:01.510 [main] DEBUG c.e.mapper.LogOffsetMapper.insertLog - ==> Parameters: 2025-08-20 09:10:01.5089785(Timestamp), 14:34:22.625(String), [main] DEBUG c.e.mapper.UserMapper.findByUserId - <==      Total: 1(String)
2025-08-20 09:10:01.511 [main] DEBUG c.e.mapper.LogOffsetMapper.insertLog - <==    Updates: 1
2025-08-20 09:10:01.512 [main] DEBUG c.e.mapper.LogOffsetMapper.insertLog - ==>  Preparing: INSERT INTO swg_logs (log_time, level, message) VALUES (?, ?, ?)
2025-08-20 09:10:01.514 [main] DEBUG c.e.mapper.LogOffsetMapper.insertLog - ==> Parameters: 2025-08-20 09:10:01.5129782(Timestamp), 14:34:23.044(String), [main] DEBUG c.e.m.BoardMapper.selectBoardList - ==>  Preparing: SELECT * FROM board ORDER BY created_at DESC LIMIT ? OFFSET ?(String)
2025-08-20 09:10:01.516 [main] DEBUG c.e.mapper.LogOffsetMapper.insertLog - <==    Updates: 1
2025-08-20 09:10:01.517 [main] DEBUG c.e.mapper.LogOffsetMapper.insertLog - ==>  Preparing: INSERT INTO swg_logs (log_time, level, message) VALUES (?, ?, ?)
2025-08-20 09:10:01.518 [main] DEBUG c.e.mapper.LogOffsetMapper.insertLog - ==> Parameters: 2025-08-20 09:10:01.5162236(Timestamp), 14:34:23.044(String), [main] DEBUG c.e.m.BoardMapper.selectBoardList - ==> Parameters: 10(Integer), 0(Integer)(String)
2025-08-20 09:10:01.519 [main] DEBUG c.e.mapper.LogOffsetMapper.insertLog - <==    Updates: 1
2025-08-20 09:10:01.520 [main] DEBUG c.e.mapper.LogOffsetMapper.insertLog - ==>  Preparing: INSERT INTO swg_logs (log_time, level, message) VALUES (?, ?, ?)
2025-08-20 09:10:01.522 [main] DEBUG c.e.mapper.LogOffsetMapper.insertLog - ==> Parameters: 2025-08-20 09:10:01.5202229(Timestamp), 14:34:23.054(String), [main] DEBUG c.e.m.BoardMapper.selectBoardList - <==      Total: 5(String)
2025-08-20 09:10:01.523 [main] DEBUG c.e.mapper.LogOffsetMapper.insertLog - <==    Updates: 1
2025-08-20 09:10:01.524 [main] DEBUG c.e.mapper.LogOffsetMapper.insertLog - ==>  Preparing: INSERT INTO swg_logs (log_time, level, message) VALUES (?, ?, ?)
2025-08-20 09:10:01.525 [main] DEBUG c.e.mapper.LogOffsetMapper.insertLog - ==> Parameters: 2025-08-20 09:10:01.5232235(Timestamp), 14:34:23.055(String), [main] DEBUG c.e.m.C.selectCommentsByBoardId - ==>  Preparing: SELECT * FROM comment WHERE board_id = ? ORDER BY created_at ASC(String)
2025-08-20 09:10:01.526 [main] DEBUG c.e.mapper.LogOffsetMapper.insertLog - <==    Updates: 1
2025-08-20 09:10:01.527 [main] DEBUG c.e.mapper.LogOffsetMapper.insertLog - ==>  Preparing: INSERT INTO swg_logs (log_time, level, message) VALUES (?, ?, ?)
2025-08-20 09:10:01.528 [main] DEBUG c.e.mapper.LogOffsetMapper.insertLog - ==> Parameters: 2025-08-20 09:10:01.5279932(Timestamp), 14:34:23.056(String), [main] DEBUG c.e.m.C.selectCommentsByBoardId - ==> Parameters: 8(Long)(String)
2025-08-20 09:10:01.529 [main] DEBUG c.e.mapper.LogOffsetMapper.insertLog - <==    Updates: 1
2025-08-20 09:10:01.530 [main] DEBUG c.e.mapper.LogOffsetMapper.insertLog - ==>  Preparing: INSERT INTO swg_logs (log_time, level, message) VALUES (?, ?, ?)
2025-08-20 09:10:01.532 [main] DEBUG c.e.mapper.LogOffsetMapper.insertLog - ==> Parameters: 2025-08-20 09:10:01.5309933(Timestamp), 14:34:23.057(String), [main] DEBUG c.e.m.C.selectCommentsByBoardId - <==      Total: 0(String)
2025-08-20 09:10:01.533 [main] DEBUG c.e.mapper.LogOffsetMapper.insertLog - <==    Updates: 1
2025-08-20 09:10:01.534 [main] DEBUG c.e.mapper.LogOffsetMapper.insertLog - ==>  Preparing: INSERT INTO swg_logs (log_time, level, message) VALUES (?, ?, ?)
2025-08-20 09:10:01.536 [main] DEBUG c.e.mapper.LogOffsetMapper.insertLog - ==> Parameters: 2025-08-20 09:10:01.5349933(Timestamp), 14:34:23.058(String), [main] DEBUG c.e.m.A.selectAttachmentsByBoardId - ==>  Preparing: SELECT * FROM attachment WHERE board_id = ?(String)
2025-08-20 09:10:01.537 [main] DEBUG c.e.mapper.LogOffsetMapper.insertLog - <==    Updates: 1
2025-08-20 09:10:01.538 [main] DEBUG c.e.mapper.LogOffsetMapper.insertLog - ==>  Preparing: INSERT INTO swg_logs (log_time, level, message) VALUES (?, ?, ?)
2025-08-20 09:10:01.540 [main] DEBUG c.e.mapper.LogOffsetMapper.insertLog - ==> Parameters: 2025-08-20 09:10:01.5385719(Timestamp), 14:34:23.058(String), [main] DEBUG c.e.m.A.selectAttachmentsByBoardId - ==> Parameters: 8(Long)(String)
2025-08-20 09:10:01.541 [main] DEBUG c.e.mapper.LogOffsetMapper.insertLog - <==    Updates: 1
2025-08-20 09:10:01.542 [main] DEBUG c.e.mapper.LogOffsetMapper.insertLog - ==>  Preparing: INSERT INTO swg_logs (log_time, level, message) VALUES (?, ?, ?)
2025-08-20 09:10:01.543 [main] DEBUG c.e.mapper.LogOffsetMapper.insertLog - ==> Parameters: 2025-08-20 09:10:01.5425718(Timestamp), 14:34:23.059(String), [main] DEBUG c.e.m.A.selectAttachmentsByBoardId - <==      Total: 1(String)
2025-08-20 09:10:01.545 [main] DEBUG c.e.mapper.LogOffsetMapper.insertLog - <==    Updates: 1
2025-08-20 09:10:01.546 [main] DEBUG c.e.mapper.LogOffsetMapper.insertLog - ==>  Preparing: INSERT INTO swg_logs (log_time, level, message) VALUES (?, ?, ?)
2025-08-20 09:10:01.547 [main] DEBUG c.e.mapper.LogOffsetMapper.insertLog - ==> Parameters: 2025-08-20 09:10:01.5460849(Timestamp), 14:34:23.064(String), [main] DEBUG c.e.m.C.selectCommentsByBoardId - ==>  Preparing: SELECT * FROM comment WHERE board_id = ? ORDER BY created_at ASC(String)
2025-08-20 09:10:01.548 [main] DEBUG c.e.mapper.LogOffsetMapper.insertLog - <==    Updates: 1
2025-08-20 09:10:01.549 [main] DEBUG c.e.mapper.LogOffsetMapper.insertLog - ==>  Preparing: INSERT INTO swg_logs (log_time, level, message) VALUES (?, ?, ?)
2025-08-20 09:10:01.551 [main] DEBUG c.e.mapper.LogOffsetMapper.insertLog - ==> Parameters: 2025-08-20 09:10:01.5491963(Timestamp), 14:34:23.065(String), [main] DEBUG c.e.m.C.selectCommentsByBoardId - ==> Parameters: 7(Long)(String)
2025-08-20 09:10:01.552 [main] DEBUG c.e.mapper.LogOffsetMapper.insertLog - <==    Updates: 1
2025-08-20 09:10:01.553 [main] DEBUG c.e.mapper.LogOffsetMapper.insertLog - ==>  Preparing: INSERT INTO swg_logs (log_time, level, message) VALUES (?, ?, ?)
2025-08-20 09:10:01.555 [main] DEBUG c.e.mapper.LogOffsetMapper.insertLog - ==> Parameters: 2025-08-20 09:10:01.5531965(Timestamp), 14:34:23.065(String), [main] DEBUG c.e.m.C.selectCommentsByBoardId - <==      Total: 0(String)
2025-08-20 09:10:01.555 [main] DEBUG c.e.mapper.LogOffsetMapper.insertLog - <==    Updates: 1
2025-08-20 09:10:01.556 [main] DEBUG c.e.mapper.LogOffsetMapper.insertLog - ==>  Preparing: INSERT INTO swg_logs (log_time, level, message) VALUES (?, ?, ?)
2025-08-20 09:10:01.558 [main] DEBUG c.e.mapper.LogOffsetMapper.insertLog - ==> Parameters: 2025-08-20 09:10:01.5563412(Timestamp), 14:34:23.065(String), [main] DEBUG c.e.m.A.selectAttachmentsByBoardId - ==>  Preparing: SELECT * FROM attachment WHERE board_id = ?(String)
2025-08-20 09:10:01.559 [main] DEBUG c.e.mapper.LogOffsetMapper.insertLog - <==    Updates: 1
2025-08-20 09:10:01.560 [main] DEBUG c.e.mapper.LogOffsetMapper.insertLog - ==>  Preparing: INSERT INTO swg_logs (log_time, level, message) VALUES (?, ?, ?)
2025-08-20 09:10:01.562 [main] DEBUG c.e.mapper.LogOffsetMapper.insertLog - ==> Parameters: 2025-08-20 09:10:01.5603417(Timestamp), 14:34:23.067(String), [main] DEBUG c.e.m.A.selectAttachmentsByBoardId - ==> Parameters: 7(Long)(String)
2025-08-20 09:10:01.563 [main] DEBUG c.e.mapper.LogOffsetMapper.insertLog - <==    Updates: 1
2025-08-20 09:10:01.563 [main] DEBUG c.e.mapper.LogOffsetMapper.insertLog - ==>  Preparing: INSERT INTO swg_logs (log_time, level, message) VALUES (?, ?, ?)
2025-08-20 09:10:01.565 [main] DEBUG c.e.mapper.LogOffsetMapper.insertLog - ==> Parameters: 2025-08-20 09:10:01.5633419(Timestamp), 14:34:23.067(String), [main] DEBUG c.e.m.A.selectAttachmentsByBoardId - <==      Total: 1(String)
2025-08-20 09:10:01.565 [main] DEBUG c.e.mapper.LogOffsetMapper.insertLog - <==    Updates: 1
2025-08-20 09:10:01.567 [main] DEBUG c.e.mapper.LogOffsetMapper.insertLog - ==>  Preparing: INSERT INTO swg_logs (log_time, level, message) VALUES (?, ?, ?)
2025-08-20 09:10:01.569 [main] DEBUG c.e.mapper.LogOffsetMapper.insertLog - ==> Parameters: 2025-08-20 09:10:01.5673177(Timestamp), 14:34:23.068(String), [main] DEBUG c.e.m.C.selectCommentsByBoardId - ==>  Preparing: SELECT * FROM comment WHERE board_id = ? ORDER BY created_at ASC(String)
2025-08-20 09:10:01.570 [main] DEBUG c.e.mapper.LogOffsetMapper.insertLog - <==    Updates: 1
2025-08-20 09:10:01.571 [main] DEBUG c.e.mapper.LogOffsetMapper.insertLog - ==>  Preparing: INSERT INTO swg_logs (log_time, level, message) VALUES (?, ?, ?)
2025-08-20 09:10:01.573 [main] DEBUG c.e.mapper.LogOffsetMapper.insertLog - ==> Parameters: 2025-08-20 09:10:01.5714414(Timestamp), 14:34:23.068(String), [main] DEBUG c.e.m.C.selectCommentsByBoardId - ==> Parameters: 6(Long)(String)
2025-08-20 09:10:01.573 [main] DEBUG c.e.mapper.LogOffsetMapper.insertLog - <==    Updates: 1
2025-08-20 09:10:01.574 [main] DEBUG c.e.mapper.LogOffsetMapper.insertLog - ==>  Preparing: INSERT INTO swg_logs (log_time, level, message) VALUES (?, ?, ?)
2025-08-20 09:10:01.576 [main] DEBUG c.e.mapper.LogOffsetMapper.insertLog - ==> Parameters: 2025-08-20 09:10:01.5749479(Timestamp), 14:34:23.069(String), [main] DEBUG c.e.m.C.selectCommentsByBoardId - <==      Total: 0(String)
2025-08-20 09:10:01.577 [main] DEBUG c.e.mapper.LogOffsetMapper.insertLog - <==    Updates: 1
2025-08-20 09:10:01.578 [main] DEBUG c.e.mapper.LogOffsetMapper.insertLog - ==>  Preparing: INSERT INTO swg_logs (log_time, level, message) VALUES (?, ?, ?)
2025-08-20 09:10:01.579 [main] DEBUG c.e.mapper.LogOffsetMapper.insertLog - ==> Parameters: 2025-08-20 09:10:01.5789608(Timestamp), 14:34:23.069(String), [main] DEBUG c.e.m.A.selectAttachmentsByBoardId - ==>  Preparing: SELECT * FROM attachment WHERE board_id = ?(String)
2025-08-20 09:10:01.581 [main] DEBUG c.e.mapper.LogOffsetMapper.insertLog - <==    Updates: 1
2025-08-20 09:10:01.582 [main] DEBUG c.e.mapper.LogOffsetMapper.insertLog - ==>  Preparing: INSERT INTO swg_logs (log_time, level, message) VALUES (?, ?, ?)
2025-08-20 09:10:01.583 [main] DEBUG c.e.mapper.LogOffsetMapper.insertLog - ==> Parameters: 2025-08-20 09:10:01.5819606(Timestamp), 14:34:23.069(String), [main] DEBUG c.e.m.A.selectAttachmentsByBoardId - ==> Parameters: 6(Long)(String)
2025-08-20 09:10:01.584 [main] DEBUG c.e.mapper.LogOffsetMapper.insertLog - <==    Updates: 1
2025-08-20 09:10:01.586 [main] DEBUG c.e.mapper.LogOffsetMapper.insertLog - ==>  Preparing: INSERT INTO swg_logs (log_time, level, message) VALUES (?, ?, ?)
2025-08-20 09:10:01.588 [main] DEBUG c.e.mapper.LogOffsetMapper.insertLog - ==> Parameters: 2025-08-20 09:10:01.5862577(Timestamp), 14:34:23.070(String), [main] DEBUG c.e.m.A.selectAttachmentsByBoardId - <==      Total: 1(String)
2025-08-20 09:10:01.589 [main] DEBUG c.e.mapper.LogOffsetMapper.insertLog - <==    Updates: 1
2025-08-20 09:10:01.590 [main] DEBUG c.e.mapper.LogOffsetMapper.insertLog - ==>  Preparing: INSERT INTO swg_logs (log_time, level, message) VALUES (?, ?, ?)
2025-08-20 09:10:01.592 [main] DEBUG c.e.mapper.LogOffsetMapper.insertLog - ==> Parameters: 2025-08-20 09:10:01.5902568(Timestamp), 14:34:23.070(String), [main] DEBUG c.e.m.C.selectCommentsByBoardId - ==>  Preparing: SELECT * FROM comment WHERE board_id = ? ORDER BY created_at ASC(String)
2025-08-20 09:10:01.593 [main] DEBUG c.e.mapper.LogOffsetMapper.insertLog - <==    Updates: 1
2025-08-20 09:10:01.593 [main] DEBUG c.e.mapper.LogOffsetMapper.insertLog - ==>  Preparing: INSERT INTO swg_logs (log_time, level, message) VALUES (?, ?, ?)
2025-08-20 09:10:01.595 [main] DEBUG c.e.mapper.LogOffsetMapper.insertLog - ==> Parameters: 2025-08-20 09:10:01.5932906(Timestamp), 14:34:23.070(String), [main] DEBUG c.e.m.C.selectCommentsByBoardId - ==> Parameters: 5(Long)(String)
2025-08-20 09:10:01.596 [main] DEBUG c.e.mapper.LogOffsetMapper.insertLog - <==    Updates: 1
2025-08-20 09:10:01.597 [main] DEBUG c.e.mapper.LogOffsetMapper.insertLog - ==>  Preparing: INSERT INTO swg_logs (log_time, level, message) VALUES (?, ?, ?)
2025-08-20 09:10:01.598 [main] DEBUG c.e.mapper.LogOffsetMapper.insertLog - ==> Parameters: 2025-08-20 09:10:01.5968022(Timestamp), 14:34:23.071(String), [main] DEBUG c.e.m.C.selectCommentsByBoardId - <==      Total: 0(String)
2025-08-20 09:10:01.600 [main] DEBUG c.e.mapper.LogOffsetMapper.insertLog - <==    Updates: 1
2025-08-20 09:10:01.601 [main] DEBUG c.e.mapper.LogOffsetMapper.insertLog - ==>  Preparing: INSERT INTO swg_logs (log_time, level, message) VALUES (?, ?, ?)
2025-08-20 09:10:01.602 [main] DEBUG c.e.mapper.LogOffsetMapper.insertLog - ==> Parameters: 2025-08-20 09:10:01.6008021(Timestamp), 14:34:23.071(String), [main] DEBUG c.e.m.A.selectAttachmentsByBoardId - ==>  Preparing: SELECT * FROM attachment WHERE board_id = ?(String)
2025-08-20 09:10:01.603 [main] DEBUG c.e.mapper.LogOffsetMapper.insertLog - <==    Updates: 1
2025-08-20 09:10:01.604 [main] DEBUG c.e.mapper.LogOffsetMapper.insertLog - ==>  Preparing: INSERT INTO swg_logs (log_time, level, message) VALUES (?, ?, ?)
2025-08-20 09:10:01.605 [main] DEBUG c.e.mapper.LogOffsetMapper.insertLog - ==> Parameters: 2025-08-20 09:10:01.6048021(Timestamp), 14:34:23.071(String), [main] DEBUG c.e.m.A.selectAttachmentsByBoardId - ==> Parameters: 5(Long)(String)
2025-08-20 09:10:01.608 [main] DEBUG c.e.mapper.LogOffsetMapper.insertLog - <==    Updates: 1
2025-08-20 09:10:01.608 [main] DEBUG c.e.mapper.LogOffsetMapper.insertLog - ==>  Preparing: INSERT INTO swg_logs (log_time, level, message) VALUES (?, ?, ?)
2025-08-20 09:10:01.610 [main] DEBUG c.e.mapper.LogOffsetMapper.insertLog - ==> Parameters: 2025-08-20 09:10:01.6080098(Timestamp), 14:34:23.072(String), [main] DEBUG c.e.m.A.selectAttachmentsByBoardId - <==      Total: 1(String)
2025-08-20 09:10:01.611 [main] DEBUG c.e.mapper.LogOffsetMapper.insertLog - <==    Updates: 1
2025-08-20 09:10:01.612 [main] DEBUG c.e.mapper.LogOffsetMapper.insertLog - ==>  Preparing: INSERT INTO swg_logs (log_time, level, message) VALUES (?, ?, ?)
2025-08-20 09:10:01.614 [main] DEBUG c.e.mapper.LogOffsetMapper.insertLog - ==> Parameters: 2025-08-20 09:10:01.6120098(Timestamp), 14:34:23.072(String), [main] DEBUG c.e.m.C.selectCommentsByBoardId - ==>  Preparing: SELECT * FROM comment WHERE board_id = ? ORDER BY created_at ASC(String)
2025-08-20 09:10:01.615 [main] DEBUG c.e.mapper.LogOffsetMapper.insertLog - <==    Updates: 1
2025-08-20 09:10:01.615 [main] DEBUG c.e.mapper.LogOffsetMapper.insertLog - ==>  Preparing: INSERT INTO swg_logs (log_time, level, message) VALUES (?, ?, ?)
2025-08-20 09:10:01.617 [main] DEBUG c.e.mapper.LogOffsetMapper.insertLog - ==> Parameters: 2025-08-20 09:10:01.6150098(Timestamp), 14:34:23.072(String), [main] DEBUG c.e.m.C.selectCommentsByBoardId - ==> Parameters: 4(Long)(String)
2025-08-20 09:10:01.618 [main] DEBUG c.e.mapper.LogOffsetMapper.insertLog - <==    Updates: 1
2025-08-20 09:10:01.619 [main] DEBUG c.e.mapper.LogOffsetMapper.insertLog - ==>  Preparing: INSERT INTO swg_logs (log_time, level, message) VALUES (?, ?, ?)
2025-08-20 09:10:01.620 [main] DEBUG c.e.mapper.LogOffsetMapper.insertLog - ==> Parameters: 2025-08-20 09:10:01.6193999(Timestamp), 14:34:23.073(String), [main] DEBUG c.e.m.C.selectCommentsByBoardId - <==      Total: 4(String)
2025-08-20 09:10:01.622 [main] DEBUG c.e.mapper.LogOffsetMapper.insertLog - <==    Updates: 1
2025-08-20 09:10:01.623 [main] DEBUG c.e.mapper.LogOffsetMapper.insertLog - ==>  Preparing: INSERT INTO swg_logs (log_time, level, message) VALUES (?, ?, ?)
2025-08-20 09:10:01.624 [main] DEBUG c.e.mapper.LogOffsetMapper.insertLog - ==> Parameters: 2025-08-20 09:10:01.6223998(Timestamp), 14:34:23.074(String), [main] DEBUG c.e.m.A.selectAttachmentsByBoardId - ==>  Preparing: SELECT * FROM attachment WHERE board_id = ?(String)
2025-08-20 09:10:01.625 [main] DEBUG c.e.mapper.LogOffsetMapper.insertLog - <==    Updates: 1
2025-08-20 09:10:01.625 [main] DEBUG c.e.mapper.LogOffsetMapper.insertLog - ==>  Preparing: INSERT INTO swg_logs (log_time, level, message) VALUES (?, ?, ?)
2025-08-20 09:10:01.628 [main] DEBUG c.e.mapper.LogOffsetMapper.insertLog - ==> Parameters: 2025-08-20 09:10:01.6259125(Timestamp), 14:34:23.074(String), [main] DEBUG c.e.m.A.selectAttachmentsByBoardId - ==> Parameters: 4(Long)(String)
2025-08-20 09:10:01.629 [main] DEBUG c.e.mapper.LogOffsetMapper.insertLog - <==    Updates: 1
2025-08-20 09:10:01.630 [main] DEBUG c.e.mapper.LogOffsetMapper.insertLog - ==>  Preparing: INSERT INTO swg_logs (log_time, level, message) VALUES (?, ?, ?)
2025-08-20 09:10:01.631 [main] DEBUG c.e.mapper.LogOffsetMapper.insertLog - ==> Parameters: 2025-08-20 09:10:01.6302388(Timestamp), 14:34:23.075(String), [main] DEBUG c.e.m.A.selectAttachmentsByBoardId - <==      Total: 1(String)
2025-08-20 09:10:01.632 [main] DEBUG c.e.mapper.LogOffsetMapper.insertLog - <==    Updates: 1
2025-08-20 09:10:01.633 [main] DEBUG c.e.mapper.LogOffsetMapper.insertLog - ==>  Preparing: INSERT INTO swg_logs (log_time, level, message) VALUES (?, ?, ?)
2025-08-20 09:10:01.635 [main] DEBUG c.e.mapper.LogOffsetMapper.insertLog - ==> Parameters: 2025-08-20 09:10:01.6338549(Timestamp), 14:34:23.084(String), [main] DEBUG c.e.mapper.BoardMapper.insertBoard - ==>  Preparing: INSERT INTO board (post_type, title, content, writer, created_at, updated_at) VALUES (?, ?, ?, ?, NOW(), NOW())(String)
2025-08-20 09:10:01.636 [main] DEBUG c.e.mapper.LogOffsetMapper.insertLog - <==    Updates: 1
2025-08-20 09:10:01.637 [main] DEBUG c.e.mapper.LogOffsetMapper.insertLog - ==>  Preparing: INSERT INTO swg_logs (log_time, level, message) VALUES (?, ?, ?)
2025-08-20 09:10:01.638 [main] DEBUG c.e.mapper.LogOffsetMapper.insertLog - ==> Parameters: 2025-08-20 09:10:01.6378681(Timestamp), 14:34:23.085(String), [main] DEBUG c.e.mapper.BoardMapper.insertBoard - ==> Parameters: QNA(String), 테스트 제목입니다.(String), 냉무(String), 1(Long)(String)
2025-08-20 09:10:01.640 [main] DEBUG c.e.mapper.LogOffsetMapper.insertLog - <==    Updates: 1
2025-08-20 09:10:01.641 [main] DEBUG c.e.mapper.LogOffsetMapper.insertLog - ==>  Preparing: INSERT INTO swg_logs (log_time, level, message) VALUES (?, ?, ?)
2025-08-20 09:10:01.642 [main] DEBUG c.e.mapper.LogOffsetMapper.insertLog - ==> Parameters: 2025-08-20 09:10:01.6408685(Timestamp), 14:34:23.086(String), [main] DEBUG c.e.mapper.BoardMapper.insertBoard - <==    Updates: 1(String)
2025-08-20 09:10:01.643 [main] DEBUG c.e.mapper.LogOffsetMapper.insertLog - <==    Updates: 1
2025-08-20 09:10:01.645 [main] DEBUG c.e.mapper.LogOffsetMapper.insertLog - ==>  Preparing: INSERT INTO swg_logs (log_time, level, message) VALUES (?, ?, ?)
2025-08-20 09:10:01.646 [main] DEBUG c.e.mapper.LogOffsetMapper.insertLog - ==> Parameters: 2025-08-20 09:10:01.6448684(Timestamp), 14:34:23.089(String), [main] DEBUG c.e.m.A.insertAttachment - ==>  Preparing: INSERT INTO attachment (board_id, original_name, saved_name, file_path, file_size, uploaded_at) VALUES (?, ?, ?, ?, ?, NOW())(String)
2025-08-20 09:10:01.648 [main] DEBUG c.e.mapper.LogOffsetMapper.insertLog - <==    Updates: 1
2025-08-20 09:10:01.649 [main] DEBUG c.e.mapper.LogOffsetMapper.insertLog - ==>  Preparing: INSERT INTO swg_logs (log_time, level, message) VALUES (?, ?, ?)
2025-08-20 09:10:01.651 [main] DEBUG c.e.mapper.LogOffsetMapper.insertLog - ==> Parameters: 2025-08-20 09:10:01.6490046(Timestamp), 14:34:23.090(String), [main] DEBUG c.e.m.A.insertAttachment - ==> Parameters: 9(Long), test.txt(String), 4db65e1c-0579-4861-906a-7f72d8c5ea28_test.txt(String), C:\upload\files\4db65e1c-0579-4861-906a-7f72d8c5ea28_test.txt(String), 33(Long)(String)
2025-08-20 09:10:01.652 [main] DEBUG c.e.mapper.LogOffsetMapper.insertLog - <==    Updates: 1
2025-08-20 09:10:01.653 [main] DEBUG c.e.mapper.LogOffsetMapper.insertLog - ==>  Preparing: INSERT INTO swg_logs (log_time, level, message) VALUES (?, ?, ?)
2025-08-20 09:10:01.655 [main] DEBUG c.e.mapper.LogOffsetMapper.insertLog - ==> Parameters: 2025-08-20 09:10:01.653008(Timestamp), 14:34:23.090(String), [main] DEBUG c.e.m.A.insertAttachment - <==    Updates: 1(String)
2025-08-20 09:10:01.656 [main] DEBUG c.e.mapper.LogOffsetMapper.insertLog - <==    Updates: 1
2025-08-20 09:10:01.657 [main] DEBUG c.e.mapper.LogOffsetMapper.insertLog - ==>  Preparing: INSERT INTO swg_logs (log_time, level, message) VALUES (?, ?, ?)
2025-08-20 09:10:01.658 [main] DEBUG c.e.mapper.LogOffsetMapper.insertLog - ==> Parameters: 2025-08-20 09:10:01.6562683(Timestamp), 14:34:23.095(String), [main] DEBUG c.e.m.BoardMapper.selectBoardById - ==>  Preparing: SELECT * FROM board WHERE id = ?(String)
2025-08-20 09:10:01.659 [main] DEBUG c.e.mapper.LogOffsetMapper.insertLog - <==    Updates: 1
2025-08-20 09:10:01.660 [main] DEBUG c.e.mapper.LogOffsetMapper.insertLog - ==>  Preparing: INSERT INTO swg_logs (log_time, level, message) VALUES (?, ?, ?)
2025-08-20 09:10:01.662 [main] DEBUG c.e.mapper.LogOffsetMapper.insertLog - ==> Parameters: 2025-08-20 09:10:01.6602682(Timestamp), 14:34:23.095(String), [main] DEBUG c.e.m.BoardMapper.selectBoardById - ==> Parameters: 4(Long)(String)
2025-08-20 09:10:01.663 [main] DEBUG c.e.mapper.LogOffsetMapper.insertLog - <==    Updates: 1
2025-08-20 09:10:01.664 [main] DEBUG c.e.mapper.LogOffsetMapper.insertLog - ==>  Preparing: INSERT INTO swg_logs (log_time, level, message) VALUES (?, ?, ?)
2025-08-20 09:10:01.665 [main] DEBUG c.e.mapper.LogOffsetMapper.insertLog - ==> Parameters: 2025-08-20 09:10:01.6632684(Timestamp), 14:34:23.096(String), [main] DEBUG c.e.m.BoardMapper.selectBoardById - <==      Total: 1(String)
2025-08-20 09:10:01.667 [main] DEBUG c.e.mapper.LogOffsetMapper.insertLog - <==    Updates: 1
2025-08-20 09:10:01.668 [main] DEBUG c.e.mapper.LogOffsetMapper.insertLog - ==>  Preparing: INSERT INTO swg_logs (log_time, level, message) VALUES (?, ?, ?)
2025-08-20 09:10:01.670 [main] DEBUG c.e.mapper.LogOffsetMapper.insertLog - ==> Parameters: 2025-08-20 09:10:01.6681726(Timestamp), 14:34:23.103(String), [SpringApplicationShutdownHook] INFO  o.s.s.quartz.SchedulerFactoryBean - Shutting down Quartz Scheduler(String)
2025-08-20 09:10:01.671 [main] DEBUG c.e.mapper.LogOffsetMapper.insertLog - <==    Updates: 1
2025-08-20 09:10:01.672 [main] DEBUG c.e.mapper.LogOffsetMapper.insertLog - ==>  Preparing: INSERT INTO swg_logs (log_time, level, message) VALUES (?, ?, ?)
2025-08-20 09:10:01.673 [main] DEBUG c.e.mapper.LogOffsetMapper.insertLog - ==> Parameters: 2025-08-20 09:10:01.6711728(Timestamp), 14:34:23.104(String), [SpringApplicationShutdownHook] INFO  com.zaxxer.hikari.HikariDataSource - HikariPool-1 - Shutdown initiated...(String)
2025-08-20 09:10:01.674 [main] DEBUG c.e.mapper.LogOffsetMapper.insertLog - <==    Updates: 1
2025-08-20 09:10:01.676 [main] DEBUG c.e.mapper.LogOffsetMapper.insertLog - ==>  Preparing: INSERT INTO swg_logs (log_time, level, message) VALUES (?, ?, ?)
2025-08-20 09:10:01.677 [main] DEBUG c.e.mapper.LogOffsetMapper.insertLog - ==> Parameters: 2025-08-20 09:10:01.6751731(Timestamp), 14:34:23.109(String), [SpringApplicationShutdownHook] INFO  com.zaxxer.hikari.HikariDataSource - HikariPool-1 - Shutdown completed.(String)
2025-08-20 09:10:01.678 [main] DEBUG c.e.mapper.LogOffsetMapper.insertLog - <==    Updates: 1
2025-08-20 09:10:01.679 [main] DEBUG c.e.m.L.updateLogOffset - ==>  Preparing: UPDATE log_offset SET position = ? , last_modified = ? , updated_at=NOW() WHERE file_name = ?
2025-08-20 09:10:01.681 [main] DEBUG c.e.m.L.updateLogOffset - ==> Parameters: 12861(Long), 1755648308832(Long), C:/work/application.log(String)
2025-08-20 09:10:01.681 [main] DEBUG c.e.m.L.updateLogOffset - <==    Updates: 0
2025-08-20 09:10:01.682 [main] DEBUG c.e.m.L.insertLogOffset - ==>  Preparing: INSERT INTO log_offset (file_name, position, last_modified) VALUES (?, ?, ?)
2025-08-20 09:10:01.683 [main] DEBUG c.e.m.L.insertLogOffset - ==> Parameters: C:/work/application.log(String), 12861(Long), 1755648308832(Long)
2025-08-20 09:10:01.685 [main] DEBUG c.e.m.L.insertLogOffset - <==    Updates: 1
2025-08-20 09:10:01.702 [SpringApplicationShutdownHook] INFO  o.s.s.quartz.SchedulerFactoryBean - Shutting down Quartz Scheduler
2025-08-20 09:10:01.703 [SpringApplicationShutdownHook] INFO  com.zaxxer.hikari.HikariDataSource - HikariPool-1 - Shutdown initiated...
2025-08-20 09:10:01.708 [SpringApplicationShutdownHook] INFO  com.zaxxer.hikari.HikariDataSource - HikariPool-1 - Shutdown completed.
2025-08-20 09:10:55.933 [background-preinit] INFO  o.h.validator.internal.util.Version - HV000001: Hibernate Validator 8.0.2.Final
2025-08-20 09:10:55.967 [main] INFO  c.example.service.LogCopyServiceTest - Starting LogCopyServiceTest using Java 17.0.3 with PID 36880 (started by lshan in C:\Users\lshan\git\base-project\demo-1)
2025-08-20 09:10:55.967 [main] DEBUG c.example.service.LogCopyServiceTest - Running with Spring Boot v3.4.4, Spring v6.2.5
2025-08-20 09:10:55.967 [main] INFO  c.example.service.LogCopyServiceTest - No active profile set, falling back to 1 default profile: "default"
2025-08-20 09:10:57.032 [main] INFO  com.zaxxer.hikari.HikariDataSource - HikariPool-1 - Starting...
2025-08-20 09:10:57.189 [main] INFO  com.zaxxer.hikari.pool.HikariPool - HikariPool-1 - Added connection com.mysql.cj.jdbc.ConnectionImpl@159ac15f
2025-08-20 09:10:57.192 [main] INFO  com.zaxxer.hikari.HikariDataSource - HikariPool-1 - Start completed.
2025-08-20 09:10:57.990 [main] INFO  o.s.s.c.a.a.c.InitializeUserDetailsBeanManagerConfigurer$InitializeUserDetailsManagerConfigurer - Global AuthenticationManager configured with UserDetailsService bean with name userDetailsServiceImpl
2025-08-20 09:10:58.228 [main] INFO  o.s.s.quartz.LocalDataSourceJobStore - Using db table-based data access locking (synchronization).
2025-08-20 09:10:58.230 [main] INFO  o.s.s.quartz.LocalDataSourceJobStore - JobStoreCMT initialized.
2025-08-20 09:10:58.933 [main] INFO  o.s.s.quartz.SchedulerFactoryBean - Starting Quartz Scheduler now
2025-08-20 09:10:58.934 [main] INFO  o.s.s.quartz.LocalDataSourceJobStore - Freed 0 triggers from 'acquired' / 'blocked' state.
2025-08-20 09:10:58.936 [main] INFO  o.s.s.quartz.LocalDataSourceJobStore - Recovering 0 jobs that were in-progress at the time of the last shut-down.
2025-08-20 09:10:58.937 [main] INFO  o.s.s.quartz.LocalDataSourceJobStore - Recovery complete.
2025-08-20 09:10:58.937 [main] INFO  o.s.s.quartz.LocalDataSourceJobStore - Removed 0 'complete' triggers.
2025-08-20 09:10:58.938 [main] INFO  o.s.s.quartz.LocalDataSourceJobStore - Removed 0 stale fired job entries.
2025-08-20 09:10:58.953 [main] INFO  c.example.service.LogCopyServiceTest - Started LogCopyServiceTest in 3.281 seconds (process running for 4.223)
2025-08-20 09:10:58.974 [main] DEBUG c.e.mapper.UserMapper.findByUserId - ==>  Preparing: SELECT id , user_id , password , user_name , refresh_token FROM users WHERE user_id = ?
2025-08-20 09:10:58.983 [main] DEBUG c.e.mapper.UserMapper.findByUserId - ==> Parameters: user123(String)
2025-08-20 09:10:58.992 [main] DEBUG c.e.mapper.UserMapper.findByUserId - <==      Total: 1
2025-08-20 09:10:58.993 [main] DEBUG c.e.mapper.UserMapper.findByUserId - ==>  Preparing: SELECT id , user_id , password , user_name , refresh_token FROM users WHERE user_id = ?
2025-08-20 09:10:58.994 [main] DEBUG c.e.mapper.UserMapper.findByUserId - ==> Parameters: admin123(String)
2025-08-20 09:10:58.995 [main] DEBUG c.e.mapper.UserMapper.findByUserId - <==      Total: 1
2025-08-20 09:11:00.019 [schedulerFactoryBean_Worker-1] INFO  com.example.job.LogCopyJob - ⚙️ LogCopyJob 실행 - 2025-08-20T09:11:00.019485
2025-08-20 09:11:00.943 [main] DEBUG c.e.m.LogOffsetMapper.findByFileName - ==>  Preparing: SELECT position , last_modified FROM log_offset WHERE file_name = ?
2025-08-20 09:11:00.951 [main] DEBUG c.e.m.LogOffsetMapper.findByFileName - ==> Parameters: C:/work/application.log(String)
2025-08-20 09:11:00.963 [main] DEBUG c.e.m.LogOffsetMapper.findByFileName - <==      Total: 1
2025-08-20 09:12:00.007 [schedulerFactoryBean_Worker-2] INFO  com.example.job.LogCopyJob - ⚙️ LogCopyJob 실행 - 2025-08-20T09:12:00.007349900
2025-08-20 09:12:05.920 [main] DEBUG c.e.mapper.LogOffsetMapper.insertLog - ==>  Preparing: INSERT INTO swg_logs (log_time, level, message) VALUES (?, ?, ?)
2025-08-20 09:12:05.922 [main] DEBUG c.e.mapper.LogOffsetMapper.insertLog - ==> Parameters: 2025-08-20 09:12:05.9169462(Timestamp), 14:33:43.877(String), [background-preinit] INFO  o.h.validator.internal.util.Version - HV000001: Hibernate Validator 8.0.2.Final 한글이있어요(String)
2025-08-20 09:12:05.933 [main] DEBUG c.e.mapper.LogOffsetMapper.insertLog - <==    Updates: 1
2025-08-20 09:12:05.939 [main] DEBUG c.e.mapper.LogOffsetMapper.insertLog - ==>  Preparing: INSERT INTO swg_logs (log_time, level, message) VALUES (?, ?, ?)
2025-08-20 09:12:05.941 [main] DEBUG c.e.mapper.LogOffsetMapper.insertLog - ==> Parameters: 2025-08-20 09:12:05.9396131(Timestamp), 14:33:43.910(String), [main] INFO  c.example.service.BoardServiceTest - Starting BoardServiceTest using Java 17.0.3 with PID 30300 (started by lshan in C:\Users\lshan\git\base-project\demo-1)(String)
2025-08-20 09:12:05.943 [main] DEBUG c.e.mapper.LogOffsetMapper.insertLog - <==    Updates: 1
2025-08-20 09:12:05.944 [main] DEBUG c.e.mapper.LogOffsetMapper.insertLog - ==>  Preparing: INSERT INTO swg_logs (log_time, level, message) VALUES (?, ?, ?)
2025-08-20 09:12:05.946 [main] DEBUG c.e.mapper.LogOffsetMapper.insertLog - ==> Parameters: 2025-08-20 09:12:05.9447509(Timestamp), 14:33:43.910(String), [main] DEBUG c.example.service.BoardServiceTest - Running with Spring Boot v3.4.4, Spring v6.2.5(String)
2025-08-20 09:12:05.954 [main] DEBUG c.e.mapper.LogOffsetMapper.insertLog - <==    Updates: 1
2025-08-20 09:12:05.955 [main] DEBUG c.e.mapper.LogOffsetMapper.insertLog - ==>  Preparing: INSERT INTO swg_logs (log_time, level, message) VALUES (?, ?, ?)
2025-08-20 09:12:05.957 [main] DEBUG c.e.mapper.LogOffsetMapper.insertLog - ==> Parameters: 2025-08-20 09:12:05.9556386(Timestamp), 14:33:43.911(String), [main] INFO  c.example.service.BoardServiceTest - No active profile set, falling back to 1 default profile: "default"(String)
2025-08-20 09:12:05.959 [main] DEBUG c.e.mapper.LogOffsetMapper.insertLog - <==    Updates: 1
2025-08-20 09:12:05.960 [main] DEBUG c.e.mapper.LogOffsetMapper.insertLog - ==>  Preparing: INSERT INTO swg_logs (log_time, level, message) VALUES (?, ?, ?)
2025-08-20 09:12:05.962 [main] DEBUG c.e.mapper.LogOffsetMapper.insertLog - ==> Parameters: 2025-08-20 09:12:05.9609442(Timestamp), 14:33:44.831(String), [main] INFO  com.zaxxer.hikari.HikariDataSource - HikariPool-1 - Starting...(String)
2025-08-20 09:12:05.963 [main] DEBUG c.e.mapper.LogOffsetMapper.insertLog - <==    Updates: 1
2025-08-20 09:12:05.964 [main] DEBUG c.e.mapper.LogOffsetMapper.insertLog - ==>  Preparing: INSERT INTO swg_logs (log_time, level, message) VALUES (?, ?, ?)
2025-08-20 09:12:05.967 [main] DEBUG c.e.mapper.LogOffsetMapper.insertLog - ==> Parameters: 2025-08-20 09:12:05.9649443(Timestamp), 14:33:44.962(String), [main] INFO  com.zaxxer.hikari.pool.HikariPool - HikariPool-1 - Added connection com.mysql.cj.jdbc.ConnectionImpl@251a90ce(String)
2025-08-20 09:12:05.968 [main] DEBUG c.e.mapper.LogOffsetMapper.insertLog - <==    Updates: 1
2025-08-20 09:12:05.969 [main] DEBUG c.e.mapper.LogOffsetMapper.insertLog - ==>  Preparing: INSERT INTO swg_logs (log_time, level, message) VALUES (?, ?, ?)
2025-08-20 09:12:05.972 [main] DEBUG c.e.mapper.LogOffsetMapper.insertLog - ==> Parameters: 2025-08-20 09:12:05.9691212(Timestamp), 14:33:44.964(String), [main] INFO  com.zaxxer.hikari.HikariDataSource - HikariPool-1 - Start completed.(String)
2025-08-20 09:12:05.973 [main] DEBUG c.e.mapper.LogOffsetMapper.insertLog - <==    Updates: 1
2025-08-20 09:12:05.974 [main] DEBUG c.e.mapper.LogOffsetMapper.insertLog - ==>  Preparing: INSERT INTO swg_logs (log_time, level, message) VALUES (?, ?, ?)
2025-08-20 09:12:05.976 [main] DEBUG c.e.mapper.LogOffsetMapper.insertLog - ==> Parameters: 2025-08-20 09:12:05.9747516(Timestamp), 14:33:45.795(String), [main] INFO  o.s.s.c.a.a.c.InitializeUserDetailsBeanManagerConfigurer$InitializeUserDetailsManagerConfigurer - Global AuthenticationManager configured with UserDetailsService bean with name userDetailsServiceImpl(String)
2025-08-20 09:12:05.977 [main] DEBUG c.e.mapper.LogOffsetMapper.insertLog - <==    Updates: 1
2025-08-20 09:12:05.978 [main] DEBUG c.e.mapper.LogOffsetMapper.insertLog - ==>  Preparing: INSERT INTO swg_logs (log_time, level, message) VALUES (?, ?, ?)
2025-08-20 09:12:05.980 [main] DEBUG c.e.mapper.LogOffsetMapper.insertLog - ==> Parameters: 2025-08-20 09:12:05.9782247(Timestamp), 14:33:46.065(String), [main] INFO  o.s.s.quartz.LocalDataSourceJobStore - Using db table-based data access locking (synchronization).(String)
2025-08-20 09:12:05.981 [main] DEBUG c.e.mapper.LogOffsetMapper.insertLog - <==    Updates: 1
2025-08-20 09:12:05.982 [main] DEBUG c.e.mapper.LogOffsetMapper.insertLog - ==>  Preparing: INSERT INTO swg_logs (log_time, level, message) VALUES (?, ?, ?)
2025-08-20 09:12:05.983 [main] DEBUG c.e.mapper.LogOffsetMapper.insertLog - ==> Parameters: 2025-08-20 09:12:05.9822243(Timestamp), 14:33:46.069(String), [main] INFO  o.s.s.quartz.LocalDataSourceJobStore - JobStoreCMT initialized.(String)
2025-08-20 09:12:05.985 [main] DEBUG c.e.mapper.LogOffsetMapper.insertLog - <==    Updates: 1
2025-08-20 09:12:05.986 [main] DEBUG c.e.mapper.LogOffsetMapper.insertLog - ==>  Preparing: INSERT INTO swg_logs (log_time, level, message) VALUES (?, ?, ?)
2025-08-20 09:12:05.987 [main] DEBUG c.e.mapper.LogOffsetMapper.insertLog - ==> Parameters: 2025-08-20 09:12:05.9867399(Timestamp), 14:33:46.787(String), [main] INFO  o.s.s.quartz.SchedulerFactoryBean - Starting Quartz Scheduler now(String)
2025-08-20 09:12:05.988 [main] DEBUG c.e.mapper.LogOffsetMapper.insertLog - <==    Updates: 1
2025-08-20 09:12:05.991 [main] DEBUG c.e.mapper.LogOffsetMapper.insertLog - ==>  Preparing: INSERT INTO swg_logs (log_time, level, message) VALUES (?, ?, ?)
2025-08-20 09:12:05.993 [main] DEBUG c.e.mapper.LogOffsetMapper.insertLog - ==> Parameters: 2025-08-20 09:12:05.9897399(Timestamp), 14:33:46.789(String), [main] INFO  o.s.s.quartz.LocalDataSourceJobStore - Freed 0 triggers from 'acquired' / 'blocked' state.(String)
2025-08-20 09:12:05.994 [main] DEBUG c.e.mapper.LogOffsetMapper.insertLog - <==    Updates: 1
2025-08-20 09:12:05.995 [main] DEBUG c.e.mapper.LogOffsetMapper.insertLog - ==>  Preparing: INSERT INTO swg_logs (log_time, level, message) VALUES (?, ?, ?)
2025-08-20 09:12:05.998 [main] DEBUG c.e.mapper.LogOffsetMapper.insertLog - ==> Parameters: 2025-08-20 09:12:05.9958582(Timestamp), 14:33:46.791(String), [main] INFO  o.s.s.quartz.LocalDataSourceJobStore - Recovering 0 jobs that were in-progress at the time of the last shut-down.(String)
2025-08-20 09:12:06.001 [main] DEBUG c.e.mapper.LogOffsetMapper.insertLog - <==    Updates: 1
2025-08-20 09:12:06.003 [main] DEBUG c.e.mapper.LogOffsetMapper.insertLog - ==>  Preparing: INSERT INTO swg_logs (log_time, level, message) VALUES (?, ?, ?)
2025-08-20 09:12:06.006 [main] DEBUG c.e.mapper.LogOffsetMapper.insertLog - ==> Parameters: 2025-08-20 09:12:06.003858(Timestamp), 14:33:46.791(String), [main] INFO  o.s.s.quartz.LocalDataSourceJobStore - Recovery complete.(String)
2025-08-20 09:12:06.007 [main] DEBUG c.e.mapper.LogOffsetMapper.insertLog - <==    Updates: 1
2025-08-20 09:12:06.008 [main] DEBUG c.e.mapper.LogOffsetMapper.insertLog - ==>  Preparing: INSERT INTO swg_logs (log_time, level, message) VALUES (?, ?, ?)
2025-08-20 09:12:06.009 [main] DEBUG c.e.mapper.LogOffsetMapper.insertLog - ==> Parameters: 2025-08-20 09:12:06.0082104(Timestamp), 14:33:46.792(String), [main] INFO  o.s.s.quartz.LocalDataSourceJobStore - Removed 0 'complete' triggers.(String)
2025-08-20 09:12:06.010 [main] DEBUG c.e.mapper.LogOffsetMapper.insertLog - <==    Updates: 1
2025-08-20 09:12:06.013 [main] DEBUG c.e.mapper.LogOffsetMapper.insertLog - ==>  Preparing: INSERT INTO swg_logs (log_time, level, message) VALUES (?, ?, ?)
2025-08-20 09:12:06.019 [main] DEBUG c.e.mapper.LogOffsetMapper.insertLog - ==> Parameters: 2025-08-20 09:12:06.0112102(Timestamp), 14:33:46.792(String), [main] INFO  o.s.s.quartz.LocalDataSourceJobStore - Removed 0 stale fired job entries.(String)
2025-08-20 09:12:06.020 [main] DEBUG c.e.mapper.LogOffsetMapper.insertLog - <==    Updates: 1
2025-08-20 09:12:06.023 [main] DEBUG c.e.mapper.LogOffsetMapper.insertLog - ==>  Preparing: INSERT INTO swg_logs (log_time, level, message) VALUES (?, ?, ?)
2025-08-20 09:12:06.025 [main] DEBUG c.e.mapper.LogOffsetMapper.insertLog - ==> Parameters: 2025-08-20 09:12:06.023724(Timestamp), 14:33:46.807(String), [main] INFO  c.example.service.BoardServiceTest - Started BoardServiceTest in 3.14 seconds (process running for 3.821)(String)
2025-08-20 09:12:06.027 [main] DEBUG c.e.mapper.LogOffsetMapper.insertLog - <==    Updates: 1
2025-08-20 09:12:06.028 [main] DEBUG c.e.mapper.LogOffsetMapper.insertLog - ==>  Preparing: INSERT INTO swg_logs (log_time, level, message) VALUES (?, ?, ?)
2025-08-20 09:12:06.030 [main] DEBUG c.e.mapper.LogOffsetMapper.insertLog - ==> Parameters: 2025-08-20 09:12:06.0281446(Timestamp), 14:33:46.820(String), [main] DEBUG c.e.mapper.UserMapper.findByUserId - ==>  Preparing: SELECT id , user_id , password , user_name , refresh_token FROM users WHERE user_id = ?(String)
2025-08-20 09:12:06.031 [main] DEBUG c.e.mapper.LogOffsetMapper.insertLog - <==    Updates: 1
2025-08-20 09:12:06.032 [main] DEBUG c.e.mapper.LogOffsetMapper.insertLog - ==>  Preparing: INSERT INTO swg_logs (log_time, level, message) VALUES (?, ?, ?)
2025-08-20 09:12:06.033 [main] DEBUG c.e.mapper.LogOffsetMapper.insertLog - ==> Parameters: 2025-08-20 09:12:06.0321446(Timestamp), 14:33:46.826(String), [main] DEBUG c.e.mapper.UserMapper.findByUserId - ==> Parameters: user123(String)(String)
2025-08-20 09:12:06.034 [main] DEBUG c.e.mapper.LogOffsetMapper.insertLog - <==    Updates: 1
2025-08-20 09:12:06.035 [main] DEBUG c.e.mapper.LogOffsetMapper.insertLog - ==>  Preparing: INSERT INTO swg_logs (log_time, level, message) VALUES (?, ?, ?)
2025-08-20 09:12:06.037 [main] DEBUG c.e.mapper.LogOffsetMapper.insertLog - ==> Parameters: 2025-08-20 09:12:06.0359373(Timestamp), 14:33:46.834(String), [main] DEBUG c.e.mapper.UserMapper.findByUserId - <==      Total: 1(String)
2025-08-20 09:12:06.038 [main] DEBUG c.e.mapper.LogOffsetMapper.insertLog - <==    Updates: 1
2025-08-20 09:12:06.039 [main] DEBUG c.e.mapper.LogOffsetMapper.insertLog - ==>  Preparing: INSERT INTO swg_logs (log_time, level, message) VALUES (?, ?, ?)
2025-08-20 09:12:06.041 [main] DEBUG c.e.mapper.LogOffsetMapper.insertLog - ==> Parameters: 2025-08-20 09:12:06.0399372(Timestamp), 14:33:46.836(String), [main] DEBUG c.e.mapper.UserMapper.findByUserId - ==>  Preparing: SELECT id , user_id , password , user_name , refresh_token FROM users WHERE user_id = ?(String)
2025-08-20 09:12:06.042 [main] DEBUG c.e.mapper.LogOffsetMapper.insertLog - <==    Updates: 1
2025-08-20 09:12:06.043 [main] DEBUG c.e.mapper.LogOffsetMapper.insertLog - ==>  Preparing: INSERT INTO swg_logs (log_time, level, message) VALUES (?, ?, ?)
2025-08-20 09:12:06.044 [main] DEBUG c.e.mapper.LogOffsetMapper.insertLog - ==> Parameters: 2025-08-20 09:12:06.0439371(Timestamp), 14:33:46.837(String), [main] DEBUG c.e.mapper.UserMapper.findByUserId - ==> Parameters: admin123(String)(String)
2025-08-20 09:12:06.046 [main] DEBUG c.e.mapper.LogOffsetMapper.insertLog - <==    Updates: 1
2025-08-20 09:12:06.047 [main] DEBUG c.e.mapper.LogOffsetMapper.insertLog - ==>  Preparing: INSERT INTO swg_logs (log_time, level, message) VALUES (?, ?, ?)
2025-08-20 09:12:06.049 [main] DEBUG c.e.mapper.LogOffsetMapper.insertLog - ==> Parameters: 2025-08-20 09:12:06.0472119(Timestamp), 14:33:46.838(String), [main] DEBUG c.e.mapper.UserMapper.findByUserId - <==      Total: 1(String)
2025-08-20 09:12:06.050 [main] DEBUG c.e.mapper.LogOffsetMapper.insertLog - <==    Updates: 1
2025-08-20 09:12:06.051 [main] DEBUG c.e.mapper.LogOffsetMapper.insertLog - ==>  Preparing: INSERT INTO swg_logs (log_time, level, message) VALUES (?, ?, ?)
2025-08-20 09:12:06.053 [main] DEBUG c.e.mapper.LogOffsetMapper.insertLog - ==> Parameters: 2025-08-20 09:12:06.0512122(Timestamp), 14:33:47.308(String), [main] DEBUG c.e.mapper.BoardMapper.insertBoard - ==>  Preparing: INSERT INTO board (post_type, title, content, writer, created_at, updated_at) VALUES (?, ?, ?, ?, NOW(), NOW())(String)
2025-08-20 09:12:06.053 [main] DEBUG c.e.mapper.LogOffsetMapper.insertLog - <==    Updates: 1
2025-08-20 09:12:06.054 [main] DEBUG c.e.mapper.LogOffsetMapper.insertLog - ==>  Preparing: INSERT INTO swg_logs (log_time, level, message) VALUES (?, ?, ?)
2025-08-20 09:12:06.056 [main] DEBUG c.e.mapper.LogOffsetMapper.insertLog - ==> Parameters: 2025-08-20 09:12:06.0547176(Timestamp), 14:33:47.308(String), [main] DEBUG c.e.mapper.BoardMapper.insertBoard - ==> Parameters: null, 테스트 제목입니다.(String), 냉무(String), 1(Long)(String)
2025-08-20 09:12:06.058 [main] DEBUG c.e.mapper.LogOffsetMapper.insertLog - <==    Updates: 1
2025-08-20 09:12:06.059 [main] DEBUG c.e.mapper.LogOffsetMapper.insertLog - ==>  Preparing: INSERT INTO swg_logs (log_time, level, message) VALUES (?, ?, ?)
2025-08-20 09:12:06.060 [main] DEBUG c.e.mapper.LogOffsetMapper.insertLog - ==> Parameters: 2025-08-20 09:12:06.059113(Timestamp), 14:33:47.310(String), [main] DEBUG c.e.mapper.BoardMapper.insertBoard - <==    Updates: 1(String)
2025-08-20 09:12:06.061 [main] DEBUG c.e.mapper.LogOffsetMapper.insertLog - <==    Updates: 1
2025-08-20 09:12:06.062 [main] DEBUG c.e.mapper.LogOffsetMapper.insertLog - ==>  Preparing: INSERT INTO swg_logs (log_time, level, message) VALUES (?, ?, ?)
2025-08-20 09:12:06.064 [main] DEBUG c.e.mapper.LogOffsetMapper.insertLog - ==> Parameters: 2025-08-20 09:12:06.0621132(Timestamp), 14:33:47.313(String), [main] DEBUG c.e.m.A.insertAttachment - ==>  Preparing: INSERT INTO attachment (board_id, original_name, saved_name, file_path, file_size, uploaded_at) VALUES (?, ?, ?, ?, ?, NOW())(String)
2025-08-20 09:12:06.065 [main] DEBUG c.e.mapper.LogOffsetMapper.insertLog - <==    Updates: 1
2025-08-20 09:12:06.066 [main] DEBUG c.e.mapper.LogOffsetMapper.insertLog - ==>  Preparing: INSERT INTO swg_logs (log_time, level, message) VALUES (?, ?, ?)
2025-08-20 09:12:06.067 [main] DEBUG c.e.mapper.LogOffsetMapper.insertLog - ==> Parameters: 2025-08-20 09:12:06.0667234(Timestamp), 14:33:47.313(String), [main] DEBUG c.e.m.A.insertAttachment - ==> Parameters: 8(Long), test.txt(String), c80fb6d4-bca0-4208-a4ac-3da29e964ea0_test.txt(String), C:\upload\files\c80fb6d4-bca0-4208-a4ac-3da29e964ea0_test.txt(String), 33(Long)(String)
2025-08-20 09:12:06.069 [main] DEBUG c.e.mapper.LogOffsetMapper.insertLog - <==    Updates: 1
2025-08-20 09:12:06.070 [main] DEBUG c.e.mapper.LogOffsetMapper.insertLog - ==>  Preparing: INSERT INTO swg_logs (log_time, level, message) VALUES (?, ?, ?)
2025-08-20 09:12:06.071 [main] DEBUG c.e.mapper.LogOffsetMapper.insertLog - ==> Parameters: 2025-08-20 09:12:06.0707254(Timestamp), 14:33:47.314(String), [main] DEBUG c.e.m.A.insertAttachment - <==    Updates: 1(String)
2025-08-20 09:12:06.073 [main] DEBUG c.e.mapper.LogOffsetMapper.insertLog - <==    Updates: 1
2025-08-20 09:12:06.074 [main] DEBUG c.e.mapper.LogOffsetMapper.insertLog - ==>  Preparing: INSERT INTO swg_logs (log_time, level, message) VALUES (?, ?, ?)
2025-08-20 09:12:06.075 [main] DEBUG c.e.mapper.LogOffsetMapper.insertLog - ==> Parameters: 2025-08-20 09:12:06.0737254(Timestamp), 14:33:47.330(String), [SpringApplicationShutdownHook] INFO  o.s.s.quartz.SchedulerFactoryBean - Shutting down Quartz Scheduler(String)
2025-08-20 09:12:06.076 [main] DEBUG c.e.mapper.LogOffsetMapper.insertLog - <==    Updates: 1
2025-08-20 09:12:06.078 [main] DEBUG c.e.mapper.LogOffsetMapper.insertLog - ==>  Preparing: INSERT INTO swg_logs (log_time, level, message) VALUES (?, ?, ?)
2025-08-20 09:12:06.079 [main] DEBUG c.e.mapper.LogOffsetMapper.insertLog - ==> Parameters: 2025-08-20 09:12:06.0779101(Timestamp), 14:33:47.331(String), [SpringApplicationShutdownHook] INFO  com.zaxxer.hikari.HikariDataSource - HikariPool-1 - Shutdown initiated...(String)
2025-08-20 09:12:06.080 [main] DEBUG c.e.mapper.LogOffsetMapper.insertLog - <==    Updates: 1
2025-08-20 09:12:06.082 [main] DEBUG c.e.mapper.LogOffsetMapper.insertLog - ==>  Preparing: INSERT INTO swg_logs (log_time, level, message) VALUES (?, ?, ?)
2025-08-20 09:12:06.083 [main] DEBUG c.e.mapper.LogOffsetMapper.insertLog - ==> Parameters: 2025-08-20 09:12:06.0823546(Timestamp), 14:33:47.335(String), [SpringApplicationShutdownHook] INFO  com.zaxxer.hikari.HikariDataSource - HikariPool-1 - Shutdown completed.(String)
2025-08-20 09:12:06.084 [main] DEBUG c.e.mapper.LogOffsetMapper.insertLog - <==    Updates: 1
2025-08-20 09:12:06.085 [main] DEBUG c.e.mapper.LogOffsetMapper.insertLog - ==>  Preparing: INSERT INTO swg_logs (log_time, level, message) VALUES (?, ?, ?)
2025-08-20 09:12:06.087 [main] DEBUG c.e.mapper.LogOffsetMapper.insertLog - ==> Parameters: 2025-08-20 09:12:06.0858723(Timestamp), 14:34:19.899(String), [background-preinit] INFO  o.h.validator.internal.util.Version - HV000001: Hibernate Validator 8.0.2.Final(String)
2025-08-20 09:12:06.088 [main] DEBUG c.e.mapper.LogOffsetMapper.insertLog - <==    Updates: 1
2025-08-20 09:12:06.089 [main] DEBUG c.e.mapper.LogOffsetMapper.insertLog - ==>  Preparing: INSERT INTO swg_logs (log_time, level, message) VALUES (?, ?, ?)
2025-08-20 09:12:06.091 [main] DEBUG c.e.mapper.LogOffsetMapper.insertLog - ==> Parameters: 2025-08-20 09:12:06.0898739(Timestamp), 14:34:19.928(String), [main] INFO  c.example.service.BoardServiceTest - Starting BoardServiceTest using Java 17.0.3 with PID 23608 (started by lshan in C:\Users\lshan\git\base-project\demo-1)(String)
2025-08-20 09:12:06.092 [main] DEBUG c.e.mapper.LogOffsetMapper.insertLog - <==    Updates: 1
2025-08-20 09:12:06.093 [main] DEBUG c.e.mapper.LogOffsetMapper.insertLog - ==>  Preparing: INSERT INTO swg_logs (log_time, level, message) VALUES (?, ?, ?)
2025-08-20 09:12:06.095 [main] DEBUG c.e.mapper.LogOffsetMapper.insertLog - ==> Parameters: 2025-08-20 09:12:06.0938751(Timestamp), 14:34:19.928(String), [main] DEBUG c.example.service.BoardServiceTest - Running with Spring Boot v3.4.4, Spring v6.2.5(String)
2025-08-20 09:12:06.096 [main] DEBUG c.e.mapper.LogOffsetMapper.insertLog - <==    Updates: 1
2025-08-20 09:12:06.097 [main] DEBUG c.e.mapper.LogOffsetMapper.insertLog - ==>  Preparing: INSERT INTO swg_logs (log_time, level, message) VALUES (?, ?, ?)
2025-08-20 09:12:06.099 [main] DEBUG c.e.mapper.LogOffsetMapper.insertLog - ==> Parameters: 2025-08-20 09:12:06.0976236(Timestamp), 14:34:19.928(String), [main] INFO  c.example.service.BoardServiceTest - No active profile set, falling back to 1 default profile: "default"(String)
2025-08-20 09:12:06.100 [main] DEBUG c.e.mapper.LogOffsetMapper.insertLog - <==    Updates: 1
2025-08-20 09:12:06.101 [main] DEBUG c.e.mapper.LogOffsetMapper.insertLog - ==>  Preparing: INSERT INTO swg_logs (log_time, level, message) VALUES (?, ?, ?)
2025-08-20 09:12:06.103 [main] DEBUG c.e.mapper.LogOffsetMapper.insertLog - ==> Parameters: 2025-08-20 09:12:06.1016239(Timestamp), 14:34:20.791(String), [main] INFO  com.zaxxer.hikari.HikariDataSource - HikariPool-1 - Starting...(String)
2025-08-20 09:12:06.104 [main] DEBUG c.e.mapper.LogOffsetMapper.insertLog - <==    Updates: 1
2025-08-20 09:12:06.105 [main] DEBUG c.e.mapper.LogOffsetMapper.insertLog - ==>  Preparing: INSERT INTO swg_logs (log_time, level, message) VALUES (?, ?, ?)
2025-08-20 09:12:06.106 [main] DEBUG c.e.mapper.LogOffsetMapper.insertLog - ==> Parameters: 2025-08-20 09:12:06.1051291(Timestamp), 14:34:20.916(String), [main] INFO  com.zaxxer.hikari.pool.HikariPool - HikariPool-1 - Added connection com.mysql.cj.jdbc.ConnectionImpl@27ab206(String)
2025-08-20 09:12:06.107 [main] DEBUG c.e.mapper.LogOffsetMapper.insertLog - <==    Updates: 1
2025-08-20 09:12:06.108 [main] DEBUG c.e.mapper.LogOffsetMapper.insertLog - ==>  Preparing: INSERT INTO swg_logs (log_time, level, message) VALUES (?, ?, ?)
2025-08-20 09:12:06.110 [main] DEBUG c.e.mapper.LogOffsetMapper.insertLog - ==> Parameters: 2025-08-20 09:12:06.1086256(Timestamp), 14:34:20.917(String), [main] INFO  com.zaxxer.hikari.HikariDataSource - HikariPool-1 - Start completed.(String)
2025-08-20 09:12:06.111 [main] DEBUG c.e.mapper.LogOffsetMapper.insertLog - <==    Updates: 1
2025-08-20 09:12:06.112 [main] DEBUG c.e.mapper.LogOffsetMapper.insertLog - ==>  Preparing: INSERT INTO swg_logs (log_time, level, message) VALUES (?, ?, ?)
2025-08-20 09:12:06.114 [main] DEBUG c.e.mapper.LogOffsetMapper.insertLog - ==> Parameters: 2025-08-20 09:12:06.1126254(Timestamp), 14:34:21.679(String), [main] INFO  o.s.s.c.a.a.c.InitializeUserDetailsBeanManagerConfigurer$InitializeUserDetailsManagerConfigurer - Global AuthenticationManager configured with UserDetailsService bean with name userDetailsServiceImpl(String)
2025-08-20 09:12:06.115 [main] DEBUG c.e.mapper.LogOffsetMapper.insertLog - <==    Updates: 1
2025-08-20 09:12:06.116 [main] DEBUG c.e.mapper.LogOffsetMapper.insertLog - ==>  Preparing: INSERT INTO swg_logs (log_time, level, message) VALUES (?, ?, ?)
2025-08-20 09:12:06.118 [main] DEBUG c.e.mapper.LogOffsetMapper.insertLog - ==> Parameters: 2025-08-20 09:12:06.1166735(Timestamp), 14:34:21.920(String), [main] INFO  o.s.s.quartz.LocalDataSourceJobStore - Using db table-based data access locking (synchronization).(String)
2025-08-20 09:12:06.119 [main] DEBUG c.e.mapper.LogOffsetMapper.insertLog - <==    Updates: 1
2025-08-20 09:12:06.120 [main] DEBUG c.e.mapper.LogOffsetMapper.insertLog - ==>  Preparing: INSERT INTO swg_logs (log_time, level, message) VALUES (?, ?, ?)
2025-08-20 09:12:06.121 [main] DEBUG c.e.mapper.LogOffsetMapper.insertLog - ==> Parameters: 2025-08-20 09:12:06.1206734(Timestamp), 14:34:21.924(String), [main] INFO  o.s.s.quartz.LocalDataSourceJobStore - JobStoreCMT initialized.(String)
2025-08-20 09:12:06.122 [main] DEBUG c.e.mapper.LogOffsetMapper.insertLog - <==    Updates: 1
2025-08-20 09:12:06.124 [main] DEBUG c.e.mapper.LogOffsetMapper.insertLog - ==>  Preparing: INSERT INTO swg_logs (log_time, level, message) VALUES (?, ?, ?)
2025-08-20 09:12:06.125 [main] DEBUG c.e.mapper.LogOffsetMapper.insertLog - ==> Parameters: 2025-08-20 09:12:06.1240394(Timestamp), 14:34:22.586(String), [main] INFO  o.s.s.quartz.SchedulerFactoryBean - Starting Quartz Scheduler now(String)
2025-08-20 09:12:06.126 [main] DEBUG c.e.mapper.LogOffsetMapper.insertLog - <==    Updates: 1
2025-08-20 09:12:06.127 [main] DEBUG c.e.mapper.LogOffsetMapper.insertLog - ==>  Preparing: INSERT INTO swg_logs (log_time, level, message) VALUES (?, ?, ?)
2025-08-20 09:12:06.129 [main] DEBUG c.e.mapper.LogOffsetMapper.insertLog - ==> Parameters: 2025-08-20 09:12:06.1278948(Timestamp), 14:34:22.588(String), [main] INFO  o.s.s.quartz.LocalDataSourceJobStore - Freed 0 triggers from 'acquired' / 'blocked' state.(String)
2025-08-20 09:12:06.130 [main] DEBUG c.e.mapper.LogOffsetMapper.insertLog - <==    Updates: 1
2025-08-20 09:12:06.131 [main] DEBUG c.e.mapper.LogOffsetMapper.insertLog - ==>  Preparing: INSERT INTO swg_logs (log_time, level, message) VALUES (?, ?, ?)
2025-08-20 09:12:06.132 [main] DEBUG c.e.mapper.LogOffsetMapper.insertLog - ==> Parameters: 2025-08-20 09:12:06.1318946(Timestamp), 14:34:22.590(String), [main] INFO  o.s.s.quartz.LocalDataSourceJobStore - Recovering 0 jobs that were in-progress at the time of the last shut-down.(String)
2025-08-20 09:12:06.134 [main] DEBUG c.e.mapper.LogOffsetMapper.insertLog - <==    Updates: 1
2025-08-20 09:12:06.134 [main] DEBUG c.e.mapper.LogOffsetMapper.insertLog - ==>  Preparing: INSERT INTO swg_logs (log_time, level, message) VALUES (?, ?, ?)
2025-08-20 09:12:06.136 [main] DEBUG c.e.mapper.LogOffsetMapper.insertLog - ==> Parameters: 2025-08-20 09:12:06.1349046(Timestamp), 14:34:22.590(String), [main] INFO  o.s.s.quartz.LocalDataSourceJobStore - Recovery complete.(String)
2025-08-20 09:12:06.138 [main] DEBUG c.e.mapper.LogOffsetMapper.insertLog - <==    Updates: 1
2025-08-20 09:12:06.139 [main] DEBUG c.e.mapper.LogOffsetMapper.insertLog - ==>  Preparing: INSERT INTO swg_logs (log_time, level, message) VALUES (?, ?, ?)
2025-08-20 09:12:06.140 [main] DEBUG c.e.mapper.LogOffsetMapper.insertLog - ==> Parameters: 2025-08-20 09:12:06.1393263(Timestamp), 14:34:22.590(String), [main] INFO  o.s.s.quartz.LocalDataSourceJobStore - Removed 0 'complete' triggers.(String)
2025-08-20 09:12:06.142 [main] DEBUG c.e.mapper.LogOffsetMapper.insertLog - <==    Updates: 1
2025-08-20 09:12:06.143 [main] DEBUG c.e.mapper.LogOffsetMapper.insertLog - ==>  Preparing: INSERT INTO swg_logs (log_time, level, message) VALUES (?, ?, ?)
2025-08-20 09:12:06.144 [main] DEBUG c.e.mapper.LogOffsetMapper.insertLog - ==> Parameters: 2025-08-20 09:12:06.143326(Timestamp), 14:34:22.590(String), [main] INFO  o.s.s.quartz.LocalDataSourceJobStore - Removed 0 stale fired job entries.(String)
2025-08-20 09:12:06.145 [main] DEBUG c.e.mapper.LogOffsetMapper.insertLog - <==    Updates: 1
2025-08-20 09:12:06.146 [main] DEBUG c.e.mapper.LogOffsetMapper.insertLog - ==>  Preparing: INSERT INTO swg_logs (log_time, level, message) VALUES (?, ?, ?)
2025-08-20 09:12:06.148 [main] DEBUG c.e.mapper.LogOffsetMapper.insertLog - ==> Parameters: 2025-08-20 09:12:06.1468375(Timestamp), 14:34:22.600(String), [main] INFO  c.example.service.BoardServiceTest - Started BoardServiceTest in 2.926 seconds (process running for 3.588)(String)
2025-08-20 09:12:06.149 [main] DEBUG c.e.mapper.LogOffsetMapper.insertLog - <==    Updates: 1
2025-08-20 09:12:06.151 [main] DEBUG c.e.mapper.LogOffsetMapper.insertLog - ==>  Preparing: INSERT INTO swg_logs (log_time, level, message) VALUES (?, ?, ?)
2025-08-20 09:12:06.152 [main] DEBUG c.e.mapper.LogOffsetMapper.insertLog - ==> Parameters: 2025-08-20 09:12:06.1509288(Timestamp), 14:34:22.611(String), [main] DEBUG c.e.mapper.UserMapper.findByUserId - ==>  Preparing: SELECT id , user_id , password , user_name , refresh_token FROM users WHERE user_id = ?(String)
2025-08-20 09:12:06.154 [main] DEBUG c.e.mapper.LogOffsetMapper.insertLog - <==    Updates: 1
2025-08-20 09:12:06.155 [main] DEBUG c.e.mapper.LogOffsetMapper.insertLog - ==>  Preparing: INSERT INTO swg_logs (log_time, level, message) VALUES (?, ?, ?)
2025-08-20 09:12:06.156 [main] DEBUG c.e.mapper.LogOffsetMapper.insertLog - ==> Parameters: 2025-08-20 09:12:06.1550908(Timestamp), 14:34:22.617(String), [main] DEBUG c.e.mapper.UserMapper.findByUserId - ==> Parameters: user123(String)(String)
2025-08-20 09:12:06.158 [main] DEBUG c.e.mapper.LogOffsetMapper.insertLog - <==    Updates: 1
2025-08-20 09:12:06.159 [main] DEBUG c.e.mapper.LogOffsetMapper.insertLog - ==>  Preparing: INSERT INTO swg_logs (log_time, level, message) VALUES (?, ?, ?)
2025-08-20 09:12:06.160 [main] DEBUG c.e.mapper.LogOffsetMapper.insertLog - ==> Parameters: 2025-08-20 09:12:06.1587436(Timestamp), 14:34:22.624(String), [main] DEBUG c.e.mapper.UserMapper.findByUserId - <==      Total: 1(String)
2025-08-20 09:12:06.161 [main] DEBUG c.e.mapper.LogOffsetMapper.insertLog - <==    Updates: 1
2025-08-20 09:12:06.162 [main] DEBUG c.e.mapper.LogOffsetMapper.insertLog - ==>  Preparing: INSERT INTO swg_logs (log_time, level, message) VALUES (?, ?, ?)
2025-08-20 09:12:06.163 [main] DEBUG c.e.mapper.LogOffsetMapper.insertLog - ==> Parameters: 2025-08-20 09:12:06.1622598(Timestamp), 14:34:22.624(String), [main] DEBUG c.e.mapper.UserMapper.findByUserId - ==>  Preparing: SELECT id , user_id , password , user_name , refresh_token FROM users WHERE user_id = ?(String)
2025-08-20 09:12:06.165 [main] DEBUG c.e.mapper.LogOffsetMapper.insertLog - <==    Updates: 1
2025-08-20 09:12:06.165 [main] DEBUG c.e.mapper.LogOffsetMapper.insertLog - ==>  Preparing: INSERT INTO swg_logs (log_time, level, message) VALUES (?, ?, ?)
2025-08-20 09:12:06.168 [main] DEBUG c.e.mapper.LogOffsetMapper.insertLog - ==> Parameters: 2025-08-20 09:12:06.1657712(Timestamp), 14:34:22.625(String), [main] DEBUG c.e.mapper.UserMapper.findByUserId - ==> Parameters: admin123(String)(String)
2025-08-20 09:12:06.169 [main] DEBUG c.e.mapper.LogOffsetMapper.insertLog - <==    Updates: 1
2025-08-20 09:12:06.170 [main] DEBUG c.e.mapper.LogOffsetMapper.insertLog - ==>  Preparing: INSERT INTO swg_logs (log_time, level, message) VALUES (?, ?, ?)
2025-08-20 09:12:06.171 [main] DEBUG c.e.mapper.LogOffsetMapper.insertLog - ==> Parameters: 2025-08-20 09:12:06.1701592(Timestamp), 14:34:22.625(String), [main] DEBUG c.e.mapper.UserMapper.findByUserId - <==      Total: 1(String)
2025-08-20 09:12:06.173 [main] DEBUG c.e.mapper.LogOffsetMapper.insertLog - <==    Updates: 1
2025-08-20 09:12:06.174 [main] DEBUG c.e.mapper.LogOffsetMapper.insertLog - ==>  Preparing: INSERT INTO swg_logs (log_time, level, message) VALUES (?, ?, ?)
2025-08-20 09:12:06.176 [main] DEBUG c.e.mapper.LogOffsetMapper.insertLog - ==> Parameters: 2025-08-20 09:12:06.1731591(Timestamp), 14:34:23.044(String), [main] DEBUG c.e.m.BoardMapper.selectBoardList - ==>  Preparing: SELECT * FROM board ORDER BY created_at DESC LIMIT ? OFFSET ?(String)
2025-08-20 09:12:06.177 [main] DEBUG c.e.mapper.LogOffsetMapper.insertLog - <==    Updates: 1
2025-08-20 09:12:06.178 [main] DEBUG c.e.mapper.LogOffsetMapper.insertLog - ==>  Preparing: INSERT INTO swg_logs (log_time, level, message) VALUES (?, ?, ?)
2025-08-20 09:12:06.180 [main] DEBUG c.e.mapper.LogOffsetMapper.insertLog - ==> Parameters: 2025-08-20 09:12:06.1781282(Timestamp), 14:34:23.044(String), [main] DEBUG c.e.m.BoardMapper.selectBoardList - ==> Parameters: 10(Integer), 0(Integer)(String)
2025-08-20 09:12:06.181 [main] DEBUG c.e.mapper.LogOffsetMapper.insertLog - <==    Updates: 1
2025-08-20 09:12:06.182 [main] DEBUG c.e.mapper.LogOffsetMapper.insertLog - ==>  Preparing: INSERT INTO swg_logs (log_time, level, message) VALUES (?, ?, ?)
2025-08-20 09:12:06.183 [main] DEBUG c.e.mapper.LogOffsetMapper.insertLog - ==> Parameters: 2025-08-20 09:12:06.1821279(Timestamp), 14:34:23.054(String), [main] DEBUG c.e.m.BoardMapper.selectBoardList - <==      Total: 5(String)
2025-08-20 09:12:06.184 [main] DEBUG c.e.mapper.LogOffsetMapper.insertLog - <==    Updates: 1
2025-08-20 09:12:06.185 [main] DEBUG c.e.mapper.LogOffsetMapper.insertLog - ==>  Preparing: INSERT INTO swg_logs (log_time, level, message) VALUES (?, ?, ?)
2025-08-20 09:12:06.187 [main] DEBUG c.e.mapper.LogOffsetMapper.insertLog - ==> Parameters: 2025-08-20 09:12:06.1856408(Timestamp), 14:34:23.055(String), [main] DEBUG c.e.m.C.selectCommentsByBoardId - ==>  Preparing: SELECT * FROM comment WHERE board_id = ? ORDER BY created_at ASC(String)
2025-08-20 09:12:06.188 [main] DEBUG c.e.mapper.LogOffsetMapper.insertLog - <==    Updates: 1
2025-08-20 09:12:06.189 [main] DEBUG c.e.mapper.LogOffsetMapper.insertLog - ==>  Preparing: INSERT INTO swg_logs (log_time, level, message) VALUES (?, ?, ?)
2025-08-20 09:12:06.191 [main] DEBUG c.e.mapper.LogOffsetMapper.insertLog - ==> Parameters: 2025-08-20 09:12:06.1897998(Timestamp), 14:34:23.056(String), [main] DEBUG c.e.m.C.selectCommentsByBoardId - ==> Parameters: 8(Long)(String)
2025-08-20 09:12:06.192 [main] DEBUG c.e.mapper.LogOffsetMapper.insertLog - <==    Updates: 1
2025-08-20 09:12:06.193 [main] DEBUG c.e.mapper.LogOffsetMapper.insertLog - ==>  Preparing: INSERT INTO swg_logs (log_time, level, message) VALUES (?, ?, ?)
2025-08-20 09:12:06.195 [main] DEBUG c.e.mapper.LogOffsetMapper.insertLog - ==> Parameters: 2025-08-20 09:12:06.1938003(Timestamp), 14:34:23.057(String), [main] DEBUG c.e.m.C.selectCommentsByBoardId - <==      Total: 0(String)
2025-08-20 09:12:06.196 [main] DEBUG c.e.mapper.LogOffsetMapper.insertLog - <==    Updates: 1
2025-08-20 09:12:06.197 [main] DEBUG c.e.mapper.LogOffsetMapper.insertLog - ==>  Preparing: INSERT INTO swg_logs (log_time, level, message) VALUES (?, ?, ?)
2025-08-20 09:12:06.199 [main] DEBUG c.e.mapper.LogOffsetMapper.insertLog - ==> Parameters: 2025-08-20 09:12:06.1978498(Timestamp), 14:34:23.058(String), [main] DEBUG c.e.m.A.selectAttachmentsByBoardId - ==>  Preparing: SELECT * FROM attachment WHERE board_id = ?(String)
2025-08-20 09:12:06.200 [main] DEBUG c.e.mapper.LogOffsetMapper.insertLog - <==    Updates: 1
2025-08-20 09:12:06.201 [main] DEBUG c.e.mapper.LogOffsetMapper.insertLog - ==>  Preparing: INSERT INTO swg_logs (log_time, level, message) VALUES (?, ?, ?)
2025-08-20 09:12:06.203 [main] DEBUG c.e.mapper.LogOffsetMapper.insertLog - ==> Parameters: 2025-08-20 09:12:06.20185(Timestamp), 14:34:23.058(String), [main] DEBUG c.e.m.A.selectAttachmentsByBoardId - ==> Parameters: 8(Long)(String)
2025-08-20 09:12:06.204 [main] DEBUG c.e.mapper.LogOffsetMapper.insertLog - <==    Updates: 1
2025-08-20 09:12:06.204 [main] DEBUG c.e.mapper.LogOffsetMapper.insertLog - ==>  Preparing: INSERT INTO swg_logs (log_time, level, message) VALUES (?, ?, ?)
2025-08-20 09:12:06.207 [main] DEBUG c.e.mapper.LogOffsetMapper.insertLog - ==> Parameters: 2025-08-20 09:12:06.20485(Timestamp), 14:34:23.059(String), [main] DEBUG c.e.m.A.selectAttachmentsByBoardId - <==      Total: 1(String)
2025-08-20 09:12:06.208 [main] DEBUG c.e.mapper.LogOffsetMapper.insertLog - <==    Updates: 1
2025-08-20 09:12:06.209 [main] DEBUG c.e.mapper.LogOffsetMapper.insertLog - ==>  Preparing: INSERT INTO swg_logs (log_time, level, message) VALUES (?, ?, ?)
2025-08-20 09:12:06.210 [main] DEBUG c.e.mapper.LogOffsetMapper.insertLog - ==> Parameters: 2025-08-20 09:12:06.2091938(Timestamp), 14:34:23.064(String), [main] DEBUG c.e.m.C.selectCommentsByBoardId - ==>  Preparing: SELECT * FROM comment WHERE board_id = ? ORDER BY created_at ASC(String)
2025-08-20 09:12:06.212 [main] DEBUG c.e.mapper.LogOffsetMapper.insertLog - <==    Updates: 1
2025-08-20 09:12:06.212 [main] DEBUG c.e.mapper.LogOffsetMapper.insertLog - ==>  Preparing: INSERT INTO swg_logs (log_time, level, message) VALUES (?, ?, ?)
2025-08-20 09:12:06.213 [main] DEBUG c.e.mapper.LogOffsetMapper.insertLog - ==> Parameters: 2025-08-20 09:12:06.212194(Timestamp), 14:34:23.065(String), [main] DEBUG c.e.m.C.selectCommentsByBoardId - ==> Parameters: 7(Long)(String)
2025-08-20 09:12:06.215 [main] DEBUG c.e.mapper.LogOffsetMapper.insertLog - <==    Updates: 1
2025-08-20 09:12:06.216 [main] DEBUG c.e.mapper.LogOffsetMapper.insertLog - ==>  Preparing: INSERT INTO swg_logs (log_time, level, message) VALUES (?, ?, ?)
2025-08-20 09:12:06.217 [main] DEBUG c.e.mapper.LogOffsetMapper.insertLog - ==> Parameters: 2025-08-20 09:12:06.215709(Timestamp), 14:34:23.065(String), [main] DEBUG c.e.m.C.selectCommentsByBoardId - <==      Total: 0(String)
2025-08-20 09:12:06.218 [main] DEBUG c.e.mapper.LogOffsetMapper.insertLog - <==    Updates: 1
2025-08-20 09:12:06.219 [main] DEBUG c.e.mapper.LogOffsetMapper.insertLog - ==>  Preparing: INSERT INTO swg_logs (log_time, level, message) VALUES (?, ?, ?)
2025-08-20 09:12:06.221 [main] DEBUG c.e.mapper.LogOffsetMapper.insertLog - ==> Parameters: 2025-08-20 09:12:06.2197085(Timestamp), 14:34:23.065(String), [main] DEBUG c.e.m.A.selectAttachmentsByBoardId - ==>  Preparing: SELECT * FROM attachment WHERE board_id = ?(String)
2025-08-20 09:12:06.222 [main] DEBUG c.e.mapper.LogOffsetMapper.insertLog - <==    Updates: 1
2025-08-20 09:12:06.223 [main] DEBUG c.e.mapper.LogOffsetMapper.insertLog - ==>  Preparing: INSERT INTO swg_logs (log_time, level, message) VALUES (?, ?, ?)
2025-08-20 09:12:06.225 [main] DEBUG c.e.mapper.LogOffsetMapper.insertLog - ==> Parameters: 2025-08-20 09:12:06.2237086(Timestamp), 14:34:23.067(String), [main] DEBUG c.e.m.A.selectAttachmentsByBoardId - ==> Parameters: 7(Long)(String)
2025-08-20 09:12:06.226 [main] DEBUG c.e.mapper.LogOffsetMapper.insertLog - <==    Updates: 1
2025-08-20 09:12:06.227 [main] DEBUG c.e.mapper.LogOffsetMapper.insertLog - ==>  Preparing: INSERT INTO swg_logs (log_time, level, message) VALUES (?, ?, ?)
2025-08-20 09:12:06.228 [main] DEBUG c.e.mapper.LogOffsetMapper.insertLog - ==> Parameters: 2025-08-20 09:12:06.2272154(Timestamp), 14:34:23.067(String), [main] DEBUG c.e.m.A.selectAttachmentsByBoardId - <==      Total: 1(String)
2025-08-20 09:12:06.230 [main] DEBUG c.e.mapper.LogOffsetMapper.insertLog - <==    Updates: 1
2025-08-20 09:12:06.231 [main] DEBUG c.e.mapper.LogOffsetMapper.insertLog - ==>  Preparing: INSERT INTO swg_logs (log_time, level, message) VALUES (?, ?, ?)
2025-08-20 09:12:06.232 [main] DEBUG c.e.mapper.LogOffsetMapper.insertLog - ==> Parameters: 2025-08-20 09:12:06.2303376(Timestamp), 14:34:23.068(String), [main] DEBUG c.e.m.C.selectCommentsByBoardId - ==>  Preparing: SELECT * FROM comment WHERE board_id = ? ORDER BY created_at ASC(String)
2025-08-20 09:12:06.233 [main] DEBUG c.e.mapper.LogOffsetMapper.insertLog - <==    Updates: 1
2025-08-20 09:12:06.234 [main] DEBUG c.e.mapper.LogOffsetMapper.insertLog - ==>  Preparing: INSERT INTO swg_logs (log_time, level, message) VALUES (?, ?, ?)
2025-08-20 09:12:06.236 [main] DEBUG c.e.mapper.LogOffsetMapper.insertLog - ==> Parameters: 2025-08-20 09:12:06.2348593(Timestamp), 14:34:23.068(String), [main] DEBUG c.e.m.C.selectCommentsByBoardId - ==> Parameters: 6(Long)(String)
2025-08-20 09:12:06.238 [main] DEBUG c.e.mapper.LogOffsetMapper.insertLog - <==    Updates: 1
2025-08-20 09:12:06.239 [main] DEBUG c.e.mapper.LogOffsetMapper.insertLog - ==>  Preparing: INSERT INTO swg_logs (log_time, level, message) VALUES (?, ?, ?)
2025-08-20 09:12:06.240 [main] DEBUG c.e.mapper.LogOffsetMapper.insertLog - ==> Parameters: 2025-08-20 09:12:06.2381096(Timestamp), 14:34:23.069(String), [main] DEBUG c.e.m.C.selectCommentsByBoardId - <==      Total: 0(String)
2025-08-20 09:12:06.241 [main] DEBUG c.e.mapper.LogOffsetMapper.insertLog - <==    Updates: 1
2025-08-20 09:12:06.242 [main] DEBUG c.e.mapper.LogOffsetMapper.insertLog - ==>  Preparing: INSERT INTO swg_logs (log_time, level, message) VALUES (?, ?, ?)
2025-08-20 09:12:06.243 [main] DEBUG c.e.mapper.LogOffsetMapper.insertLog - ==> Parameters: 2025-08-20 09:12:06.2421099(Timestamp), 14:34:23.069(String), [main] DEBUG c.e.m.A.selectAttachmentsByBoardId - ==>  Preparing: SELECT * FROM attachment WHERE board_id = ?(String)
2025-08-20 09:12:06.244 [main] DEBUG c.e.mapper.LogOffsetMapper.insertLog - <==    Updates: 1
2025-08-20 09:12:06.245 [main] DEBUG c.e.mapper.LogOffsetMapper.insertLog - ==>  Preparing: INSERT INTO swg_logs (log_time, level, message) VALUES (?, ?, ?)
2025-08-20 09:12:06.247 [main] DEBUG c.e.mapper.LogOffsetMapper.insertLog - ==> Parameters: 2025-08-20 09:12:06.2456247(Timestamp), 14:34:23.069(String), [main] DEBUG c.e.m.A.selectAttachmentsByBoardId - ==> Parameters: 6(Long)(String)
2025-08-20 09:12:06.248 [main] DEBUG c.e.mapper.LogOffsetMapper.insertLog - <==    Updates: 1
2025-08-20 09:12:06.249 [main] DEBUG c.e.mapper.LogOffsetMapper.insertLog - ==>  Preparing: INSERT INTO swg_logs (log_time, level, message) VALUES (?, ?, ?)
2025-08-20 09:12:06.251 [main] DEBUG c.e.mapper.LogOffsetMapper.insertLog - ==> Parameters: 2025-08-20 09:12:06.249696(Timestamp), 14:34:23.070(String), [main] DEBUG c.e.m.A.selectAttachmentsByBoardId - <==      Total: 1(String)
2025-08-20 09:12:06.252 [main] DEBUG c.e.mapper.LogOffsetMapper.insertLog - <==    Updates: 1
2025-08-20 09:12:06.253 [main] DEBUG c.e.mapper.LogOffsetMapper.insertLog - ==>  Preparing: INSERT INTO swg_logs (log_time, level, message) VALUES (?, ?, ?)
2025-08-20 09:12:06.255 [main] DEBUG c.e.mapper.LogOffsetMapper.insertLog - ==> Parameters: 2025-08-20 09:12:06.2536956(Timestamp), 14:34:23.070(String), [main] DEBUG c.e.m.C.selectCommentsByBoardId - ==>  Preparing: SELECT * FROM comment WHERE board_id = ? ORDER BY created_at ASC(String)
2025-08-20 09:12:06.257 [main] DEBUG c.e.mapper.LogOffsetMapper.insertLog - <==    Updates: 1
2025-08-20 09:12:06.258 [main] DEBUG c.e.mapper.LogOffsetMapper.insertLog - ==>  Preparing: INSERT INTO swg_logs (log_time, level, message) VALUES (?, ?, ?)
2025-08-20 09:12:06.260 [main] DEBUG c.e.mapper.LogOffsetMapper.insertLog - ==> Parameters: 2025-08-20 09:12:06.258717(Timestamp), 14:34:23.070(String), [main] DEBUG c.e.m.C.selectCommentsByBoardId - ==> Parameters: 5(Long)(String)
2025-08-20 09:12:06.261 [main] DEBUG c.e.mapper.LogOffsetMapper.insertLog - <==    Updates: 1
2025-08-20 09:12:06.263 [main] DEBUG c.e.mapper.LogOffsetMapper.insertLog - ==>  Preparing: INSERT INTO swg_logs (log_time, level, message) VALUES (?, ?, ?)
2025-08-20 09:12:06.264 [main] DEBUG c.e.mapper.LogOffsetMapper.insertLog - ==> Parameters: 2025-08-20 09:12:06.2617172(Timestamp), 14:34:23.071(String), [main] DEBUG c.e.m.C.selectCommentsByBoardId - <==      Total: 0(String)
2025-08-20 09:12:06.265 [main] DEBUG c.e.mapper.LogOffsetMapper.insertLog - <==    Updates: 1
2025-08-20 09:12:06.266 [main] DEBUG c.e.mapper.LogOffsetMapper.insertLog - ==>  Preparing: INSERT INTO swg_logs (log_time, level, message) VALUES (?, ?, ?)
2025-08-20 09:12:06.267 [main] DEBUG c.e.mapper.LogOffsetMapper.insertLog - ==> Parameters: 2025-08-20 09:12:06.2666789(Timestamp), 14:34:23.071(String), [main] DEBUG c.e.m.A.selectAttachmentsByBoardId - ==>  Preparing: SELECT * FROM attachment WHERE board_id = ?(String)
2025-08-20 09:12:06.269 [main] DEBUG c.e.mapper.LogOffsetMapper.insertLog - <==    Updates: 1
2025-08-20 09:12:06.270 [main] DEBUG c.e.mapper.LogOffsetMapper.insertLog - ==>  Preparing: INSERT INTO swg_logs (log_time, level, message) VALUES (?, ?, ?)
2025-08-20 09:12:06.271 [main] DEBUG c.e.mapper.LogOffsetMapper.insertLog - ==> Parameters: 2025-08-20 09:12:06.2696801(Timestamp), 14:34:23.071(String), [main] DEBUG c.e.m.A.selectAttachmentsByBoardId - ==> Parameters: 5(Long)(String)
2025-08-20 09:12:06.273 [main] DEBUG c.e.mapper.LogOffsetMapper.insertLog - <==    Updates: 1
2025-08-20 09:12:06.274 [main] DEBUG c.e.mapper.LogOffsetMapper.insertLog - ==>  Preparing: INSERT INTO swg_logs (log_time, level, message) VALUES (?, ?, ?)
2025-08-20 09:12:06.275 [main] DEBUG c.e.mapper.LogOffsetMapper.insertLog - ==> Parameters: 2025-08-20 09:12:06.2736804(Timestamp), 14:34:23.072(String), [main] DEBUG c.e.m.A.selectAttachmentsByBoardId - <==      Total: 1(String)
2025-08-20 09:12:06.276 [main] DEBUG c.e.mapper.LogOffsetMapper.insertLog - <==    Updates: 1
2025-08-20 09:12:06.277 [main] DEBUG c.e.mapper.LogOffsetMapper.insertLog - ==>  Preparing: INSERT INTO swg_logs (log_time, level, message) VALUES (?, ?, ?)
2025-08-20 09:12:06.279 [main] DEBUG c.e.mapper.LogOffsetMapper.insertLog - ==> Parameters: 2025-08-20 09:12:06.2778721(Timestamp), 14:34:23.072(String), [main] DEBUG c.e.m.C.selectCommentsByBoardId - ==>  Preparing: SELECT * FROM comment WHERE board_id = ? ORDER BY created_at ASC(String)
2025-08-20 09:12:06.280 [main] DEBUG c.e.mapper.LogOffsetMapper.insertLog - <==    Updates: 1
2025-08-20 09:12:06.281 [main] DEBUG c.e.mapper.LogOffsetMapper.insertLog - ==>  Preparing: INSERT INTO swg_logs (log_time, level, message) VALUES (?, ?, ?)
2025-08-20 09:12:06.282 [main] DEBUG c.e.mapper.LogOffsetMapper.insertLog - ==> Parameters: 2025-08-20 09:12:06.2818722(Timestamp), 14:34:23.072(String), [main] DEBUG c.e.m.C.selectCommentsByBoardId - ==> Parameters: 4(Long)(String)
2025-08-20 09:12:06.284 [main] DEBUG c.e.mapper.LogOffsetMapper.insertLog - <==    Updates: 1
2025-08-20 09:12:06.284 [main] DEBUG c.e.mapper.LogOffsetMapper.insertLog - ==>  Preparing: INSERT INTO swg_logs (log_time, level, message) VALUES (?, ?, ?)
2025-08-20 09:12:06.287 [main] DEBUG c.e.mapper.LogOffsetMapper.insertLog - ==> Parameters: 2025-08-20 09:12:06.2848721(Timestamp), 14:34:23.073(String), [main] DEBUG c.e.m.C.selectCommentsByBoardId - <==      Total: 4(String)
2025-08-20 09:12:06.288 [main] DEBUG c.e.mapper.LogOffsetMapper.insertLog - <==    Updates: 1
2025-08-20 09:12:06.289 [main] DEBUG c.e.mapper.LogOffsetMapper.insertLog - ==>  Preparing: INSERT INTO swg_logs (log_time, level, message) VALUES (?, ?, ?)
2025-08-20 09:12:06.290 [main] DEBUG c.e.mapper.LogOffsetMapper.insertLog - ==> Parameters: 2025-08-20 09:12:06.2881612(Timestamp), 14:34:23.074(String), [main] DEBUG c.e.m.A.selectAttachmentsByBoardId - ==>  Preparing: SELECT * FROM attachment WHERE board_id = ?(String)
2025-08-20 09:12:06.291 [main] DEBUG c.e.mapper.LogOffsetMapper.insertLog - <==    Updates: 1
2025-08-20 09:12:06.292 [main] DEBUG c.e.mapper.LogOffsetMapper.insertLog - ==>  Preparing: INSERT INTO swg_logs (log_time, level, message) VALUES (?, ?, ?)
2025-08-20 09:12:06.293 [main] DEBUG c.e.mapper.LogOffsetMapper.insertLog - ==> Parameters: 2025-08-20 09:12:06.2921611(Timestamp), 14:34:23.074(String), [main] DEBUG c.e.m.A.selectAttachmentsByBoardId - ==> Parameters: 4(Long)(String)
2025-08-20 09:12:06.294 [main] DEBUG c.e.mapper.LogOffsetMapper.insertLog - <==    Updates: 1
2025-08-20 09:12:06.295 [main] DEBUG c.e.mapper.LogOffsetMapper.insertLog - ==>  Preparing: INSERT INTO swg_logs (log_time, level, message) VALUES (?, ?, ?)
2025-08-20 09:12:06.299 [main] DEBUG c.e.mapper.LogOffsetMapper.insertLog - ==> Parameters: 2025-08-20 09:12:06.2957153(Timestamp), 14:34:23.075(String), [main] DEBUG c.e.m.A.selectAttachmentsByBoardId - <==      Total: 1(String)
2025-08-20 09:12:06.302 [main] DEBUG c.e.mapper.LogOffsetMapper.insertLog - <==    Updates: 1
2025-08-20 09:12:06.304 [main] DEBUG c.e.mapper.LogOffsetMapper.insertLog - ==>  Preparing: INSERT INTO swg_logs (log_time, level, message) VALUES (?, ?, ?)
2025-08-20 09:12:06.306 [main] DEBUG c.e.mapper.LogOffsetMapper.insertLog - ==> Parameters: 2025-08-20 09:12:06.3047152(Timestamp), 14:34:23.084(String), [main] DEBUG c.e.mapper.BoardMapper.insertBoard - ==>  Preparing: INSERT INTO board (post_type, title, content, writer, created_at, updated_at) VALUES (?, ?, ?, ?, NOW(), NOW())(String)
2025-08-20 09:12:06.307 [main] DEBUG c.e.mapper.LogOffsetMapper.insertLog - <==    Updates: 1
2025-08-20 09:12:06.309 [main] DEBUG c.e.mapper.LogOffsetMapper.insertLog - ==>  Preparing: INSERT INTO swg_logs (log_time, level, message) VALUES (?, ?, ?)
2025-08-20 09:12:06.310 [main] DEBUG c.e.mapper.LogOffsetMapper.insertLog - ==> Parameters: 2025-08-20 09:12:06.3088081(Timestamp), 14:34:23.085(String), [main] DEBUG c.e.mapper.BoardMapper.insertBoard - ==> Parameters: QNA(String), 테스트 제목입니다.(String), 냉무(String), 1(Long)(String)
2025-08-20 09:12:06.313 [main] DEBUG c.e.mapper.LogOffsetMapper.insertLog - <==    Updates: 1
2025-08-20 09:12:06.314 [main] DEBUG c.e.mapper.LogOffsetMapper.insertLog - ==>  Preparing: INSERT INTO swg_logs (log_time, level, message) VALUES (?, ?, ?)
2025-08-20 09:12:06.315 [main] DEBUG c.e.mapper.LogOffsetMapper.insertLog - ==> Parameters: 2025-08-20 09:12:06.314011(Timestamp), 14:34:23.086(String), [main] DEBUG c.e.mapper.BoardMapper.insertBoard - <==    Updates: 1(String)
2025-08-20 09:12:06.316 [main] DEBUG c.e.mapper.LogOffsetMapper.insertLog - <==    Updates: 1
2025-08-20 09:12:06.317 [main] DEBUG c.e.mapper.LogOffsetMapper.insertLog - ==>  Preparing: INSERT INTO swg_logs (log_time, level, message) VALUES (?, ?, ?)
2025-08-20 09:12:06.319 [main] DEBUG c.e.mapper.LogOffsetMapper.insertLog - ==> Parameters: 2025-08-20 09:12:06.3179466(Timestamp), 14:34:23.089(String), [main] DEBUG c.e.m.A.insertAttachment - ==>  Preparing: INSERT INTO attachment (board_id, original_name, saved_name, file_path, file_size, uploaded_at) VALUES (?, ?, ?, ?, ?, NOW())(String)
2025-08-20 09:12:06.320 [main] DEBUG c.e.mapper.LogOffsetMapper.insertLog - <==    Updates: 1
2025-08-20 09:12:06.321 [main] DEBUG c.e.mapper.LogOffsetMapper.insertLog - ==>  Preparing: INSERT INTO swg_logs (log_time, level, message) VALUES (?, ?, ?)
2025-08-20 09:12:06.323 [main] DEBUG c.e.mapper.LogOffsetMapper.insertLog - ==> Parameters: 2025-08-20 09:12:06.3219462(Timestamp), 14:34:23.090(String), [main] DEBUG c.e.m.A.insertAttachment - ==> Parameters: 9(Long), test.txt(String), 4db65e1c-0579-4861-906a-7f72d8c5ea28_test.txt(String), C:\upload\files\4db65e1c-0579-4861-906a-7f72d8c5ea28_test.txt(String), 33(Long)(String)
2025-08-20 09:12:06.324 [main] DEBUG c.e.mapper.LogOffsetMapper.insertLog - <==    Updates: 1
2025-08-20 09:12:06.326 [main] DEBUG c.e.mapper.LogOffsetMapper.insertLog - ==>  Preparing: INSERT INTO swg_logs (log_time, level, message) VALUES (?, ?, ?)
2025-08-20 09:12:06.327 [main] DEBUG c.e.mapper.LogOffsetMapper.insertLog - ==> Parameters: 2025-08-20 09:12:06.3260429(Timestamp), 14:34:23.090(String), [main] DEBUG c.e.m.A.insertAttachment - <==    Updates: 1(String)
2025-08-20 09:12:06.328 [main] DEBUG c.e.mapper.LogOffsetMapper.insertLog - <==    Updates: 1
2025-08-20 09:12:06.329 [main] DEBUG c.e.mapper.LogOffsetMapper.insertLog - ==>  Preparing: INSERT INTO swg_logs (log_time, level, message) VALUES (?, ?, ?)
2025-08-20 09:12:06.331 [main] DEBUG c.e.mapper.LogOffsetMapper.insertLog - ==> Parameters: 2025-08-20 09:12:06.3294881(Timestamp), 14:34:23.095(String), [main] DEBUG c.e.m.BoardMapper.selectBoardById - ==>  Preparing: SELECT * FROM board WHERE id = ?(String)
2025-08-20 09:12:06.332 [main] DEBUG c.e.mapper.LogOffsetMapper.insertLog - <==    Updates: 1
2025-08-20 09:12:06.333 [main] DEBUG c.e.mapper.LogOffsetMapper.insertLog - ==>  Preparing: INSERT INTO swg_logs (log_time, level, message) VALUES (?, ?, ?)
2025-08-20 09:12:06.335 [main] DEBUG c.e.mapper.LogOffsetMapper.insertLog - ==> Parameters: 2025-08-20 09:12:06.3339935(Timestamp), 14:34:23.095(String), [main] DEBUG c.e.m.BoardMapper.selectBoardById - ==> Parameters: 4(Long)(String)
2025-08-20 09:12:06.336 [main] DEBUG c.e.mapper.LogOffsetMapper.insertLog - <==    Updates: 1
2025-08-20 09:12:06.337 [main] DEBUG c.e.mapper.LogOffsetMapper.insertLog - ==>  Preparing: INSERT INTO swg_logs (log_time, level, message) VALUES (?, ?, ?)
2025-08-20 09:12:06.338 [main] DEBUG c.e.mapper.LogOffsetMapper.insertLog - ==> Parameters: 2025-08-20 09:12:06.3378815(Timestamp), 14:34:23.096(String), [main] DEBUG c.e.m.BoardMapper.selectBoardById - <==      Total: 1(String)
2025-08-20 09:12:06.340 [main] DEBUG c.e.mapper.LogOffsetMapper.insertLog - <==    Updates: 1
2025-08-20 09:12:06.341 [main] DEBUG c.e.mapper.LogOffsetMapper.insertLog - ==>  Preparing: INSERT INTO swg_logs (log_time, level, message) VALUES (?, ?, ?)
2025-08-20 09:12:06.342 [main] DEBUG c.e.mapper.LogOffsetMapper.insertLog - ==> Parameters: 2025-08-20 09:12:06.3408817(Timestamp), 14:34:23.103(String), [SpringApplicationShutdownHook] INFO  o.s.s.quartz.SchedulerFactoryBean - Shutting down Quartz Scheduler(String)
2025-08-20 09:12:06.343 [main] DEBUG c.e.mapper.LogOffsetMapper.insertLog - <==    Updates: 1
2025-08-20 09:12:06.344 [main] DEBUG c.e.mapper.LogOffsetMapper.insertLog - ==>  Preparing: INSERT INTO swg_logs (log_time, level, message) VALUES (?, ?, ?)
2025-08-20 09:12:06.347 [main] DEBUG c.e.mapper.LogOffsetMapper.insertLog - ==> Parameters: 2025-08-20 09:12:06.3448815(Timestamp), 14:34:23.104(String), [SpringApplicationShutdownHook] INFO  com.zaxxer.hikari.HikariDataSource - HikariPool-1 - Shutdown initiated...(String)
2025-08-20 09:12:06.348 [main] DEBUG c.e.mapper.LogOffsetMapper.insertLog - <==    Updates: 1
2025-08-20 09:12:06.349 [main] DEBUG c.e.mapper.LogOffsetMapper.insertLog - ==>  Preparing: INSERT INTO swg_logs (log_time, level, message) VALUES (?, ?, ?)
2025-08-20 09:12:06.350 [main] DEBUG c.e.mapper.LogOffsetMapper.insertLog - ==> Parameters: 2025-08-20 09:12:06.3491014(Timestamp), 14:34:23.109(String), [SpringApplicationShutdownHook] INFO  com.zaxxer.hikari.HikariDataSource - HikariPool-1 - Shutdown completed.(String)
2025-08-20 09:12:06.351 [main] DEBUG c.e.mapper.LogOffsetMapper.insertLog - <==    Updates: 1
2025-08-20 09:12:06.352 [main] DEBUG c.e.mapper.LogOffsetMapper.insertLog - ==>  Preparing: INSERT INTO swg_logs (log_time, level, message) VALUES (?, ?, ?)
2025-08-20 09:12:06.353 [main] DEBUG c.e.mapper.LogOffsetMapper.insertLog - ==> Parameters: 2025-08-20 09:12:06.3521014(Timestamp), 14:34:23.109(String), [SpringApplicationShutdownHook] INFO  새로운라인임1(String)
2025-08-20 09:12:06.355 [main] DEBUG c.e.mapper.LogOffsetMapper.insertLog - <==    Updates: 1
2025-08-20 09:12:06.356 [main] DEBUG c.e.mapper.LogOffsetMapper.insertLog - ==>  Preparing: INSERT INTO swg_logs (log_time, level, message) VALUES (?, ?, ?)
2025-08-20 09:12:06.358 [main] DEBUG c.e.mapper.LogOffsetMapper.insertLog - ==> Parameters: 2025-08-20 09:12:06.3566387(Timestamp), 14:34:23.109(String), [SpringApplicationShutdownHook] INFO  새로운라인임2(String)
2025-08-20 09:12:06.359 [main] DEBUG c.e.mapper.LogOffsetMapper.insertLog - <==    Updates: 1
2025-08-20 09:12:06.360 [main] DEBUG c.e.mapper.LogOffsetMapper.insertLog - ==>  Preparing: INSERT INTO swg_logs (log_time, level, message) VALUES (?, ?, ?)
2025-08-20 09:12:06.361 [main] DEBUG c.e.mapper.LogOffsetMapper.insertLog - ==> Parameters: 2025-08-20 09:12:06.3606389(Timestamp), 14:34:23.109(String), [SpringApplicationShutdownHook] INFO  새로운라인임3(String)
2025-08-20 09:12:06.363 [main] DEBUG c.e.mapper.LogOffsetMapper.insertLog - <==    Updates: 1
2025-08-20 09:12:07.117 [schedulerFactoryBean_Worker-1] DEBUG c.e.m.LogOffsetMapper.findByFileName - ==>  Preparing: SELECT position , last_modified FROM log_offset WHERE file_name = ?
2025-08-20 09:12:07.118 [schedulerFactoryBean_Worker-1] DEBUG c.e.m.LogOffsetMapper.findByFileName - ==> Parameters: C:/work/application.log(String)
2025-08-20 09:12:07.120 [schedulerFactoryBean_Worker-1] DEBUG c.e.m.LogOffsetMapper.findByFileName - <==      Total: 1
2025-08-20 09:12:07.122 [schedulerFactoryBean_Worker-1] DEBUG c.e.mapper.LogOffsetMapper.insertLog - ==>  Preparing: INSERT INTO swg_logs (log_time, level, message) VALUES (?, ?, ?)
2025-08-20 09:12:07.122 [schedulerFactoryBean_Worker-1] DEBUG c.e.mapper.LogOffsetMapper.insertLog - ==> Parameters: 2025-08-20 09:12:07.1228763(Timestamp), 14:33:43.877(String), [background-preinit] INFO  o.h.validator.internal.util.Version - HV000001: Hibernate Validator 8.0.2.Final 한글이있어요(String)
2025-08-20 09:12:07.124 [schedulerFactoryBean_Worker-1] DEBUG c.e.mapper.LogOffsetMapper.insertLog - <==    Updates: 1
2025-08-20 09:12:07.124 [schedulerFactoryBean_Worker-1] DEBUG c.e.mapper.LogOffsetMapper.insertLog - ==>  Preparing: INSERT INTO swg_logs (log_time, level, message) VALUES (?, ?, ?)
2025-08-20 09:12:07.126 [schedulerFactoryBean_Worker-1] DEBUG c.e.mapper.LogOffsetMapper.insertLog - ==> Parameters: 2025-08-20 09:12:07.1248757(Timestamp), 14:33:43.910(String), [main] INFO  c.example.service.BoardServiceTest - Starting BoardServiceTest using Java 17.0.3 with PID 30300 (started by lshan in C:\Users\lshan\git\base-project\demo-1)(String)
2025-08-20 09:12:07.126 [schedulerFactoryBean_Worker-1] DEBUG c.e.mapper.LogOffsetMapper.insertLog - <==    Updates: 1
2025-08-20 09:12:07.127 [schedulerFactoryBean_Worker-1] DEBUG c.e.mapper.LogOffsetMapper.insertLog - ==>  Preparing: INSERT INTO swg_logs (log_time, level, message) VALUES (?, ?, ?)
2025-08-20 09:12:07.127 [schedulerFactoryBean_Worker-1] DEBUG c.e.mapper.LogOffsetMapper.insertLog - ==> Parameters: 2025-08-20 09:12:07.1271525(Timestamp), 14:33:43.910(String), [main] DEBUG c.example.service.BoardServiceTest - Running with Spring Boot v3.4.4, Spring v6.2.5(String)
2025-08-20 09:12:07.127 [schedulerFactoryBean_Worker-1] DEBUG c.e.mapper.LogOffsetMapper.insertLog - <==    Updates: 1
2025-08-20 09:12:07.128 [schedulerFactoryBean_Worker-1] DEBUG c.e.mapper.LogOffsetMapper.insertLog - ==>  Preparing: INSERT INTO swg_logs (log_time, level, message) VALUES (?, ?, ?)
2025-08-20 09:12:07.128 [schedulerFactoryBean_Worker-1] DEBUG c.e.mapper.LogOffsetMapper.insertLog - ==> Parameters: 2025-08-20 09:12:07.1281523(Timestamp), 14:33:43.911(String), [main] INFO  c.example.service.BoardServiceTest - No active profile set, falling back to 1 default profile: "default"(String)
2025-08-20 09:12:07.128 [schedulerFactoryBean_Worker-1] DEBUG c.e.mapper.LogOffsetMapper.insertLog - <==    Updates: 1
2025-08-20 09:12:07.129 [schedulerFactoryBean_Worker-1] DEBUG c.e.mapper.LogOffsetMapper.insertLog - ==>  Preparing: INSERT INTO swg_logs (log_time, level, message) VALUES (?, ?, ?)
2025-08-20 09:12:07.129 [schedulerFactoryBean_Worker-1] DEBUG c.e.mapper.LogOffsetMapper.insertLog - ==> Parameters: 2025-08-20 09:12:07.1291522(Timestamp), 14:33:44.831(String), [main] INFO  com.zaxxer.hikari.HikariDataSource - HikariPool-1 - Starting...(String)
2025-08-20 09:12:07.129 [schedulerFactoryBean_Worker-1] DEBUG c.e.mapper.LogOffsetMapper.insertLog - <==    Updates: 1
2025-08-20 09:12:07.130 [schedulerFactoryBean_Worker-1] DEBUG c.e.mapper.LogOffsetMapper.insertLog - ==>  Preparing: INSERT INTO swg_logs (log_time, level, message) VALUES (?, ?, ?)
2025-08-20 09:12:07.130 [schedulerFactoryBean_Worker-1] DEBUG c.e.mapper.LogOffsetMapper.insertLog - ==> Parameters: 2025-08-20 09:12:07.130153(Timestamp), 14:33:44.962(String), [main] INFO  com.zaxxer.hikari.pool.HikariPool - HikariPool-1 - Added connection com.mysql.cj.jdbc.ConnectionImpl@251a90ce(String)
2025-08-20 09:12:07.130 [schedulerFactoryBean_Worker-1] DEBUG c.e.mapper.LogOffsetMapper.insertLog - <==    Updates: 1
2025-08-20 09:12:07.130 [schedulerFactoryBean_Worker-1] DEBUG c.e.mapper.LogOffsetMapper.insertLog - ==>  Preparing: INSERT INTO swg_logs (log_time, level, message) VALUES (?, ?, ?)
2025-08-20 09:12:07.131 [schedulerFactoryBean_Worker-1] DEBUG c.e.mapper.LogOffsetMapper.insertLog - ==> Parameters: 2025-08-20 09:12:07.1305793(Timestamp), 14:33:44.964(String), [main] INFO  com.zaxxer.hikari.HikariDataSource - HikariPool-1 - Start completed.(String)
2025-08-20 09:12:07.132 [schedulerFactoryBean_Worker-1] DEBUG c.e.mapper.LogOffsetMapper.insertLog - <==    Updates: 1
2025-08-20 09:12:07.133 [schedulerFactoryBean_Worker-1] DEBUG c.e.mapper.LogOffsetMapper.insertLog - ==>  Preparing: INSERT INTO swg_logs (log_time, level, message) VALUES (?, ?, ?)
2025-08-20 09:12:07.134 [schedulerFactoryBean_Worker-1] DEBUG c.e.mapper.LogOffsetMapper.insertLog - ==> Parameters: 2025-08-20 09:12:07.1337896(Timestamp), 14:33:45.795(String), [main] INFO  o.s.s.c.a.a.c.InitializeUserDetailsBeanManagerConfigurer$InitializeUserDetailsManagerConfigurer - Global AuthenticationManager configured with UserDetailsService bean with name userDetailsServiceImpl(String)
2025-08-20 09:12:07.135 [schedulerFactoryBean_Worker-1] DEBUG c.e.mapper.LogOffsetMapper.insertLog - <==    Updates: 1
2025-08-20 09:12:07.135 [schedulerFactoryBean_Worker-1] DEBUG c.e.mapper.LogOffsetMapper.insertLog - ==>  Preparing: INSERT INTO swg_logs (log_time, level, message) VALUES (?, ?, ?)
2025-08-20 09:12:07.135 [schedulerFactoryBean_Worker-1] DEBUG c.e.mapper.LogOffsetMapper.insertLog - ==> Parameters: 2025-08-20 09:12:07.1350381(Timestamp), 14:33:46.065(String), [main] INFO  o.s.s.quartz.LocalDataSourceJobStore - Using db table-based data access locking (synchronization).(String)
2025-08-20 09:12:07.135 [schedulerFactoryBean_Worker-1] DEBUG c.e.mapper.LogOffsetMapper.insertLog - <==    Updates: 1
2025-08-20 09:12:07.136 [schedulerFactoryBean_Worker-1] DEBUG c.e.mapper.LogOffsetMapper.insertLog - ==>  Preparing: INSERT INTO swg_logs (log_time, level, message) VALUES (?, ?, ?)
2025-08-20 09:12:07.136 [schedulerFactoryBean_Worker-1] DEBUG c.e.mapper.LogOffsetMapper.insertLog - ==> Parameters: 2025-08-20 09:12:07.1360437(Timestamp), 14:33:46.069(String), [main] INFO  o.s.s.quartz.LocalDataSourceJobStore - JobStoreCMT initialized.(String)
2025-08-20 09:12:07.136 [schedulerFactoryBean_Worker-1] DEBUG c.e.mapper.LogOffsetMapper.insertLog - <==    Updates: 1
2025-08-20 09:12:07.137 [schedulerFactoryBean_Worker-1] DEBUG c.e.mapper.LogOffsetMapper.insertLog - ==>  Preparing: INSERT INTO swg_logs (log_time, level, message) VALUES (?, ?, ?)
2025-08-20 09:12:07.137 [schedulerFactoryBean_Worker-1] DEBUG c.e.mapper.LogOffsetMapper.insertLog - ==> Parameters: 2025-08-20 09:12:07.1371143(Timestamp), 14:33:46.787(String), [main] INFO  o.s.s.quartz.SchedulerFactoryBean - Starting Quartz Scheduler now(String)
2025-08-20 09:12:07.137 [schedulerFactoryBean_Worker-1] DEBUG c.e.mapper.LogOffsetMapper.insertLog - <==    Updates: 1
2025-08-20 09:12:07.138 [schedulerFactoryBean_Worker-1] DEBUG c.e.mapper.LogOffsetMapper.insertLog - ==>  Preparing: INSERT INTO swg_logs (log_time, level, message) VALUES (?, ?, ?)
2025-08-20 09:12:07.138 [schedulerFactoryBean_Worker-1] DEBUG c.e.mapper.LogOffsetMapper.insertLog - ==> Parameters: 2025-08-20 09:12:07.1381212(Timestamp), 14:33:46.789(String), [main] INFO  o.s.s.quartz.LocalDataSourceJobStore - Freed 0 triggers from 'acquired' / 'blocked' state.(String)
2025-08-20 09:12:07.139 [schedulerFactoryBean_Worker-1] DEBUG c.e.mapper.LogOffsetMapper.insertLog - <==    Updates: 1
2025-08-20 09:12:07.139 [schedulerFactoryBean_Worker-1] DEBUG c.e.mapper.LogOffsetMapper.insertLog - ==>  Preparing: INSERT INTO swg_logs (log_time, level, message) VALUES (?, ?, ?)
2025-08-20 09:12:07.139 [schedulerFactoryBean_Worker-1] DEBUG c.e.mapper.LogOffsetMapper.insertLog - ==> Parameters: 2025-08-20 09:12:07.1392196(Timestamp), 14:33:46.791(String), [main] INFO  o.s.s.quartz.LocalDataSourceJobStore - Recovering 0 jobs that were in-progress at the time of the last shut-down.(String)
2025-08-20 09:12:07.140 [schedulerFactoryBean_Worker-1] DEBUG c.e.mapper.LogOffsetMapper.insertLog - <==    Updates: 1
2025-08-20 09:12:07.140 [schedulerFactoryBean_Worker-1] DEBUG c.e.mapper.LogOffsetMapper.insertLog - ==>  Preparing: INSERT INTO swg_logs (log_time, level, message) VALUES (?, ?, ?)
2025-08-20 09:12:07.140 [schedulerFactoryBean_Worker-1] DEBUG c.e.mapper.LogOffsetMapper.insertLog - ==> Parameters: 2025-08-20 09:12:07.1402191(Timestamp), 14:33:46.791(String), [main] INFO  o.s.s.quartz.LocalDataSourceJobStore - Recovery complete.(String)
2025-08-20 09:12:07.141 [schedulerFactoryBean_Worker-1] DEBUG c.e.mapper.LogOffsetMapper.insertLog - <==    Updates: 1
2025-08-20 09:12:07.141 [schedulerFactoryBean_Worker-1] DEBUG c.e.mapper.LogOffsetMapper.insertLog - ==>  Preparing: INSERT INTO swg_logs (log_time, level, message) VALUES (?, ?, ?)
2025-08-20 09:12:07.141 [schedulerFactoryBean_Worker-1] DEBUG c.e.mapper.LogOffsetMapper.insertLog - ==> Parameters: 2025-08-20 09:12:07.1412194(Timestamp), 14:33:46.792(String), [main] INFO  o.s.s.quartz.LocalDataSourceJobStore - Removed 0 'complete' triggers.(String)
2025-08-20 09:12:07.142 [schedulerFactoryBean_Worker-1] DEBUG c.e.mapper.LogOffsetMapper.insertLog - <==    Updates: 1
2025-08-20 09:12:07.142 [schedulerFactoryBean_Worker-1] DEBUG c.e.mapper.LogOffsetMapper.insertLog - ==>  Preparing: INSERT INTO swg_logs (log_time, level, message) VALUES (?, ?, ?)
2025-08-20 09:12:07.142 [schedulerFactoryBean_Worker-1] DEBUG c.e.mapper.LogOffsetMapper.insertLog - ==> Parameters: 2025-08-20 09:12:07.1422193(Timestamp), 14:33:46.792(String), [main] INFO  o.s.s.quartz.LocalDataSourceJobStore - Removed 0 stale fired job entries.(String)
2025-08-20 09:12:07.143 [schedulerFactoryBean_Worker-1] DEBUG c.e.mapper.LogOffsetMapper.insertLog - <==    Updates: 1
2025-08-20 09:12:07.143 [schedulerFactoryBean_Worker-1] DEBUG c.e.mapper.LogOffsetMapper.insertLog - ==>  Preparing: INSERT INTO swg_logs (log_time, level, message) VALUES (?, ?, ?)
2025-08-20 09:12:07.143 [schedulerFactoryBean_Worker-1] DEBUG c.e.mapper.LogOffsetMapper.insertLog - ==> Parameters: 2025-08-20 09:12:07.1432196(Timestamp), 14:33:46.807(String), [main] INFO  c.example.service.BoardServiceTest - Started BoardServiceTest in 3.14 seconds (process running for 3.821)(String)
2025-08-20 09:12:07.144 [schedulerFactoryBean_Worker-1] DEBUG c.e.mapper.LogOffsetMapper.insertLog - <==    Updates: 1
2025-08-20 09:12:07.145 [schedulerFactoryBean_Worker-1] DEBUG c.e.mapper.LogOffsetMapper.insertLog - ==>  Preparing: INSERT INTO swg_logs (log_time, level, message) VALUES (?, ?, ?)
2025-08-20 09:12:07.145 [schedulerFactoryBean_Worker-1] DEBUG c.e.mapper.LogOffsetMapper.insertLog - ==> Parameters: 2025-08-20 09:12:07.145732(Timestamp), 14:33:46.820(String), [main] DEBUG c.e.mapper.UserMapper.findByUserId - ==>  Preparing: SELECT id , user_id , password , user_name , refresh_token FROM users WHERE user_id = ?(String)
2025-08-20 09:12:07.146 [schedulerFactoryBean_Worker-1] DEBUG c.e.mapper.LogOffsetMapper.insertLog - <==    Updates: 1
2025-08-20 09:12:07.146 [schedulerFactoryBean_Worker-1] DEBUG c.e.mapper.LogOffsetMapper.insertLog - ==>  Preparing: INSERT INTO swg_logs (log_time, level, message) VALUES (?, ?, ?)
2025-08-20 09:12:07.146 [schedulerFactoryBean_Worker-1] DEBUG c.e.mapper.LogOffsetMapper.insertLog - ==> Parameters: 2025-08-20 09:12:07.1467318(Timestamp), 14:33:46.826(String), [main] DEBUG c.e.mapper.UserMapper.findByUserId - ==> Parameters: user123(String)(String)
2025-08-20 09:12:07.148 [schedulerFactoryBean_Worker-1] DEBUG c.e.mapper.LogOffsetMapper.insertLog - <==    Updates: 1
2025-08-20 09:12:07.148 [schedulerFactoryBean_Worker-1] DEBUG c.e.mapper.LogOffsetMapper.insertLog - ==>  Preparing: INSERT INTO swg_logs (log_time, level, message) VALUES (?, ?, ?)
2025-08-20 09:12:07.148 [schedulerFactoryBean_Worker-1] DEBUG c.e.mapper.LogOffsetMapper.insertLog - ==> Parameters: 2025-08-20 09:12:07.1487816(Timestamp), 14:33:46.834(String), [main] DEBUG c.e.mapper.UserMapper.findByUserId - <==      Total: 1(String)
2025-08-20 09:12:07.149 [schedulerFactoryBean_Worker-1] DEBUG c.e.mapper.LogOffsetMapper.insertLog - <==    Updates: 1
2025-08-20 09:12:07.149 [schedulerFactoryBean_Worker-1] DEBUG c.e.mapper.LogOffsetMapper.insertLog - ==>  Preparing: INSERT INTO swg_logs (log_time, level, message) VALUES (?, ?, ?)
2025-08-20 09:12:07.149 [schedulerFactoryBean_Worker-1] DEBUG c.e.mapper.LogOffsetMapper.insertLog - ==> Parameters: 2025-08-20 09:12:07.149296(Timestamp), 14:33:46.836(String), [main] DEBUG c.e.mapper.UserMapper.findByUserId - ==>  Preparing: SELECT id , user_id , password , user_name , refresh_token FROM users WHERE user_id = ?(String)
2025-08-20 09:12:07.150 [schedulerFactoryBean_Worker-1] DEBUG c.e.mapper.LogOffsetMapper.insertLog - <==    Updates: 1
2025-08-20 09:12:07.150 [schedulerFactoryBean_Worker-1] DEBUG c.e.mapper.LogOffsetMapper.insertLog - ==>  Preparing: INSERT INTO swg_logs (log_time, level, message) VALUES (?, ?, ?)
2025-08-20 09:12:07.151 [schedulerFactoryBean_Worker-1] DEBUG c.e.mapper.LogOffsetMapper.insertLog - ==> Parameters: 2025-08-20 09:12:07.1503007(Timestamp), 14:33:46.837(String), [main] DEBUG c.e.mapper.UserMapper.findByUserId - ==> Parameters: admin123(String)(String)
2025-08-20 09:12:07.151 [schedulerFactoryBean_Worker-1] DEBUG c.e.mapper.LogOffsetMapper.insertLog - <==    Updates: 1
2025-08-20 09:12:07.152 [schedulerFactoryBean_Worker-1] DEBUG c.e.mapper.LogOffsetMapper.insertLog - ==>  Preparing: INSERT INTO swg_logs (log_time, level, message) VALUES (?, ?, ?)
2025-08-20 09:12:07.152 [schedulerFactoryBean_Worker-1] DEBUG c.e.mapper.LogOffsetMapper.insertLog - ==> Parameters: 2025-08-20 09:12:07.151301(Timestamp), 14:33:46.838(String), [main] DEBUG c.e.mapper.UserMapper.findByUserId - <==      Total: 1(String)
2025-08-20 09:12:07.152 [schedulerFactoryBean_Worker-1] DEBUG c.e.mapper.LogOffsetMapper.insertLog - <==    Updates: 1
2025-08-20 09:12:07.153 [schedulerFactoryBean_Worker-1] DEBUG c.e.mapper.LogOffsetMapper.insertLog - ==>  Preparing: INSERT INTO swg_logs (log_time, level, message) VALUES (?, ?, ?)
2025-08-20 09:12:07.153 [schedulerFactoryBean_Worker-1] DEBUG c.e.mapper.LogOffsetMapper.insertLog - ==> Parameters: 2025-08-20 09:12:07.1533011(Timestamp), 14:33:47.308(String), [main] DEBUG c.e.mapper.BoardMapper.insertBoard - ==>  Preparing: INSERT INTO board (post_type, title, content, writer, created_at, updated_at) VALUES (?, ?, ?, ?, NOW(), NOW())(String)
2025-08-20 09:12:07.153 [schedulerFactoryBean_Worker-1] DEBUG c.e.mapper.LogOffsetMapper.insertLog - <==    Updates: 1
2025-08-20 09:12:07.154 [schedulerFactoryBean_Worker-1] DEBUG c.e.mapper.LogOffsetMapper.insertLog - ==>  Preparing: INSERT INTO swg_logs (log_time, level, message) VALUES (?, ?, ?)
2025-08-20 09:12:07.154 [schedulerFactoryBean_Worker-1] DEBUG c.e.mapper.LogOffsetMapper.insertLog - ==> Parameters: 2025-08-20 09:12:07.1533011(Timestamp), 14:33:47.308(String), [main] DEBUG c.e.mapper.BoardMapper.insertBoard - ==> Parameters: null, 테스트 제목입니다.(String), 냉무(String), 1(Long)(String)
2025-08-20 09:12:07.154 [schedulerFactoryBean_Worker-1] DEBUG c.e.mapper.LogOffsetMapper.insertLog - <==    Updates: 1
2025-08-20 09:12:07.154 [schedulerFactoryBean_Worker-1] DEBUG c.e.mapper.LogOffsetMapper.insertLog - ==>  Preparing: INSERT INTO swg_logs (log_time, level, message) VALUES (?, ?, ?)
2025-08-20 09:12:07.154 [schedulerFactoryBean_Worker-1] DEBUG c.e.mapper.LogOffsetMapper.insertLog - ==> Parameters: 2025-08-20 09:12:07.1548063(Timestamp), 14:33:47.310(String), [main] DEBUG c.e.mapper.BoardMapper.insertBoard - <==    Updates: 1(String)
2025-08-20 09:12:07.156 [schedulerFactoryBean_Worker-1] DEBUG c.e.mapper.LogOffsetMapper.insertLog - <==    Updates: 1
2025-08-20 09:12:07.156 [schedulerFactoryBean_Worker-1] DEBUG c.e.mapper.LogOffsetMapper.insertLog - ==>  Preparing: INSERT INTO swg_logs (log_time, level, message) VALUES (?, ?, ?)
2025-08-20 09:12:07.157 [schedulerFactoryBean_Worker-1] DEBUG c.e.mapper.LogOffsetMapper.insertLog - ==> Parameters: 2025-08-20 09:12:07.1561324(Timestamp), 14:33:47.313(String), [main] DEBUG c.e.m.A.insertAttachment - ==>  Preparing: INSERT INTO attachment (board_id, original_name, saved_name, file_path, file_size, uploaded_at) VALUES (?, ?, ?, ?, ?, NOW())(String)
2025-08-20 09:12:07.157 [schedulerFactoryBean_Worker-1] DEBUG c.e.mapper.LogOffsetMapper.insertLog - <==    Updates: 1
2025-08-20 09:12:07.158 [schedulerFactoryBean_Worker-1] DEBUG c.e.mapper.LogOffsetMapper.insertLog - ==>  Preparing: INSERT INTO swg_logs (log_time, level, message) VALUES (?, ?, ?)
2025-08-20 09:12:07.158 [schedulerFactoryBean_Worker-1] DEBUG c.e.mapper.LogOffsetMapper.insertLog - ==> Parameters: 2025-08-20 09:12:07.1581344(Timestamp), 14:33:47.313(String), [main] DEBUG c.e.m.A.insertAttachment - ==> Parameters: 8(Long), test.txt(String), c80fb6d4-bca0-4208-a4ac-3da29e964ea0_test.txt(String), C:\upload\files\c80fb6d4-bca0-4208-a4ac-3da29e964ea0_test.txt(String), 33(Long)(String)
2025-08-20 09:12:07.158 [schedulerFactoryBean_Worker-1] DEBUG c.e.mapper.LogOffsetMapper.insertLog - <==    Updates: 1
2025-08-20 09:12:07.158 [schedulerFactoryBean_Worker-1] DEBUG c.e.mapper.LogOffsetMapper.insertLog - ==>  Preparing: INSERT INTO swg_logs (log_time, level, message) VALUES (?, ?, ?)
2025-08-20 09:12:07.159 [schedulerFactoryBean_Worker-1] DEBUG c.e.mapper.LogOffsetMapper.insertLog - ==> Parameters: 2025-08-20 09:12:07.1581344(Timestamp), 14:33:47.314(String), [main] DEBUG c.e.m.A.insertAttachment - <==    Updates: 1(String)
2025-08-20 09:12:07.159 [schedulerFactoryBean_Worker-1] DEBUG c.e.mapper.LogOffsetMapper.insertLog - <==    Updates: 1
2025-08-20 09:12:07.160 [schedulerFactoryBean_Worker-1] DEBUG c.e.mapper.LogOffsetMapper.insertLog - ==>  Preparing: INSERT INTO swg_logs (log_time, level, message) VALUES (?, ?, ?)
2025-08-20 09:12:07.160 [schedulerFactoryBean_Worker-1] DEBUG c.e.mapper.LogOffsetMapper.insertLog - ==> Parameters: 2025-08-20 09:12:07.1601341(Timestamp), 14:33:47.330(String), [SpringApplicationShutdownHook] INFO  o.s.s.quartz.SchedulerFactoryBean - Shutting down Quartz Scheduler(String)
2025-08-20 09:12:07.160 [schedulerFactoryBean_Worker-1] DEBUG c.e.mapper.LogOffsetMapper.insertLog - <==    Updates: 1
2025-08-20 09:12:07.161 [schedulerFactoryBean_Worker-1] DEBUG c.e.mapper.LogOffsetMapper.insertLog - ==>  Preparing: INSERT INTO swg_logs (log_time, level, message) VALUES (?, ?, ?)
2025-08-20 09:12:07.161 [schedulerFactoryBean_Worker-1] DEBUG c.e.mapper.LogOffsetMapper.insertLog - ==> Parameters: 2025-08-20 09:12:07.1611344(Timestamp), 14:33:47.331(String), [SpringApplicationShutdownHook] INFO  com.zaxxer.hikari.HikariDataSource - HikariPool-1 - Shutdown initiated...(String)
2025-08-20 09:12:07.161 [schedulerFactoryBean_Worker-1] DEBUG c.e.mapper.LogOffsetMapper.insertLog - <==    Updates: 1
2025-08-20 09:12:07.162 [schedulerFactoryBean_Worker-1] DEBUG c.e.mapper.LogOffsetMapper.insertLog - ==>  Preparing: INSERT INTO swg_logs (log_time, level, message) VALUES (?, ?, ?)
2025-08-20 09:12:07.162 [schedulerFactoryBean_Worker-1] DEBUG c.e.mapper.LogOffsetMapper.insertLog - ==> Parameters: 2025-08-20 09:12:07.1621343(Timestamp), 14:33:47.335(String), [SpringApplicationShutdownHook] INFO  com.zaxxer.hikari.HikariDataSource - HikariPool-1 - Shutdown completed.(String)
2025-08-20 09:12:07.163 [schedulerFactoryBean_Worker-1] DEBUG c.e.mapper.LogOffsetMapper.insertLog - <==    Updates: 1
2025-08-20 09:12:07.163 [schedulerFactoryBean_Worker-1] DEBUG c.e.mapper.LogOffsetMapper.insertLog - ==>  Preparing: INSERT INTO swg_logs (log_time, level, message) VALUES (?, ?, ?)
2025-08-20 09:12:07.163 [schedulerFactoryBean_Worker-1] DEBUG c.e.mapper.LogOffsetMapper.insertLog - ==> Parameters: 2025-08-20 09:12:07.1631346(Timestamp), 14:34:19.899(String), [background-preinit] INFO  o.h.validator.internal.util.Version - HV000001: Hibernate Validator 8.0.2.Final(String)
2025-08-20 09:12:07.163 [schedulerFactoryBean_Worker-1] DEBUG c.e.mapper.LogOffsetMapper.insertLog - <==    Updates: 1
2025-08-20 09:12:07.163 [schedulerFactoryBean_Worker-1] DEBUG c.e.mapper.LogOffsetMapper.insertLog - ==>  Preparing: INSERT INTO swg_logs (log_time, level, message) VALUES (?, ?, ?)
2025-08-20 09:12:07.163 [schedulerFactoryBean_Worker-1] DEBUG c.e.mapper.LogOffsetMapper.insertLog - ==> Parameters: 2025-08-20 09:12:07.1631346(Timestamp), 14:34:19.928(String), [main] INFO  c.example.service.BoardServiceTest - Starting BoardServiceTest using Java 17.0.3 with PID 23608 (started by lshan in C:\Users\lshan\git\base-project\demo-1)(String)
2025-08-20 09:12:07.164 [schedulerFactoryBean_Worker-1] DEBUG c.e.mapper.LogOffsetMapper.insertLog - <==    Updates: 1
2025-08-20 09:12:07.164 [schedulerFactoryBean_Worker-1] DEBUG c.e.mapper.LogOffsetMapper.insertLog - ==>  Preparing: INSERT INTO swg_logs (log_time, level, message) VALUES (?, ?, ?)
2025-08-20 09:12:07.164 [schedulerFactoryBean_Worker-1] DEBUG c.e.mapper.LogOffsetMapper.insertLog - ==> Parameters: 2025-08-20 09:12:07.1646399(Timestamp), 14:34:19.928(String), [main] DEBUG c.example.service.BoardServiceTest - Running with Spring Boot v3.4.4, Spring v6.2.5(String)
2025-08-20 09:12:07.165 [schedulerFactoryBean_Worker-1] DEBUG c.e.mapper.LogOffsetMapper.insertLog - <==    Updates: 1
2025-08-20 09:12:07.165 [schedulerFactoryBean_Worker-1] DEBUG c.e.mapper.LogOffsetMapper.insertLog - ==>  Preparing: INSERT INTO swg_logs (log_time, level, message) VALUES (?, ?, ?)
2025-08-20 09:12:07.165 [schedulerFactoryBean_Worker-1] DEBUG c.e.mapper.LogOffsetMapper.insertLog - ==> Parameters: 2025-08-20 09:12:07.1656499(Timestamp), 14:34:19.928(String), [main] INFO  c.example.service.BoardServiceTest - No active profile set, falling back to 1 default profile: "default"(String)
2025-08-20 09:12:07.166 [schedulerFactoryBean_Worker-1] DEBUG c.e.mapper.LogOffsetMapper.insertLog - <==    Updates: 1
2025-08-20 09:12:07.166 [schedulerFactoryBean_Worker-1] DEBUG c.e.mapper.LogOffsetMapper.insertLog - ==>  Preparing: INSERT INTO swg_logs (log_time, level, message) VALUES (?, ?, ?)
2025-08-20 09:12:07.166 [schedulerFactoryBean_Worker-1] DEBUG c.e.mapper.LogOffsetMapper.insertLog - ==> Parameters: 2025-08-20 09:12:07.1668291(Timestamp), 14:34:20.791(String), [main] INFO  com.zaxxer.hikari.HikariDataSource - HikariPool-1 - Starting...(String)
2025-08-20 09:12:07.167 [schedulerFactoryBean_Worker-1] DEBUG c.e.mapper.LogOffsetMapper.insertLog - <==    Updates: 1
2025-08-20 09:12:07.167 [schedulerFactoryBean_Worker-1] DEBUG c.e.mapper.LogOffsetMapper.insertLog - ==>  Preparing: INSERT INTO swg_logs (log_time, level, message) VALUES (?, ?, ?)
2025-08-20 09:12:07.167 [schedulerFactoryBean_Worker-1] DEBUG c.e.mapper.LogOffsetMapper.insertLog - ==> Parameters: 2025-08-20 09:12:07.1678311(Timestamp), 14:34:20.916(String), [main] INFO  com.zaxxer.hikari.pool.HikariPool - HikariPool-1 - Added connection com.mysql.cj.jdbc.ConnectionImpl@27ab206(String)
2025-08-20 09:12:07.168 [schedulerFactoryBean_Worker-1] DEBUG c.e.mapper.LogOffsetMapper.insertLog - <==    Updates: 1
2025-08-20 09:12:07.168 [schedulerFactoryBean_Worker-1] DEBUG c.e.mapper.LogOffsetMapper.insertLog - ==>  Preparing: INSERT INTO swg_logs (log_time, level, message) VALUES (?, ?, ?)
2025-08-20 09:12:07.168 [schedulerFactoryBean_Worker-1] DEBUG c.e.mapper.LogOffsetMapper.insertLog - ==> Parameters: 2025-08-20 09:12:07.1688312(Timestamp), 14:34:20.917(String), [main] INFO  com.zaxxer.hikari.HikariDataSource - HikariPool-1 - Start completed.(String)
2025-08-20 09:12:07.169 [schedulerFactoryBean_Worker-1] DEBUG c.e.mapper.LogOffsetMapper.insertLog - <==    Updates: 1
2025-08-20 09:12:07.169 [schedulerFactoryBean_Worker-1] DEBUG c.e.mapper.LogOffsetMapper.insertLog - ==>  Preparing: INSERT INTO swg_logs (log_time, level, message) VALUES (?, ?, ?)
2025-08-20 09:12:07.169 [schedulerFactoryBean_Worker-1] DEBUG c.e.mapper.LogOffsetMapper.insertLog - ==> Parameters: 2025-08-20 09:12:07.1698317(Timestamp), 14:34:21.679(String), [main] INFO  o.s.s.c.a.a.c.InitializeUserDetailsBeanManagerConfigurer$InitializeUserDetailsManagerConfigurer - Global AuthenticationManager configured with UserDetailsService bean with name userDetailsServiceImpl(String)
2025-08-20 09:12:07.170 [schedulerFactoryBean_Worker-1] DEBUG c.e.mapper.LogOffsetMapper.insertLog - <==    Updates: 1
2025-08-20 09:12:07.170 [schedulerFactoryBean_Worker-1] DEBUG c.e.mapper.LogOffsetMapper.insertLog - ==>  Preparing: INSERT INTO swg_logs (log_time, level, message) VALUES (?, ?, ?)
2025-08-20 09:12:07.170 [schedulerFactoryBean_Worker-1] DEBUG c.e.mapper.LogOffsetMapper.insertLog - ==> Parameters: 2025-08-20 09:12:07.1708315(Timestamp), 14:34:21.920(String), [main] INFO  o.s.s.quartz.LocalDataSourceJobStore - Using db table-based data access locking (synchronization).(String)
2025-08-20 09:12:07.171 [schedulerFactoryBean_Worker-1] DEBUG c.e.mapper.LogOffsetMapper.insertLog - <==    Updates: 1
2025-08-20 09:12:07.171 [schedulerFactoryBean_Worker-1] DEBUG c.e.mapper.LogOffsetMapper.insertLog - ==>  Preparing: INSERT INTO swg_logs (log_time, level, message) VALUES (?, ?, ?)
2025-08-20 09:12:07.171 [schedulerFactoryBean_Worker-1] DEBUG c.e.mapper.LogOffsetMapper.insertLog - ==> Parameters: 2025-08-20 09:12:07.1718315(Timestamp), 14:34:21.924(String), [main] INFO  o.s.s.quartz.LocalDataSourceJobStore - JobStoreCMT initialized.(String)
2025-08-20 09:12:07.172 [schedulerFactoryBean_Worker-1] DEBUG c.e.mapper.LogOffsetMapper.insertLog - <==    Updates: 1
2025-08-20 09:12:07.172 [schedulerFactoryBean_Worker-1] DEBUG c.e.mapper.LogOffsetMapper.insertLog - ==>  Preparing: INSERT INTO swg_logs (log_time, level, message) VALUES (?, ?, ?)
2025-08-20 09:12:07.173 [schedulerFactoryBean_Worker-1] DEBUG c.e.mapper.LogOffsetMapper.insertLog - ==> Parameters: 2025-08-20 09:12:07.1728314(Timestamp), 14:34:22.586(String), [main] INFO  o.s.s.quartz.SchedulerFactoryBean - Starting Quartz Scheduler now(String)
2025-08-20 09:12:07.173 [schedulerFactoryBean_Worker-1] DEBUG c.e.mapper.LogOffsetMapper.insertLog - <==    Updates: 1
2025-08-20 09:12:07.174 [schedulerFactoryBean_Worker-1] DEBUG c.e.mapper.LogOffsetMapper.insertLog - ==>  Preparing: INSERT INTO swg_logs (log_time, level, message) VALUES (?, ?, ?)
2025-08-20 09:12:07.174 [schedulerFactoryBean_Worker-1] DEBUG c.e.mapper.LogOffsetMapper.insertLog - ==> Parameters: 2025-08-20 09:12:07.1748314(Timestamp), 14:34:22.588(String), [main] INFO  o.s.s.quartz.LocalDataSourceJobStore - Freed 0 triggers from 'acquired' / 'blocked' state.(String)
2025-08-20 09:12:07.175 [schedulerFactoryBean_Worker-1] DEBUG c.e.mapper.LogOffsetMapper.insertLog - <==    Updates: 1
2025-08-20 09:12:07.175 [schedulerFactoryBean_Worker-1] DEBUG c.e.mapper.LogOffsetMapper.insertLog - ==>  Preparing: INSERT INTO swg_logs (log_time, level, message) VALUES (?, ?, ?)
2025-08-20 09:12:07.176 [schedulerFactoryBean_Worker-1] DEBUG c.e.mapper.LogOffsetMapper.insertLog - ==> Parameters: 2025-08-20 09:12:07.1758453(Timestamp), 14:34:22.590(String), [main] INFO  o.s.s.quartz.LocalDataSourceJobStore - Recovering 0 jobs that were in-progress at the time of the last shut-down.(String)
2025-08-20 09:12:07.176 [schedulerFactoryBean_Worker-1] DEBUG c.e.mapper.LogOffsetMapper.insertLog - <==    Updates: 1
2025-08-20 09:12:07.176 [schedulerFactoryBean_Worker-1] DEBUG c.e.mapper.LogOffsetMapper.insertLog - ==>  Preparing: INSERT INTO swg_logs (log_time, level, message) VALUES (?, ?, ?)
2025-08-20 09:12:07.176 [schedulerFactoryBean_Worker-1] DEBUG c.e.mapper.LogOffsetMapper.insertLog - ==> Parameters: 2025-08-20 09:12:07.1768455(Timestamp), 14:34:22.590(String), [main] INFO  o.s.s.quartz.LocalDataSourceJobStore - Recovery complete.(String)
2025-08-20 09:12:07.177 [schedulerFactoryBean_Worker-1] DEBUG c.e.mapper.LogOffsetMapper.insertLog - <==    Updates: 1
2025-08-20 09:12:07.177 [schedulerFactoryBean_Worker-1] DEBUG c.e.mapper.LogOffsetMapper.insertLog - ==>  Preparing: INSERT INTO swg_logs (log_time, level, message) VALUES (?, ?, ?)
2025-08-20 09:12:07.177 [schedulerFactoryBean_Worker-1] DEBUG c.e.mapper.LogOffsetMapper.insertLog - ==> Parameters: 2025-08-20 09:12:07.1778457(Timestamp), 14:34:22.590(String), [main] INFO  o.s.s.quartz.LocalDataSourceJobStore - Removed 0 'complete' triggers.(String)
2025-08-20 09:12:07.178 [schedulerFactoryBean_Worker-1] DEBUG c.e.mapper.LogOffsetMapper.insertLog - <==    Updates: 1
2025-08-20 09:12:07.178 [schedulerFactoryBean_Worker-1] DEBUG c.e.mapper.LogOffsetMapper.insertLog - ==>  Preparing: INSERT INTO swg_logs (log_time, level, message) VALUES (?, ?, ?)
2025-08-20 09:12:07.178 [schedulerFactoryBean_Worker-1] DEBUG c.e.mapper.LogOffsetMapper.insertLog - ==> Parameters: 2025-08-20 09:12:07.1788452(Timestamp), 14:34:22.590(String), [main] INFO  o.s.s.quartz.LocalDataSourceJobStore - Removed 0 stale fired job entries.(String)
2025-08-20 09:12:07.178 [schedulerFactoryBean_Worker-1] DEBUG c.e.mapper.LogOffsetMapper.insertLog - <==    Updates: 1
2025-08-20 09:12:07.179 [schedulerFactoryBean_Worker-1] DEBUG c.e.mapper.LogOffsetMapper.insertLog - ==>  Preparing: INSERT INTO swg_logs (log_time, level, message) VALUES (?, ?, ?)
2025-08-20 09:12:07.179 [schedulerFactoryBean_Worker-1] DEBUG c.e.mapper.LogOffsetMapper.insertLog - ==> Parameters: 2025-08-20 09:12:07.1798466(Timestamp), 14:34:22.600(String), [main] INFO  c.example.service.BoardServiceTest - Started BoardServiceTest in 2.926 seconds (process running for 3.588)(String)
2025-08-20 09:12:07.179 [schedulerFactoryBean_Worker-1] DEBUG c.e.mapper.LogOffsetMapper.insertLog - <==    Updates: 1
2025-08-20 09:12:07.180 [schedulerFactoryBean_Worker-1] DEBUG c.e.mapper.LogOffsetMapper.insertLog - ==>  Preparing: INSERT INTO swg_logs (log_time, level, message) VALUES (?, ?, ?)
2025-08-20 09:12:07.180 [schedulerFactoryBean_Worker-1] DEBUG c.e.mapper.LogOffsetMapper.insertLog - ==> Parameters: 2025-08-20 09:12:07.1808462(Timestamp), 14:34:22.611(String), [main] DEBUG c.e.mapper.UserMapper.findByUserId - ==>  Preparing: SELECT id , user_id , password , user_name , refresh_token FROM users WHERE user_id = ?(String)
2025-08-20 09:12:07.181 [schedulerFactoryBean_Worker-1] DEBUG c.e.mapper.LogOffsetMapper.insertLog - <==    Updates: 1
2025-08-20 09:12:07.181 [schedulerFactoryBean_Worker-1] DEBUG c.e.mapper.LogOffsetMapper.insertLog - ==>  Preparing: INSERT INTO swg_logs (log_time, level, message) VALUES (?, ?, ?)
2025-08-20 09:12:07.181 [schedulerFactoryBean_Worker-1] DEBUG c.e.mapper.LogOffsetMapper.insertLog - ==> Parameters: 2025-08-20 09:12:07.181846(Timestamp), 14:34:22.617(String), [main] DEBUG c.e.mapper.UserMapper.findByUserId - ==> Parameters: user123(String)(String)
2025-08-20 09:12:07.182 [schedulerFactoryBean_Worker-1] DEBUG c.e.mapper.LogOffsetMapper.insertLog - <==    Updates: 1
2025-08-20 09:12:07.182 [schedulerFactoryBean_Worker-1] DEBUG c.e.mapper.LogOffsetMapper.insertLog - ==>  Preparing: INSERT INTO swg_logs (log_time, level, message) VALUES (?, ?, ?)
2025-08-20 09:12:07.182 [schedulerFactoryBean_Worker-1] DEBUG c.e.mapper.LogOffsetMapper.insertLog - ==> Parameters: 2025-08-20 09:12:07.182845(Timestamp), 14:34:22.624(String), [main] DEBUG c.e.mapper.UserMapper.findByUserId - <==      Total: 1(String)
2025-08-20 09:12:07.183 [schedulerFactoryBean_Worker-1] DEBUG c.e.mapper.LogOffsetMapper.insertLog - <==    Updates: 1
2025-08-20 09:12:07.183 [schedulerFactoryBean_Worker-1] DEBUG c.e.mapper.LogOffsetMapper.insertLog - ==>  Preparing: INSERT INTO swg_logs (log_time, level, message) VALUES (?, ?, ?)
2025-08-20 09:12:07.183 [schedulerFactoryBean_Worker-1] DEBUG c.e.mapper.LogOffsetMapper.insertLog - ==> Parameters: 2025-08-20 09:12:07.1838457(Timestamp), 14:34:22.624(String), [main] DEBUG c.e.mapper.UserMapper.findByUserId - ==>  Preparing: SELECT id , user_id , password , user_name , refresh_token FROM users WHERE user_id = ?(String)
2025-08-20 09:12:07.183 [schedulerFactoryBean_Worker-1] DEBUG c.e.mapper.LogOffsetMapper.insertLog - <==    Updates: 1
2025-08-20 09:12:07.184 [schedulerFactoryBean_Worker-1] DEBUG c.e.mapper.LogOffsetMapper.insertLog - ==>  Preparing: INSERT INTO swg_logs (log_time, level, message) VALUES (?, ?, ?)
2025-08-20 09:12:07.184 [schedulerFactoryBean_Worker-1] DEBUG c.e.mapper.LogOffsetMapper.insertLog - ==> Parameters: 2025-08-20 09:12:07.1848456(Timestamp), 14:34:22.625(String), [main] DEBUG c.e.mapper.UserMapper.findByUserId - ==> Parameters: admin123(String)(String)
2025-08-20 09:12:07.185 [schedulerFactoryBean_Worker-1] DEBUG c.e.mapper.LogOffsetMapper.insertLog - <==    Updates: 1
2025-08-20 09:12:07.185 [schedulerFactoryBean_Worker-1] DEBUG c.e.mapper.LogOffsetMapper.insertLog - ==>  Preparing: INSERT INTO swg_logs (log_time, level, message) VALUES (?, ?, ?)
2025-08-20 09:12:07.185 [schedulerFactoryBean_Worker-1] DEBUG c.e.mapper.LogOffsetMapper.insertLog - ==> Parameters: 2025-08-20 09:12:07.1858611(Timestamp), 14:34:22.625(String), [main] DEBUG c.e.mapper.UserMapper.findByUserId - <==      Total: 1(String)
2025-08-20 09:12:07.185 [schedulerFactoryBean_Worker-1] DEBUG c.e.mapper.LogOffsetMapper.insertLog - <==    Updates: 1
2025-08-20 09:12:07.187 [schedulerFactoryBean_Worker-1] DEBUG c.e.mapper.LogOffsetMapper.insertLog - ==>  Preparing: INSERT INTO swg_logs (log_time, level, message) VALUES (?, ?, ?)
2025-08-20 09:12:07.187 [schedulerFactoryBean_Worker-1] DEBUG c.e.mapper.LogOffsetMapper.insertLog - ==> Parameters: 2025-08-20 09:12:07.1870853(Timestamp), 14:34:23.044(String), [main] DEBUG c.e.m.BoardMapper.selectBoardList - ==>  Preparing: SELECT * FROM board ORDER BY created_at DESC LIMIT ? OFFSET ?(String)
2025-08-20 09:12:07.187 [schedulerFactoryBean_Worker-1] DEBUG c.e.mapper.LogOffsetMapper.insertLog - <==    Updates: 1
2025-08-20 09:12:07.187 [schedulerFactoryBean_Worker-1] DEBUG c.e.mapper.LogOffsetMapper.insertLog - ==>  Preparing: INSERT INTO swg_logs (log_time, level, message) VALUES (?, ?, ?)
2025-08-20 09:12:07.188 [schedulerFactoryBean_Worker-1] DEBUG c.e.mapper.LogOffsetMapper.insertLog - ==> Parameters: 2025-08-20 09:12:07.1870853(Timestamp), 14:34:23.044(String), [main] DEBUG c.e.m.BoardMapper.selectBoardList - ==> Parameters: 10(Integer), 0(Integer)(String)
2025-08-20 09:12:07.188 [schedulerFactoryBean_Worker-1] DEBUG c.e.mapper.LogOffsetMapper.insertLog - <==    Updates: 1
2025-08-20 09:12:07.188 [schedulerFactoryBean_Worker-1] DEBUG c.e.mapper.LogOffsetMapper.insertLog - ==>  Preparing: INSERT INTO swg_logs (log_time, level, message) VALUES (?, ?, ?)
2025-08-20 09:12:07.188 [schedulerFactoryBean_Worker-1] DEBUG c.e.mapper.LogOffsetMapper.insertLog - ==> Parameters: 2025-08-20 09:12:07.1880856(Timestamp), 14:34:23.054(String), [main] DEBUG c.e.m.BoardMapper.selectBoardList - <==      Total: 5(String)
2025-08-20 09:12:07.189 [schedulerFactoryBean_Worker-1] DEBUG c.e.mapper.LogOffsetMapper.insertLog - <==    Updates: 1
2025-08-20 09:12:07.189 [schedulerFactoryBean_Worker-1] DEBUG c.e.mapper.LogOffsetMapper.insertLog - ==>  Preparing: INSERT INTO swg_logs (log_time, level, message) VALUES (?, ?, ?)
2025-08-20 09:12:07.189 [schedulerFactoryBean_Worker-1] DEBUG c.e.mapper.LogOffsetMapper.insertLog - ==> Parameters: 2025-08-20 09:12:07.1890851(Timestamp), 14:34:23.055(String), [main] DEBUG c.e.m.C.selectCommentsByBoardId - ==>  Preparing: SELECT * FROM comment WHERE board_id = ? ORDER BY created_at ASC(String)
2025-08-20 09:12:07.190 [schedulerFactoryBean_Worker-1] DEBUG c.e.mapper.LogOffsetMapper.insertLog - <==    Updates: 1
2025-08-20 09:12:07.190 [schedulerFactoryBean_Worker-1] DEBUG c.e.mapper.LogOffsetMapper.insertLog - ==>  Preparing: INSERT INTO swg_logs (log_time, level, message) VALUES (?, ?, ?)
2025-08-20 09:12:07.190 [schedulerFactoryBean_Worker-1] DEBUG c.e.mapper.LogOffsetMapper.insertLog - ==> Parameters: 2025-08-20 09:12:07.1900851(Timestamp), 14:34:23.056(String), [main] DEBUG c.e.m.C.selectCommentsByBoardId - ==> Parameters: 8(Long)(String)
2025-08-20 09:12:07.190 [schedulerFactoryBean_Worker-1] DEBUG c.e.mapper.LogOffsetMapper.insertLog - <==    Updates: 1
2025-08-20 09:12:07.191 [schedulerFactoryBean_Worker-1] DEBUG c.e.mapper.LogOffsetMapper.insertLog - ==>  Preparing: INSERT INTO swg_logs (log_time, level, message) VALUES (?, ?, ?)
2025-08-20 09:12:07.191 [schedulerFactoryBean_Worker-1] DEBUG c.e.mapper.LogOffsetMapper.insertLog - ==> Parameters: 2025-08-20 09:12:07.191085(Timestamp), 14:34:23.057(String), [main] DEBUG c.e.m.C.selectCommentsByBoardId - <==      Total: 0(String)
2025-08-20 09:12:07.191 [schedulerFactoryBean_Worker-1] DEBUG c.e.mapper.LogOffsetMapper.insertLog - <==    Updates: 1
2025-08-20 09:12:07.191 [schedulerFactoryBean_Worker-1] DEBUG c.e.mapper.LogOffsetMapper.insertLog - ==>  Preparing: INSERT INTO swg_logs (log_time, level, message) VALUES (?, ?, ?)
2025-08-20 09:12:07.192 [schedulerFactoryBean_Worker-1] DEBUG c.e.mapper.LogOffsetMapper.insertLog - ==> Parameters: 2025-08-20 09:12:07.191085(Timestamp), 14:34:23.058(String), [main] DEBUG c.e.m.A.selectAttachmentsByBoardId - ==>  Preparing: SELECT * FROM attachment WHERE board_id = ?(String)
2025-08-20 09:12:07.192 [schedulerFactoryBean_Worker-1] DEBUG c.e.mapper.LogOffsetMapper.insertLog - <==    Updates: 1
2025-08-20 09:12:07.192 [schedulerFactoryBean_Worker-1] DEBUG c.e.mapper.LogOffsetMapper.insertLog - ==>  Preparing: INSERT INTO swg_logs (log_time, level, message) VALUES (?, ?, ?)
2025-08-20 09:12:07.192 [schedulerFactoryBean_Worker-1] DEBUG c.e.mapper.LogOffsetMapper.insertLog - ==> Parameters: 2025-08-20 09:12:07.192085(Timestamp), 14:34:23.058(String), [main] DEBUG c.e.m.A.selectAttachmentsByBoardId - ==> Parameters: 8(Long)(String)
2025-08-20 09:12:07.193 [schedulerFactoryBean_Worker-1] DEBUG c.e.mapper.LogOffsetMapper.insertLog - <==    Updates: 1
2025-08-20 09:12:07.193 [schedulerFactoryBean_Worker-1] DEBUG c.e.mapper.LogOffsetMapper.insertLog - ==>  Preparing: INSERT INTO swg_logs (log_time, level, message) VALUES (?, ?, ?)
2025-08-20 09:12:07.193 [schedulerFactoryBean_Worker-1] DEBUG c.e.mapper.LogOffsetMapper.insertLog - ==> Parameters: 2025-08-20 09:12:07.1930846(Timestamp), 14:34:23.059(String), [main] DEBUG c.e.m.A.selectAttachmentsByBoardId - <==      Total: 1(String)
2025-08-20 09:12:07.193 [schedulerFactoryBean_Worker-1] DEBUG c.e.mapper.LogOffsetMapper.insertLog - <==    Updates: 1
2025-08-20 09:12:07.193 [schedulerFactoryBean_Worker-1] DEBUG c.e.mapper.LogOffsetMapper.insertLog - ==>  Preparing: INSERT INTO swg_logs (log_time, level, message) VALUES (?, ?, ?)
2025-08-20 09:12:07.193 [schedulerFactoryBean_Worker-1] DEBUG c.e.mapper.LogOffsetMapper.insertLog - ==> Parameters: 2025-08-20 09:12:07.1930846(Timestamp), 14:34:23.064(String), [main] DEBUG c.e.m.C.selectCommentsByBoardId - ==>  Preparing: SELECT * FROM comment WHERE board_id = ? ORDER BY created_at ASC(String)
2025-08-20 09:12:07.194 [schedulerFactoryBean_Worker-1] DEBUG c.e.mapper.LogOffsetMapper.insertLog - <==    Updates: 1
2025-08-20 09:12:07.194 [schedulerFactoryBean_Worker-1] DEBUG c.e.mapper.LogOffsetMapper.insertLog - ==>  Preparing: INSERT INTO swg_logs (log_time, level, message) VALUES (?, ?, ?)
2025-08-20 09:12:07.194 [schedulerFactoryBean_Worker-1] DEBUG c.e.mapper.LogOffsetMapper.insertLog - ==> Parameters: 2025-08-20 09:12:07.1945904(Timestamp), 14:34:23.065(String), [main] DEBUG c.e.m.C.selectCommentsByBoardId - ==> Parameters: 7(Long)(String)
2025-08-20 09:12:07.194 [schedulerFactoryBean_Worker-1] DEBUG c.e.mapper.LogOffsetMapper.insertLog - <==    Updates: 1
2025-08-20 09:12:07.195 [schedulerFactoryBean_Worker-1] DEBUG c.e.mapper.LogOffsetMapper.insertLog - ==>  Preparing: INSERT INTO swg_logs (log_time, level, message) VALUES (?, ?, ?)
2025-08-20 09:12:07.195 [schedulerFactoryBean_Worker-1] DEBUG c.e.mapper.LogOffsetMapper.insertLog - ==> Parameters: 2025-08-20 09:12:07.1955982(Timestamp), 14:34:23.065(String), [main] DEBUG c.e.m.C.selectCommentsByBoardId - <==      Total: 0(String)
2025-08-20 09:12:07.195 [schedulerFactoryBean_Worker-1] DEBUG c.e.mapper.LogOffsetMapper.insertLog - <==    Updates: 1
2025-08-20 09:12:07.195 [schedulerFactoryBean_Worker-1] DEBUG c.e.mapper.LogOffsetMapper.insertLog - ==>  Preparing: INSERT INTO swg_logs (log_time, level, message) VALUES (?, ?, ?)
2025-08-20 09:12:07.195 [schedulerFactoryBean_Worker-1] DEBUG c.e.mapper.LogOffsetMapper.insertLog - ==> Parameters: 2025-08-20 09:12:07.1955982(Timestamp), 14:34:23.065(String), [main] DEBUG c.e.m.A.selectAttachmentsByBoardId - ==>  Preparing: SELECT * FROM attachment WHERE board_id = ?(String)
2025-08-20 09:12:07.196 [schedulerFactoryBean_Worker-1] DEBUG c.e.mapper.LogOffsetMapper.insertLog - <==    Updates: 1
2025-08-20 09:12:07.196 [schedulerFactoryBean_Worker-1] DEBUG c.e.mapper.LogOffsetMapper.insertLog - ==>  Preparing: INSERT INTO swg_logs (log_time, level, message) VALUES (?, ?, ?)
2025-08-20 09:12:07.196 [schedulerFactoryBean_Worker-1] DEBUG c.e.mapper.LogOffsetMapper.insertLog - ==> Parameters: 2025-08-20 09:12:07.1966796(Timestamp), 14:34:23.067(String), [main] DEBUG c.e.m.A.selectAttachmentsByBoardId - ==> Parameters: 7(Long)(String)
2025-08-20 09:12:07.196 [schedulerFactoryBean_Worker-1] DEBUG c.e.mapper.LogOffsetMapper.insertLog - <==    Updates: 1
2025-08-20 09:12:07.197 [schedulerFactoryBean_Worker-1] DEBUG c.e.mapper.LogOffsetMapper.insertLog - ==>  Preparing: INSERT INTO swg_logs (log_time, level, message) VALUES (?, ?, ?)
2025-08-20 09:12:07.197 [schedulerFactoryBean_Worker-1] DEBUG c.e.mapper.LogOffsetMapper.insertLog - ==> Parameters: 2025-08-20 09:12:07.1976794(Timestamp), 14:34:23.067(String), [main] DEBUG c.e.m.A.selectAttachmentsByBoardId - <==      Total: 1(String)
2025-08-20 09:12:07.197 [schedulerFactoryBean_Worker-1] DEBUG c.e.mapper.LogOffsetMapper.insertLog - <==    Updates: 1
2025-08-20 09:12:07.197 [schedulerFactoryBean_Worker-1] DEBUG c.e.mapper.LogOffsetMapper.insertLog - ==>  Preparing: INSERT INTO swg_logs (log_time, level, message) VALUES (?, ?, ?)
2025-08-20 09:12:07.197 [schedulerFactoryBean_Worker-1] DEBUG c.e.mapper.LogOffsetMapper.insertLog - ==> Parameters: 2025-08-20 09:12:07.1976794(Timestamp), 14:34:23.068(String), [main] DEBUG c.e.m.C.selectCommentsByBoardId - ==>  Preparing: SELECT * FROM comment WHERE board_id = ? ORDER BY created_at ASC(String)
2025-08-20 09:12:07.198 [schedulerFactoryBean_Worker-1] DEBUG c.e.mapper.LogOffsetMapper.insertLog - <==    Updates: 1
2025-08-20 09:12:07.198 [schedulerFactoryBean_Worker-1] DEBUG c.e.mapper.LogOffsetMapper.insertLog - ==>  Preparing: INSERT INTO swg_logs (log_time, level, message) VALUES (?, ?, ?)
2025-08-20 09:12:07.198 [schedulerFactoryBean_Worker-1] DEBUG c.e.mapper.LogOffsetMapper.insertLog - ==> Parameters: 2025-08-20 09:12:07.1986794(Timestamp), 14:34:23.068(String), [main] DEBUG c.e.m.C.selectCommentsByBoardId - ==> Parameters: 6(Long)(String)
2025-08-20 09:12:07.198 [schedulerFactoryBean_Worker-1] DEBUG c.e.mapper.LogOffsetMapper.insertLog - <==    Updates: 1
2025-08-20 09:12:07.199 [schedulerFactoryBean_Worker-1] DEBUG c.e.mapper.LogOffsetMapper.insertLog - ==>  Preparing: INSERT INTO swg_logs (log_time, level, message) VALUES (?, ?, ?)
2025-08-20 09:12:07.199 [schedulerFactoryBean_Worker-1] DEBUG c.e.mapper.LogOffsetMapper.insertLog - ==> Parameters: 2025-08-20 09:12:07.1996795(Timestamp), 14:34:23.069(String), [main] DEBUG c.e.m.C.selectCommentsByBoardId - <==      Total: 0(String)
2025-08-20 09:12:07.199 [schedulerFactoryBean_Worker-1] DEBUG c.e.mapper.LogOffsetMapper.insertLog - <==    Updates: 1
2025-08-20 09:12:07.200 [schedulerFactoryBean_Worker-1] DEBUG c.e.mapper.LogOffsetMapper.insertLog - ==>  Preparing: INSERT INTO swg_logs (log_time, level, message) VALUES (?, ?, ?)
2025-08-20 09:12:07.200 [schedulerFactoryBean_Worker-1] DEBUG c.e.mapper.LogOffsetMapper.insertLog - ==> Parameters: 2025-08-20 09:12:07.2006796(Timestamp), 14:34:23.069(String), [main] DEBUG c.e.m.A.selectAttachmentsByBoardId - ==>  Preparing: SELECT * FROM attachment WHERE board_id = ?(String)
2025-08-20 09:12:07.200 [schedulerFactoryBean_Worker-1] DEBUG c.e.mapper.LogOffsetMapper.insertLog - <==    Updates: 1
2025-08-20 09:12:07.201 [schedulerFactoryBean_Worker-1] DEBUG c.e.mapper.LogOffsetMapper.insertLog - ==>  Preparing: INSERT INTO swg_logs (log_time, level, message) VALUES (?, ?, ?)
2025-08-20 09:12:07.201 [schedulerFactoryBean_Worker-1] DEBUG c.e.mapper.LogOffsetMapper.insertLog - ==> Parameters: 2025-08-20 09:12:07.2016794(Timestamp), 14:34:23.069(String), [main] DEBUG c.e.m.A.selectAttachmentsByBoardId - ==> Parameters: 6(Long)(String)
2025-08-20 09:12:07.201 [schedulerFactoryBean_Worker-1] DEBUG c.e.mapper.LogOffsetMapper.insertLog - <==    Updates: 1
2025-08-20 09:12:07.201 [schedulerFactoryBean_Worker-1] DEBUG c.e.mapper.LogOffsetMapper.insertLog - ==>  Preparing: INSERT INTO swg_logs (log_time, level, message) VALUES (?, ?, ?)
2025-08-20 09:12:07.201 [schedulerFactoryBean_Worker-1] DEBUG c.e.mapper.LogOffsetMapper.insertLog - ==> Parameters: 2025-08-20 09:12:07.2016794(Timestamp), 14:34:23.070(String), [main] DEBUG c.e.m.A.selectAttachmentsByBoardId - <==      Total: 1(String)
2025-08-20 09:12:07.202 [schedulerFactoryBean_Worker-1] DEBUG c.e.mapper.LogOffsetMapper.insertLog - <==    Updates: 1
2025-08-20 09:12:07.202 [schedulerFactoryBean_Worker-1] DEBUG c.e.mapper.LogOffsetMapper.insertLog - ==>  Preparing: INSERT INTO swg_logs (log_time, level, message) VALUES (?, ?, ?)
2025-08-20 09:12:07.202 [schedulerFactoryBean_Worker-1] DEBUG c.e.mapper.LogOffsetMapper.insertLog - ==> Parameters: 2025-08-20 09:12:07.2026797(Timestamp), 14:34:23.070(String), [main] DEBUG c.e.m.C.selectCommentsByBoardId - ==>  Preparing: SELECT * FROM comment WHERE board_id = ? ORDER BY created_at ASC(String)
2025-08-20 09:12:07.202 [schedulerFactoryBean_Worker-1] DEBUG c.e.mapper.LogOffsetMapper.insertLog - <==    Updates: 1
2025-08-20 09:12:07.203 [schedulerFactoryBean_Worker-1] DEBUG c.e.mapper.LogOffsetMapper.insertLog - ==>  Preparing: INSERT INTO swg_logs (log_time, level, message) VALUES (?, ?, ?)
2025-08-20 09:12:07.203 [schedulerFactoryBean_Worker-1] DEBUG c.e.mapper.LogOffsetMapper.insertLog - ==> Parameters: 2025-08-20 09:12:07.2036795(Timestamp), 14:34:23.070(String), [main] DEBUG c.e.m.C.selectCommentsByBoardId - ==> Parameters: 5(Long)(String)
2025-08-20 09:12:07.203 [schedulerFactoryBean_Worker-1] DEBUG c.e.mapper.LogOffsetMapper.insertLog - <==    Updates: 1
2025-08-20 09:12:07.203 [schedulerFactoryBean_Worker-1] DEBUG c.e.mapper.LogOffsetMapper.insertLog - ==>  Preparing: INSERT INTO swg_logs (log_time, level, message) VALUES (?, ?, ?)
2025-08-20 09:12:07.203 [schedulerFactoryBean_Worker-1] DEBUG c.e.mapper.LogOffsetMapper.insertLog - ==> Parameters: 2025-08-20 09:12:07.2036795(Timestamp), 14:34:23.071(String), [main] DEBUG c.e.m.C.selectCommentsByBoardId - <==      Total: 0(String)
2025-08-20 09:12:07.204 [schedulerFactoryBean_Worker-1] DEBUG c.e.mapper.LogOffsetMapper.insertLog - <==    Updates: 1
2025-08-20 09:12:07.204 [schedulerFactoryBean_Worker-1] DEBUG c.e.mapper.LogOffsetMapper.insertLog - ==>  Preparing: INSERT INTO swg_logs (log_time, level, message) VALUES (?, ?, ?)
2025-08-20 09:12:07.204 [schedulerFactoryBean_Worker-1] DEBUG c.e.mapper.LogOffsetMapper.insertLog - ==> Parameters: 2025-08-20 09:12:07.2046798(Timestamp), 14:34:23.071(String), [main] DEBUG c.e.m.A.selectAttachmentsByBoardId - ==>  Preparing: SELECT * FROM attachment WHERE board_id = ?(String)
2025-08-20 09:12:07.204 [schedulerFactoryBean_Worker-1] DEBUG c.e.mapper.LogOffsetMapper.insertLog - <==    Updates: 1
2025-08-20 09:12:07.205 [schedulerFactoryBean_Worker-1] DEBUG c.e.mapper.LogOffsetMapper.insertLog - ==>  Preparing: INSERT INTO swg_logs (log_time, level, message) VALUES (?, ?, ?)
2025-08-20 09:12:07.205 [schedulerFactoryBean_Worker-1] DEBUG c.e.mapper.LogOffsetMapper.insertLog - ==> Parameters: 2025-08-20 09:12:07.2057418(Timestamp), 14:34:23.071(String), [main] DEBUG c.e.m.A.selectAttachmentsByBoardId - ==> Parameters: 5(Long)(String)
2025-08-20 09:12:07.205 [schedulerFactoryBean_Worker-1] DEBUG c.e.mapper.LogOffsetMapper.insertLog - <==    Updates: 1
2025-08-20 09:12:07.205 [schedulerFactoryBean_Worker-1] DEBUG c.e.mapper.LogOffsetMapper.insertLog - ==>  Preparing: INSERT INTO swg_logs (log_time, level, message) VALUES (?, ?, ?)
2025-08-20 09:12:07.205 [schedulerFactoryBean_Worker-1] DEBUG c.e.mapper.LogOffsetMapper.insertLog - ==> Parameters: 2025-08-20 09:12:07.2057418(Timestamp), 14:34:23.072(String), [main] DEBUG c.e.m.A.selectAttachmentsByBoardId - <==      Total: 1(String)
2025-08-20 09:12:07.206 [schedulerFactoryBean_Worker-1] DEBUG c.e.mapper.LogOffsetMapper.insertLog - <==    Updates: 1
2025-08-20 09:12:07.206 [schedulerFactoryBean_Worker-1] DEBUG c.e.mapper.LogOffsetMapper.insertLog - ==>  Preparing: INSERT INTO swg_logs (log_time, level, message) VALUES (?, ?, ?)
2025-08-20 09:12:07.206 [schedulerFactoryBean_Worker-1] DEBUG c.e.mapper.LogOffsetMapper.insertLog - ==> Parameters: 2025-08-20 09:12:07.2067413(Timestamp), 14:34:23.072(String), [main] DEBUG c.e.m.C.selectCommentsByBoardId - ==>  Preparing: SELECT * FROM comment WHERE board_id = ? ORDER BY created_at ASC(String)
2025-08-20 09:12:07.207 [schedulerFactoryBean_Worker-1] DEBUG c.e.mapper.LogOffsetMapper.insertLog - <==    Updates: 1
2025-08-20 09:12:07.207 [schedulerFactoryBean_Worker-1] DEBUG c.e.mapper.LogOffsetMapper.insertLog - ==>  Preparing: INSERT INTO swg_logs (log_time, level, message) VALUES (?, ?, ?)
2025-08-20 09:12:07.207 [schedulerFactoryBean_Worker-1] DEBUG c.e.mapper.LogOffsetMapper.insertLog - ==> Parameters: 2025-08-20 09:12:07.2077413(Timestamp), 14:34:23.072(String), [main] DEBUG c.e.m.C.selectCommentsByBoardId - ==> Parameters: 4(Long)(String)
2025-08-20 09:12:07.207 [schedulerFactoryBean_Worker-1] DEBUG c.e.mapper.LogOffsetMapper.insertLog - <==    Updates: 1
2025-08-20 09:12:07.208 [schedulerFactoryBean_Worker-1] DEBUG c.e.mapper.LogOffsetMapper.insertLog - ==>  Preparing: INSERT INTO swg_logs (log_time, level, message) VALUES (?, ?, ?)
2025-08-20 09:12:07.208 [schedulerFactoryBean_Worker-1] DEBUG c.e.mapper.LogOffsetMapper.insertLog - ==> Parameters: 2025-08-20 09:12:07.208742(Timestamp), 14:34:23.073(String), [main] DEBUG c.e.m.C.selectCommentsByBoardId - <==      Total: 4(String)
2025-08-20 09:12:07.208 [schedulerFactoryBean_Worker-1] DEBUG c.e.mapper.LogOffsetMapper.insertLog - <==    Updates: 1
2025-08-20 09:12:07.209 [schedulerFactoryBean_Worker-1] DEBUG c.e.mapper.LogOffsetMapper.insertLog - ==>  Preparing: INSERT INTO swg_logs (log_time, level, message) VALUES (?, ?, ?)
2025-08-20 09:12:07.209 [schedulerFactoryBean_Worker-1] DEBUG c.e.mapper.LogOffsetMapper.insertLog - ==> Parameters: 2025-08-20 09:12:07.2097409(Timestamp), 14:34:23.074(String), [main] DEBUG c.e.m.A.selectAttachmentsByBoardId - ==>  Preparing: SELECT * FROM attachment WHERE board_id = ?(String)
2025-08-20 09:12:07.209 [schedulerFactoryBean_Worker-1] DEBUG c.e.mapper.LogOffsetMapper.insertLog - <==    Updates: 1
2025-08-20 09:12:07.210 [schedulerFactoryBean_Worker-1] DEBUG c.e.mapper.LogOffsetMapper.insertLog - ==>  Preparing: INSERT INTO swg_logs (log_time, level, message) VALUES (?, ?, ?)
2025-08-20 09:12:07.210 [schedulerFactoryBean_Worker-1] DEBUG c.e.mapper.LogOffsetMapper.insertLog - ==> Parameters: 2025-08-20 09:12:07.2107409(Timestamp), 14:34:23.074(String), [main] DEBUG c.e.m.A.selectAttachmentsByBoardId - ==> Parameters: 4(Long)(String)
2025-08-20 09:12:07.210 [schedulerFactoryBean_Worker-1] DEBUG c.e.mapper.LogOffsetMapper.insertLog - <==    Updates: 1
2025-08-20 09:12:07.211 [schedulerFactoryBean_Worker-1] DEBUG c.e.mapper.LogOffsetMapper.insertLog - ==>  Preparing: INSERT INTO swg_logs (log_time, level, message) VALUES (?, ?, ?)
2025-08-20 09:12:07.211 [schedulerFactoryBean_Worker-1] DEBUG c.e.mapper.LogOffsetMapper.insertLog - ==> Parameters: 2025-08-20 09:12:07.2117416(Timestamp), 14:34:23.075(String), [main] DEBUG c.e.m.A.selectAttachmentsByBoardId - <==      Total: 1(String)
2025-08-20 09:12:07.211 [schedulerFactoryBean_Worker-1] DEBUG c.e.mapper.LogOffsetMapper.insertLog - <==    Updates: 1
2025-08-20 09:12:07.212 [schedulerFactoryBean_Worker-1] DEBUG c.e.mapper.LogOffsetMapper.insertLog - ==>  Preparing: INSERT INTO swg_logs (log_time, level, message) VALUES (?, ?, ?)
2025-08-20 09:12:07.212 [schedulerFactoryBean_Worker-1] DEBUG c.e.mapper.LogOffsetMapper.insertLog - ==> Parameters: 2025-08-20 09:12:07.2127415(Timestamp), 14:34:23.084(String), [main] DEBUG c.e.mapper.BoardMapper.insertBoard - ==>  Preparing: INSERT INTO board (post_type, title, content, writer, created_at, updated_at) VALUES (?, ?, ?, ?, NOW(), NOW())(String)
2025-08-20 09:12:07.212 [schedulerFactoryBean_Worker-1] DEBUG c.e.mapper.LogOffsetMapper.insertLog - <==    Updates: 1
2025-08-20 09:12:07.213 [schedulerFactoryBean_Worker-1] DEBUG c.e.mapper.LogOffsetMapper.insertLog - ==>  Preparing: INSERT INTO swg_logs (log_time, level, message) VALUES (?, ?, ?)
2025-08-20 09:12:07.213 [schedulerFactoryBean_Worker-1] DEBUG c.e.mapper.LogOffsetMapper.insertLog - ==> Parameters: 2025-08-20 09:12:07.2137414(Timestamp), 14:34:23.085(String), [main] DEBUG c.e.mapper.BoardMapper.insertBoard - ==> Parameters: QNA(String), 테스트 제목입니다.(String), 냉무(String), 1(Long)(String)
2025-08-20 09:12:07.213 [schedulerFactoryBean_Worker-1] DEBUG c.e.mapper.LogOffsetMapper.insertLog - <==    Updates: 1
2025-08-20 09:12:07.213 [schedulerFactoryBean_Worker-1] DEBUG c.e.mapper.LogOffsetMapper.insertLog - ==>  Preparing: INSERT INTO swg_logs (log_time, level, message) VALUES (?, ?, ?)
2025-08-20 09:12:07.214 [schedulerFactoryBean_Worker-1] DEBUG c.e.mapper.LogOffsetMapper.insertLog - ==> Parameters: 2025-08-20 09:12:07.2137414(Timestamp), 14:34:23.086(String), [main] DEBUG c.e.mapper.BoardMapper.insertBoard - <==    Updates: 1(String)
2025-08-20 09:12:07.214 [schedulerFactoryBean_Worker-1] DEBUG c.e.mapper.LogOffsetMapper.insertLog - <==    Updates: 1
2025-08-20 09:12:07.214 [schedulerFactoryBean_Worker-1] DEBUG c.e.mapper.LogOffsetMapper.insertLog - ==>  Preparing: INSERT INTO swg_logs (log_time, level, message) VALUES (?, ?, ?)
2025-08-20 09:12:07.214 [schedulerFactoryBean_Worker-1] DEBUG c.e.mapper.LogOffsetMapper.insertLog - ==> Parameters: 2025-08-20 09:12:07.2147436(Timestamp), 14:34:23.089(String), [main] DEBUG c.e.m.A.insertAttachment - ==>  Preparing: INSERT INTO attachment (board_id, original_name, saved_name, file_path, file_size, uploaded_at) VALUES (?, ?, ?, ?, ?, NOW())(String)
2025-08-20 09:12:07.215 [schedulerFactoryBean_Worker-1] DEBUG c.e.mapper.LogOffsetMapper.insertLog - <==    Updates: 1
2025-08-20 09:12:07.215 [schedulerFactoryBean_Worker-1] DEBUG c.e.mapper.LogOffsetMapper.insertLog - ==>  Preparing: INSERT INTO swg_logs (log_time, level, message) VALUES (?, ?, ?)
2025-08-20 09:12:07.215 [schedulerFactoryBean_Worker-1] DEBUG c.e.mapper.LogOffsetMapper.insertLog - ==> Parameters: 2025-08-20 09:12:07.2157666(Timestamp), 14:34:23.090(String), [main] DEBUG c.e.m.A.insertAttachment - ==> Parameters: 9(Long), test.txt(String), 4db65e1c-0579-4861-906a-7f72d8c5ea28_test.txt(String), C:\upload\files\4db65e1c-0579-4861-906a-7f72d8c5ea28_test.txt(String), 33(Long)(String)
2025-08-20 09:12:07.216 [schedulerFactoryBean_Worker-1] DEBUG c.e.mapper.LogOffsetMapper.insertLog - <==    Updates: 1
2025-08-20 09:12:07.216 [schedulerFactoryBean_Worker-1] DEBUG c.e.mapper.LogOffsetMapper.insertLog - ==>  Preparing: INSERT INTO swg_logs (log_time, level, message) VALUES (?, ?, ?)
2025-08-20 09:12:07.216 [schedulerFactoryBean_Worker-1] DEBUG c.e.mapper.LogOffsetMapper.insertLog - ==> Parameters: 2025-08-20 09:12:07.2167668(Timestamp), 14:34:23.090(String), [main] DEBUG c.e.m.A.insertAttachment - <==    Updates: 1(String)
2025-08-20 09:12:07.216 [schedulerFactoryBean_Worker-1] DEBUG c.e.mapper.LogOffsetMapper.insertLog - <==    Updates: 1
2025-08-20 09:12:07.217 [schedulerFactoryBean_Worker-1] DEBUG c.e.mapper.LogOffsetMapper.insertLog - ==>  Preparing: INSERT INTO swg_logs (log_time, level, message) VALUES (?, ?, ?)
2025-08-20 09:12:07.217 [schedulerFactoryBean_Worker-1] DEBUG c.e.mapper.LogOffsetMapper.insertLog - ==> Parameters: 2025-08-20 09:12:07.2177664(Timestamp), 14:34:23.095(String), [main] DEBUG c.e.m.BoardMapper.selectBoardById - ==>  Preparing: SELECT * FROM board WHERE id = ?(String)
2025-08-20 09:12:07.217 [schedulerFactoryBean_Worker-1] DEBUG c.e.mapper.LogOffsetMapper.insertLog - <==    Updates: 1
2025-08-20 09:12:07.217 [schedulerFactoryBean_Worker-1] DEBUG c.e.mapper.LogOffsetMapper.insertLog - ==>  Preparing: INSERT INTO swg_logs (log_time, level, message) VALUES (?, ?, ?)
2025-08-20 09:12:07.218 [schedulerFactoryBean_Worker-1] DEBUG c.e.mapper.LogOffsetMapper.insertLog - ==> Parameters: 2025-08-20 09:12:07.2177664(Timestamp), 14:34:23.095(String), [main] DEBUG c.e.m.BoardMapper.selectBoardById - ==> Parameters: 4(Long)(String)
2025-08-20 09:12:07.218 [schedulerFactoryBean_Worker-1] DEBUG c.e.mapper.LogOffsetMapper.insertLog - <==    Updates: 1
2025-08-20 09:12:07.218 [schedulerFactoryBean_Worker-1] DEBUG c.e.mapper.LogOffsetMapper.insertLog - ==>  Preparing: INSERT INTO swg_logs (log_time, level, message) VALUES (?, ?, ?)
2025-08-20 09:12:07.218 [schedulerFactoryBean_Worker-1] DEBUG c.e.mapper.LogOffsetMapper.insertLog - ==> Parameters: 2025-08-20 09:12:07.2187672(Timestamp), 14:34:23.096(String), [main] DEBUG c.e.m.BoardMapper.selectBoardById - <==      Total: 1(String)
2025-08-20 09:12:07.218 [schedulerFactoryBean_Worker-1] DEBUG c.e.mapper.LogOffsetMapper.insertLog - <==    Updates: 1
2025-08-20 09:12:07.219 [schedulerFactoryBean_Worker-1] DEBUG c.e.mapper.LogOffsetMapper.insertLog - ==>  Preparing: INSERT INTO swg_logs (log_time, level, message) VALUES (?, ?, ?)
2025-08-20 09:12:07.219 [schedulerFactoryBean_Worker-1] DEBUG c.e.mapper.LogOffsetMapper.insertLog - ==> Parameters: 2025-08-20 09:12:07.2197669(Timestamp), 14:34:23.103(String), [SpringApplicationShutdownHook] INFO  o.s.s.quartz.SchedulerFactoryBean - Shutting down Quartz Scheduler(String)
2025-08-20 09:12:07.219 [schedulerFactoryBean_Worker-1] DEBUG c.e.mapper.LogOffsetMapper.insertLog - <==    Updates: 1
2025-08-20 09:12:07.219 [schedulerFactoryBean_Worker-1] DEBUG c.e.mapper.LogOffsetMapper.insertLog - ==>  Preparing: INSERT INTO swg_logs (log_time, level, message) VALUES (?, ?, ?)
2025-08-20 09:12:07.220 [schedulerFactoryBean_Worker-1] DEBUG c.e.mapper.LogOffsetMapper.insertLog - ==> Parameters: 2025-08-20 09:12:07.2197669(Timestamp), 14:34:23.104(String), [SpringApplicationShutdownHook] INFO  com.zaxxer.hikari.HikariDataSource - HikariPool-1 - Shutdown initiated...(String)
2025-08-20 09:12:07.220 [schedulerFactoryBean_Worker-1] DEBUG c.e.mapper.LogOffsetMapper.insertLog - <==    Updates: 1
2025-08-20 09:12:07.220 [schedulerFactoryBean_Worker-1] DEBUG c.e.mapper.LogOffsetMapper.insertLog - ==>  Preparing: INSERT INTO swg_logs (log_time, level, message) VALUES (?, ?, ?)
2025-08-20 09:12:07.220 [schedulerFactoryBean_Worker-1] DEBUG c.e.mapper.LogOffsetMapper.insertLog - ==> Parameters: 2025-08-20 09:12:07.2207669(Timestamp), 14:34:23.109(String), [SpringApplicationShutdownHook] INFO  com.zaxxer.hikari.HikariDataSource - HikariPool-1 - Shutdown completed.(String)
2025-08-20 09:12:07.221 [schedulerFactoryBean_Worker-1] DEBUG c.e.mapper.LogOffsetMapper.insertLog - <==    Updates: 1
2025-08-20 09:12:07.221 [schedulerFactoryBean_Worker-1] DEBUG c.e.mapper.LogOffsetMapper.insertLog - ==>  Preparing: INSERT INTO swg_logs (log_time, level, message) VALUES (?, ?, ?)
2025-08-20 09:12:07.221 [schedulerFactoryBean_Worker-1] DEBUG c.e.mapper.LogOffsetMapper.insertLog - ==> Parameters: 2025-08-20 09:12:07.2217674(Timestamp), 14:34:23.109(String), [SpringApplicationShutdownHook] INFO  새로운라인임1(String)
2025-08-20 09:12:07.221 [schedulerFactoryBean_Worker-1] DEBUG c.e.mapper.LogOffsetMapper.insertLog - <==    Updates: 1
2025-08-20 09:12:07.222 [schedulerFactoryBean_Worker-1] DEBUG c.e.mapper.LogOffsetMapper.insertLog - ==>  Preparing: INSERT INTO swg_logs (log_time, level, message) VALUES (?, ?, ?)
2025-08-20 09:12:07.222 [schedulerFactoryBean_Worker-1] DEBUG c.e.mapper.LogOffsetMapper.insertLog - ==> Parameters: 2025-08-20 09:12:07.2227668(Timestamp), 14:34:23.109(String), [SpringApplicationShutdownHook] INFO  새로운라인임2(String)
2025-08-20 09:12:07.222 [schedulerFactoryBean_Worker-1] DEBUG c.e.mapper.LogOffsetMapper.insertLog - <==    Updates: 1
2025-08-20 09:12:07.222 [schedulerFactoryBean_Worker-1] DEBUG c.e.mapper.LogOffsetMapper.insertLog - ==>  Preparing: INSERT INTO swg_logs (log_time, level, message) VALUES (?, ?, ?)
2025-08-20 09:12:07.222 [schedulerFactoryBean_Worker-1] DEBUG c.e.mapper.LogOffsetMapper.insertLog - ==> Parameters: 2025-08-20 09:12:07.2227668(Timestamp), 14:34:23.109(String), [SpringApplicationShutdownHook] INFO  새로운라인임3(String)
2025-08-20 09:12:07.223 [schedulerFactoryBean_Worker-1] DEBUG c.e.mapper.LogOffsetMapper.insertLog - <==    Updates: 1
2025-08-20 09:12:08.141 [schedulerFactoryBean_Worker-2] DEBUG c.e.m.LogOffsetMapper.findByFileName - ==>  Preparing: SELECT position , last_modified FROM log_offset WHERE file_name = ?
2025-08-20 09:12:08.141 [schedulerFactoryBean_Worker-2] DEBUG c.e.m.LogOffsetMapper.findByFileName - ==> Parameters: C:/work/application.log(String)
2025-08-20 09:12:08.143 [schedulerFactoryBean_Worker-2] DEBUG c.e.m.LogOffsetMapper.findByFileName - <==      Total: 1
2025-08-20 09:12:08.144 [schedulerFactoryBean_Worker-2] DEBUG c.e.mapper.LogOffsetMapper.insertLog - ==>  Preparing: INSERT INTO swg_logs (log_time, level, message) VALUES (?, ?, ?)
2025-08-20 09:12:08.145 [schedulerFactoryBean_Worker-2] DEBUG c.e.mapper.LogOffsetMapper.insertLog - ==> Parameters: 2025-08-20 09:12:08.1449671(Timestamp), 14:33:43.877(String), [background-preinit] INFO  o.h.validator.internal.util.Version - HV000001: Hibernate Validator 8.0.2.Final 한글이있어요(String)
2025-08-20 09:12:08.146 [schedulerFactoryBean_Worker-2] DEBUG c.e.mapper.LogOffsetMapper.insertLog - <==    Updates: 1
2025-08-20 09:12:08.146 [schedulerFactoryBean_Worker-2] DEBUG c.e.mapper.LogOffsetMapper.insertLog - ==>  Preparing: INSERT INTO swg_logs (log_time, level, message) VALUES (?, ?, ?)
2025-08-20 09:12:08.146 [schedulerFactoryBean_Worker-2] DEBUG c.e.mapper.LogOffsetMapper.insertLog - ==> Parameters: 2025-08-20 09:12:08.1464762(Timestamp), 14:33:43.910(String), [main] INFO  c.example.service.BoardServiceTest - Starting BoardServiceTest using Java 17.0.3 with PID 30300 (started by lshan in C:\Users\lshan\git\base-project\demo-1)(String)
2025-08-20 09:12:08.148 [schedulerFactoryBean_Worker-2] DEBUG c.e.mapper.LogOffsetMapper.insertLog - <==    Updates: 1
2025-08-20 09:12:08.148 [schedulerFactoryBean_Worker-2] DEBUG c.e.mapper.LogOffsetMapper.insertLog - ==>  Preparing: INSERT INTO swg_logs (log_time, level, message) VALUES (?, ?, ?)
2025-08-20 09:12:08.148 [schedulerFactoryBean_Worker-2] DEBUG c.e.mapper.LogOffsetMapper.insertLog - ==> Parameters: 2025-08-20 09:12:08.1485734(Timestamp), 14:33:43.910(String), [main] DEBUG c.example.service.BoardServiceTest - Running with Spring Boot v3.4.4, Spring v6.2.5(String)
2025-08-20 09:12:08.149 [schedulerFactoryBean_Worker-2] DEBUG c.e.mapper.LogOffsetMapper.insertLog - <==    Updates: 1
2025-08-20 09:12:08.149 [schedulerFactoryBean_Worker-2] DEBUG c.e.mapper.LogOffsetMapper.insertLog - ==>  Preparing: INSERT INTO swg_logs (log_time, level, message) VALUES (?, ?, ?)
2025-08-20 09:12:08.149 [schedulerFactoryBean_Worker-2] DEBUG c.e.mapper.LogOffsetMapper.insertLog - ==> Parameters: 2025-08-20 09:12:08.1490865(Timestamp), 14:33:43.911(String), [main] INFO  c.example.service.BoardServiceTest - No active profile set, falling back to 1 default profile: "default"(String)
2025-08-20 09:12:08.150 [schedulerFactoryBean_Worker-2] DEBUG c.e.mapper.LogOffsetMapper.insertLog - <==    Updates: 1
2025-08-20 09:12:08.150 [schedulerFactoryBean_Worker-2] DEBUG c.e.mapper.LogOffsetMapper.insertLog - ==>  Preparing: INSERT INTO swg_logs (log_time, level, message) VALUES (?, ?, ?)
2025-08-20 09:12:08.150 [schedulerFactoryBean_Worker-2] DEBUG c.e.mapper.LogOffsetMapper.insertLog - ==> Parameters: 2025-08-20 09:12:08.1500913(Timestamp), 14:33:44.831(String), [main] INFO  com.zaxxer.hikari.HikariDataSource - HikariPool-1 - Starting...(String)
2025-08-20 09:12:08.150 [schedulerFactoryBean_Worker-2] DEBUG c.e.mapper.LogOffsetMapper.insertLog - <==    Updates: 1
2025-08-20 09:12:08.151 [schedulerFactoryBean_Worker-2] DEBUG c.e.mapper.LogOffsetMapper.insertLog - ==>  Preparing: INSERT INTO swg_logs (log_time, level, message) VALUES (?, ?, ?)
2025-08-20 09:12:08.151 [schedulerFactoryBean_Worker-2] DEBUG c.e.mapper.LogOffsetMapper.insertLog - ==> Parameters: 2025-08-20 09:12:08.1510911(Timestamp), 14:33:44.962(String), [main] INFO  com.zaxxer.hikari.pool.HikariPool - HikariPool-1 - Added connection com.mysql.cj.jdbc.ConnectionImpl@251a90ce(String)
2025-08-20 09:12:08.151 [schedulerFactoryBean_Worker-2] DEBUG c.e.mapper.LogOffsetMapper.insertLog - <==    Updates: 1
2025-08-20 09:12:08.151 [schedulerFactoryBean_Worker-2] DEBUG c.e.mapper.LogOffsetMapper.insertLog - ==>  Preparing: INSERT INTO swg_logs (log_time, level, message) VALUES (?, ?, ?)
2025-08-20 09:12:08.151 [schedulerFactoryBean_Worker-2] DEBUG c.e.mapper.LogOffsetMapper.insertLog - ==> Parameters: 2025-08-20 09:12:08.1510911(Timestamp), 14:33:44.964(String), [main] INFO  com.zaxxer.hikari.HikariDataSource - HikariPool-1 - Start completed.(String)
2025-08-20 09:12:08.152 [schedulerFactoryBean_Worker-2] DEBUG c.e.mapper.LogOffsetMapper.insertLog - <==    Updates: 1
2025-08-20 09:12:08.152 [schedulerFactoryBean_Worker-2] DEBUG c.e.mapper.LogOffsetMapper.insertLog - ==>  Preparing: INSERT INTO swg_logs (log_time, level, message) VALUES (?, ?, ?)
2025-08-20 09:12:08.153 [schedulerFactoryBean_Worker-2] DEBUG c.e.mapper.LogOffsetMapper.insertLog - ==> Parameters: 2025-08-20 09:12:08.1520909(Timestamp), 14:33:45.795(String), [main] INFO  o.s.s.c.a.a.c.InitializeUserDetailsBeanManagerConfigurer$InitializeUserDetailsManagerConfigurer - Global AuthenticationManager configured with UserDetailsService bean with name userDetailsServiceImpl(String)
2025-08-20 09:12:08.153 [schedulerFactoryBean_Worker-2] DEBUG c.e.mapper.LogOffsetMapper.insertLog - <==    Updates: 1
2025-08-20 09:12:08.153 [schedulerFactoryBean_Worker-2] DEBUG c.e.mapper.LogOffsetMapper.insertLog - ==>  Preparing: INSERT INTO swg_logs (log_time, level, message) VALUES (?, ?, ?)
2025-08-20 09:12:08.153 [schedulerFactoryBean_Worker-2] DEBUG c.e.mapper.LogOffsetMapper.insertLog - ==> Parameters: 2025-08-20 09:12:08.1530914(Timestamp), 14:33:46.065(String), [main] INFO  o.s.s.quartz.LocalDataSourceJobStore - Using db table-based data access locking (synchronization).(String)
2025-08-20 09:12:08.153 [schedulerFactoryBean_Worker-2] DEBUG c.e.mapper.LogOffsetMapper.insertLog - <==    Updates: 1
2025-08-20 09:12:08.153 [schedulerFactoryBean_Worker-2] DEBUG c.e.mapper.LogOffsetMapper.insertLog - ==>  Preparing: INSERT INTO swg_logs (log_time, level, message) VALUES (?, ?, ?)
2025-08-20 09:12:08.154 [schedulerFactoryBean_Worker-2] DEBUG c.e.mapper.LogOffsetMapper.insertLog - ==> Parameters: 2025-08-20 09:12:08.1530914(Timestamp), 14:33:46.069(String), [main] INFO  o.s.s.quartz.LocalDataSourceJobStore - JobStoreCMT initialized.(String)
2025-08-20 09:12:08.154 [schedulerFactoryBean_Worker-2] DEBUG c.e.mapper.LogOffsetMapper.insertLog - <==    Updates: 1
2025-08-20 09:12:08.154 [schedulerFactoryBean_Worker-2] DEBUG c.e.mapper.LogOffsetMapper.insertLog - ==>  Preparing: INSERT INTO swg_logs (log_time, level, message) VALUES (?, ?, ?)
2025-08-20 09:12:08.154 [schedulerFactoryBean_Worker-2] DEBUG c.e.mapper.LogOffsetMapper.insertLog - ==> Parameters: 2025-08-20 09:12:08.154597(Timestamp), 14:33:46.787(String), [main] INFO  o.s.s.quartz.SchedulerFactoryBean - Starting Quartz Scheduler now(String)
2025-08-20 09:12:08.154 [schedulerFactoryBean_Worker-2] DEBUG c.e.mapper.LogOffsetMapper.insertLog - <==    Updates: 1
2025-08-20 09:12:08.154 [schedulerFactoryBean_Worker-2] DEBUG c.e.mapper.LogOffsetMapper.insertLog - ==>  Preparing: INSERT INTO swg_logs (log_time, level, message) VALUES (?, ?, ?)
2025-08-20 09:12:08.154 [schedulerFactoryBean_Worker-2] DEBUG c.e.mapper.LogOffsetMapper.insertLog - ==> Parameters: 2025-08-20 09:12:08.154597(Timestamp), 14:33:46.789(String), [main] INFO  o.s.s.quartz.LocalDataSourceJobStore - Freed 0 triggers from 'acquired' / 'blocked' state.(String)
2025-08-20 09:12:08.154 [schedulerFactoryBean_Worker-2] DEBUG c.e.mapper.LogOffsetMapper.insertLog - <==    Updates: 1
2025-08-20 09:12:08.156 [schedulerFactoryBean_Worker-2] DEBUG c.e.mapper.LogOffsetMapper.insertLog - ==>  Preparing: INSERT INTO swg_logs (log_time, level, message) VALUES (?, ?, ?)
2025-08-20 09:12:08.156 [schedulerFactoryBean_Worker-2] DEBUG c.e.mapper.LogOffsetMapper.insertLog - ==> Parameters: 2025-08-20 09:12:08.1560792(Timestamp), 14:33:46.791(String), [main] INFO  o.s.s.quartz.LocalDataSourceJobStore - Recovering 0 jobs that were in-progress at the time of the last shut-down.(String)
2025-08-20 09:12:08.156 [schedulerFactoryBean_Worker-2] DEBUG c.e.mapper.LogOffsetMapper.insertLog - <==    Updates: 1
2025-08-20 09:12:08.156 [schedulerFactoryBean_Worker-2] DEBUG c.e.mapper.LogOffsetMapper.insertLog - ==>  Preparing: INSERT INTO swg_logs (log_time, level, message) VALUES (?, ?, ?)
2025-08-20 09:12:08.156 [schedulerFactoryBean_Worker-2] DEBUG c.e.mapper.LogOffsetMapper.insertLog - ==> Parameters: 2025-08-20 09:12:08.1560792(Timestamp), 14:33:46.791(String), [main] INFO  o.s.s.quartz.LocalDataSourceJobStore - Recovery complete.(String)
2025-08-20 09:12:08.157 [schedulerFactoryBean_Worker-2] DEBUG c.e.mapper.LogOffsetMapper.insertLog - <==    Updates: 1
2025-08-20 09:12:08.157 [schedulerFactoryBean_Worker-2] DEBUG c.e.mapper.LogOffsetMapper.insertLog - ==>  Preparing: INSERT INTO swg_logs (log_time, level, message) VALUES (?, ?, ?)
2025-08-20 09:12:08.157 [schedulerFactoryBean_Worker-2] DEBUG c.e.mapper.LogOffsetMapper.insertLog - ==> Parameters: 2025-08-20 09:12:08.1570808(Timestamp), 14:33:46.792(String), [main] INFO  o.s.s.quartz.LocalDataSourceJobStore - Removed 0 'complete' triggers.(String)
2025-08-20 09:12:08.157 [schedulerFactoryBean_Worker-2] DEBUG c.e.mapper.LogOffsetMapper.insertLog - <==    Updates: 1
2025-08-20 09:12:08.158 [schedulerFactoryBean_Worker-2] DEBUG c.e.mapper.LogOffsetMapper.insertLog - ==>  Preparing: INSERT INTO swg_logs (log_time, level, message) VALUES (?, ?, ?)
2025-08-20 09:12:08.158 [schedulerFactoryBean_Worker-2] DEBUG c.e.mapper.LogOffsetMapper.insertLog - ==> Parameters: 2025-08-20 09:12:08.1570808(Timestamp), 14:33:46.792(String), [main] INFO  o.s.s.quartz.LocalDataSourceJobStore - Removed 0 stale fired job entries.(String)
2025-08-20 09:12:08.158 [schedulerFactoryBean_Worker-2] DEBUG c.e.mapper.LogOffsetMapper.insertLog - <==    Updates: 1
2025-08-20 09:12:08.158 [schedulerFactoryBean_Worker-2] DEBUG c.e.mapper.LogOffsetMapper.insertLog - ==>  Preparing: INSERT INTO swg_logs (log_time, level, message) VALUES (?, ?, ?)
2025-08-20 09:12:08.158 [schedulerFactoryBean_Worker-2] DEBUG c.e.mapper.LogOffsetMapper.insertLog - ==> Parameters: 2025-08-20 09:12:08.1580805(Timestamp), 14:33:46.807(String), [main] INFO  c.example.service.BoardServiceTest - Started BoardServiceTest in 3.14 seconds (process running for 3.821)(String)
2025-08-20 09:12:08.158 [schedulerFactoryBean_Worker-2] DEBUG c.e.mapper.LogOffsetMapper.insertLog - <==    Updates: 1
2025-08-20 09:12:08.159 [schedulerFactoryBean_Worker-2] DEBUG c.e.mapper.LogOffsetMapper.insertLog - ==>  Preparing: INSERT INTO swg_logs (log_time, level, message) VALUES (?, ?, ?)
2025-08-20 09:12:08.159 [schedulerFactoryBean_Worker-2] DEBUG c.e.mapper.LogOffsetMapper.insertLog - ==> Parameters: 2025-08-20 09:12:08.1590809(Timestamp), 14:33:46.820(String), [main] DEBUG c.e.mapper.UserMapper.findByUserId - ==>  Preparing: SELECT id , user_id , password , user_name , refresh_token FROM users WHERE user_id = ?(String)
2025-08-20 09:12:08.159 [schedulerFactoryBean_Worker-2] DEBUG c.e.mapper.LogOffsetMapper.insertLog - <==    Updates: 1
2025-08-20 09:12:08.160 [schedulerFactoryBean_Worker-2] DEBUG c.e.mapper.LogOffsetMapper.insertLog - ==>  Preparing: INSERT INTO swg_logs (log_time, level, message) VALUES (?, ?, ?)
2025-08-20 09:12:08.160 [schedulerFactoryBean_Worker-2] DEBUG c.e.mapper.LogOffsetMapper.insertLog - ==> Parameters: 2025-08-20 09:12:08.1600808(Timestamp), 14:33:46.826(String), [main] DEBUG c.e.mapper.UserMapper.findByUserId - ==> Parameters: user123(String)(String)
2025-08-20 09:12:08.160 [schedulerFactoryBean_Worker-2] DEBUG c.e.mapper.LogOffsetMapper.insertLog - <==    Updates: 1
2025-08-20 09:12:08.160 [schedulerFactoryBean_Worker-2] DEBUG c.e.mapper.LogOffsetMapper.insertLog - ==>  Preparing: INSERT INTO swg_logs (log_time, level, message) VALUES (?, ?, ?)
2025-08-20 09:12:08.161 [schedulerFactoryBean_Worker-2] DEBUG c.e.mapper.LogOffsetMapper.insertLog - ==> Parameters: 2025-08-20 09:12:08.1600808(Timestamp), 14:33:46.834(String), [main] DEBUG c.e.mapper.UserMapper.findByUserId - <==      Total: 1(String)
2025-08-20 09:12:08.161 [schedulerFactoryBean_Worker-2] DEBUG c.e.mapper.LogOffsetMapper.insertLog - <==    Updates: 1
2025-08-20 09:12:08.161 [schedulerFactoryBean_Worker-2] DEBUG c.e.mapper.LogOffsetMapper.insertLog - ==>  Preparing: INSERT INTO swg_logs (log_time, level, message) VALUES (?, ?, ?)
2025-08-20 09:12:08.161 [schedulerFactoryBean_Worker-2] DEBUG c.e.mapper.LogOffsetMapper.insertLog - ==> Parameters: 2025-08-20 09:12:08.161081(Timestamp), 14:33:46.836(String), [main] DEBUG c.e.mapper.UserMapper.findByUserId - ==>  Preparing: SELECT id , user_id , password , user_name , refresh_token FROM users WHERE user_id = ?(String)
2025-08-20 09:12:08.162 [schedulerFactoryBean_Worker-2] DEBUG c.e.mapper.LogOffsetMapper.insertLog - <==    Updates: 1
2025-08-20 09:12:08.162 [schedulerFactoryBean_Worker-2] DEBUG c.e.mapper.LogOffsetMapper.insertLog - ==>  Preparing: INSERT INTO swg_logs (log_time, level, message) VALUES (?, ?, ?)
2025-08-20 09:12:08.162 [schedulerFactoryBean_Worker-2] DEBUG c.e.mapper.LogOffsetMapper.insertLog - ==> Parameters: 2025-08-20 09:12:08.1622526(Timestamp), 14:33:46.837(String), [main] DEBUG c.e.mapper.UserMapper.findByUserId - ==> Parameters: admin123(String)(String)
2025-08-20 09:12:08.162 [schedulerFactoryBean_Worker-2] DEBUG c.e.mapper.LogOffsetMapper.insertLog - <==    Updates: 1
2025-08-20 09:12:08.163 [schedulerFactoryBean_Worker-2] DEBUG c.e.mapper.LogOffsetMapper.insertLog - ==>  Preparing: INSERT INTO swg_logs (log_time, level, message) VALUES (?, ?, ?)
2025-08-20 09:12:08.163 [schedulerFactoryBean_Worker-2] DEBUG c.e.mapper.LogOffsetMapper.insertLog - ==> Parameters: 2025-08-20 09:12:08.1622526(Timestamp), 14:33:46.838(String), [main] DEBUG c.e.mapper.UserMapper.findByUserId - <==      Total: 1(String)
2025-08-20 09:12:08.163 [schedulerFactoryBean_Worker-2] DEBUG c.e.mapper.LogOffsetMapper.insertLog - <==    Updates: 1
2025-08-20 09:12:08.163 [schedulerFactoryBean_Worker-2] DEBUG c.e.mapper.LogOffsetMapper.insertLog - ==>  Preparing: INSERT INTO swg_logs (log_time, level, message) VALUES (?, ?, ?)
2025-08-20 09:12:08.163 [schedulerFactoryBean_Worker-2] DEBUG c.e.mapper.LogOffsetMapper.insertLog - ==> Parameters: 2025-08-20 09:12:08.1632755(Timestamp), 14:33:47.308(String), [main] DEBUG c.e.mapper.BoardMapper.insertBoard - ==>  Preparing: INSERT INTO board (post_type, title, content, writer, created_at, updated_at) VALUES (?, ?, ?, ?, NOW(), NOW())(String)
2025-08-20 09:12:08.163 [schedulerFactoryBean_Worker-2] DEBUG c.e.mapper.LogOffsetMapper.insertLog - <==    Updates: 1
2025-08-20 09:12:08.163 [schedulerFactoryBean_Worker-2] DEBUG c.e.mapper.LogOffsetMapper.insertLog - ==>  Preparing: INSERT INTO swg_logs (log_time, level, message) VALUES (?, ?, ?)
2025-08-20 09:12:08.164 [schedulerFactoryBean_Worker-2] DEBUG c.e.mapper.LogOffsetMapper.insertLog - ==> Parameters: 2025-08-20 09:12:08.1632755(Timestamp), 14:33:47.308(String), [main] DEBUG c.e.mapper.BoardMapper.insertBoard - ==> Parameters: null, 테스트 제목입니다.(String), 냉무(String), 1(Long)(String)
2025-08-20 09:12:08.164 [schedulerFactoryBean_Worker-2] DEBUG c.e.mapper.LogOffsetMapper.insertLog - <==    Updates: 1
2025-08-20 09:12:08.164 [schedulerFactoryBean_Worker-2] DEBUG c.e.mapper.LogOffsetMapper.insertLog - ==>  Preparing: INSERT INTO swg_logs (log_time, level, message) VALUES (?, ?, ?)
2025-08-20 09:12:08.164 [schedulerFactoryBean_Worker-2] DEBUG c.e.mapper.LogOffsetMapper.insertLog - ==> Parameters: 2025-08-20 09:12:08.1647807(Timestamp), 14:33:47.310(String), [main] DEBUG c.e.mapper.BoardMapper.insertBoard - <==    Updates: 1(String)
2025-08-20 09:12:08.164 [schedulerFactoryBean_Worker-2] DEBUG c.e.mapper.LogOffsetMapper.insertLog - <==    Updates: 1
2025-08-20 09:12:08.164 [schedulerFactoryBean_Worker-2] DEBUG c.e.mapper.LogOffsetMapper.insertLog - ==>  Preparing: INSERT INTO swg_logs (log_time, level, message) VALUES (?, ?, ?)
2025-08-20 09:12:08.164 [schedulerFactoryBean_Worker-2] DEBUG c.e.mapper.LogOffsetMapper.insertLog - ==> Parameters: 2025-08-20 09:12:08.1647807(Timestamp), 14:33:47.313(String), [main] DEBUG c.e.m.A.insertAttachment - ==>  Preparing: INSERT INTO attachment (board_id, original_name, saved_name, file_path, file_size, uploaded_at) VALUES (?, ?, ?, ?, ?, NOW())(String)
2025-08-20 09:12:08.166 [schedulerFactoryBean_Worker-2] DEBUG c.e.mapper.LogOffsetMapper.insertLog - <==    Updates: 1
2025-08-20 09:12:08.166 [schedulerFactoryBean_Worker-2] DEBUG c.e.mapper.LogOffsetMapper.insertLog - ==>  Preparing: INSERT INTO swg_logs (log_time, level, message) VALUES (?, ?, ?)
2025-08-20 09:12:08.166 [schedulerFactoryBean_Worker-2] DEBUG c.e.mapper.LogOffsetMapper.insertLog - ==> Parameters: 2025-08-20 09:12:08.1661343(Timestamp), 14:33:47.313(String), [main] DEBUG c.e.m.A.insertAttachment - ==> Parameters: 8(Long), test.txt(String), c80fb6d4-bca0-4208-a4ac-3da29e964ea0_test.txt(String), C:\upload\files\c80fb6d4-bca0-4208-a4ac-3da29e964ea0_test.txt(String), 33(Long)(String)
2025-08-20 09:12:08.167 [schedulerFactoryBean_Worker-2] DEBUG c.e.mapper.LogOffsetMapper.insertLog - <==    Updates: 1
2025-08-20 09:12:08.167 [schedulerFactoryBean_Worker-2] DEBUG c.e.mapper.LogOffsetMapper.insertLog - ==>  Preparing: INSERT INTO swg_logs (log_time, level, message) VALUES (?, ?, ?)
2025-08-20 09:12:08.167 [schedulerFactoryBean_Worker-2] DEBUG c.e.mapper.LogOffsetMapper.insertLog - ==> Parameters: 2025-08-20 09:12:08.1671361(Timestamp), 14:33:47.314(String), [main] DEBUG c.e.m.A.insertAttachment - <==    Updates: 1(String)
2025-08-20 09:12:08.168 [schedulerFactoryBean_Worker-2] DEBUG c.e.mapper.LogOffsetMapper.insertLog - <==    Updates: 1
2025-08-20 09:12:08.168 [schedulerFactoryBean_Worker-2] DEBUG c.e.mapper.LogOffsetMapper.insertLog - ==>  Preparing: INSERT INTO swg_logs (log_time, level, message) VALUES (?, ?, ?)
2025-08-20 09:12:08.168 [schedulerFactoryBean_Worker-2] DEBUG c.e.mapper.LogOffsetMapper.insertLog - ==> Parameters: 2025-08-20 09:12:08.1681358(Timestamp), 14:33:47.330(String), [SpringApplicationShutdownHook] INFO  o.s.s.quartz.SchedulerFactoryBean - Shutting down Quartz Scheduler(String)
2025-08-20 09:12:08.169 [schedulerFactoryBean_Worker-2] DEBUG c.e.mapper.LogOffsetMapper.insertLog - <==    Updates: 1
2025-08-20 09:12:08.169 [schedulerFactoryBean_Worker-2] DEBUG c.e.mapper.LogOffsetMapper.insertLog - ==>  Preparing: INSERT INTO swg_logs (log_time, level, message) VALUES (?, ?, ?)
2025-08-20 09:12:08.169 [schedulerFactoryBean_Worker-2] DEBUG c.e.mapper.LogOffsetMapper.insertLog - ==> Parameters: 2025-08-20 09:12:08.169136(Timestamp), 14:33:47.331(String), [SpringApplicationShutdownHook] INFO  com.zaxxer.hikari.HikariDataSource - HikariPool-1 - Shutdown initiated...(String)
2025-08-20 09:12:08.169 [schedulerFactoryBean_Worker-2] DEBUG c.e.mapper.LogOffsetMapper.insertLog - <==    Updates: 1
2025-08-20 09:12:08.170 [schedulerFactoryBean_Worker-2] DEBUG c.e.mapper.LogOffsetMapper.insertLog - ==>  Preparing: INSERT INTO swg_logs (log_time, level, message) VALUES (?, ?, ?)
2025-08-20 09:12:08.170 [schedulerFactoryBean_Worker-2] DEBUG c.e.mapper.LogOffsetMapper.insertLog - ==> Parameters: 2025-08-20 09:12:08.1701362(Timestamp), 14:33:47.335(String), [SpringApplicationShutdownHook] INFO  com.zaxxer.hikari.HikariDataSource - HikariPool-1 - Shutdown completed.(String)
2025-08-20 09:12:08.170 [schedulerFactoryBean_Worker-2] DEBUG c.e.mapper.LogOffsetMapper.insertLog - <==    Updates: 1
2025-08-20 09:12:08.171 [schedulerFactoryBean_Worker-2] DEBUG c.e.mapper.LogOffsetMapper.insertLog - ==>  Preparing: INSERT INTO swg_logs (log_time, level, message) VALUES (?, ?, ?)
2025-08-20 09:12:08.171 [schedulerFactoryBean_Worker-2] DEBUG c.e.mapper.LogOffsetMapper.insertLog - ==> Parameters: 2025-08-20 09:12:08.1701362(Timestamp), 14:34:19.899(String), [background-preinit] INFO  o.h.validator.internal.util.Version - HV000001: Hibernate Validator 8.0.2.Final(String)
2025-08-20 09:12:08.171 [schedulerFactoryBean_Worker-2] DEBUG c.e.mapper.LogOffsetMapper.insertLog - <==    Updates: 1
2025-08-20 09:12:08.171 [schedulerFactoryBean_Worker-2] DEBUG c.e.mapper.LogOffsetMapper.insertLog - ==>  Preparing: INSERT INTO swg_logs (log_time, level, message) VALUES (?, ?, ?)
2025-08-20 09:12:08.171 [schedulerFactoryBean_Worker-2] DEBUG c.e.mapper.LogOffsetMapper.insertLog - ==> Parameters: 2025-08-20 09:12:08.1711357(Timestamp), 14:34:19.928(String), [main] INFO  c.example.service.BoardServiceTest - Starting BoardServiceTest using Java 17.0.3 with PID 23608 (started by lshan in C:\Users\lshan\git\base-project\demo-1)(String)
2025-08-20 09:12:08.172 [schedulerFactoryBean_Worker-2] DEBUG c.e.mapper.LogOffsetMapper.insertLog - <==    Updates: 1
2025-08-20 09:12:08.172 [schedulerFactoryBean_Worker-2] DEBUG c.e.mapper.LogOffsetMapper.insertLog - ==>  Preparing: INSERT INTO swg_logs (log_time, level, message) VALUES (?, ?, ?)
2025-08-20 09:12:08.172 [schedulerFactoryBean_Worker-2] DEBUG c.e.mapper.LogOffsetMapper.insertLog - ==> Parameters: 2025-08-20 09:12:08.1721358(Timestamp), 14:34:19.928(String), [main] DEBUG c.example.service.BoardServiceTest - Running with Spring Boot v3.4.4, Spring v6.2.5(String)
2025-08-20 09:12:08.172 [schedulerFactoryBean_Worker-2] DEBUG c.e.mapper.LogOffsetMapper.insertLog - <==    Updates: 1
2025-08-20 09:12:08.173 [schedulerFactoryBean_Worker-2] DEBUG c.e.mapper.LogOffsetMapper.insertLog - ==>  Preparing: INSERT INTO swg_logs (log_time, level, message) VALUES (?, ?, ?)
2025-08-20 09:12:08.173 [schedulerFactoryBean_Worker-2] DEBUG c.e.mapper.LogOffsetMapper.insertLog - ==> Parameters: 2025-08-20 09:12:08.1731364(Timestamp), 14:34:19.928(String), [main] INFO  c.example.service.BoardServiceTest - No active profile set, falling back to 1 default profile: "default"(String)
2025-08-20 09:12:08.173 [schedulerFactoryBean_Worker-2] DEBUG c.e.mapper.LogOffsetMapper.insertLog - <==    Updates: 1
2025-08-20 09:12:08.173 [schedulerFactoryBean_Worker-2] DEBUG c.e.mapper.LogOffsetMapper.insertLog - ==>  Preparing: INSERT INTO swg_logs (log_time, level, message) VALUES (?, ?, ?)
2025-08-20 09:12:08.173 [schedulerFactoryBean_Worker-2] DEBUG c.e.mapper.LogOffsetMapper.insertLog - ==> Parameters: 2025-08-20 09:12:08.1731364(Timestamp), 14:34:20.791(String), [main] INFO  com.zaxxer.hikari.HikariDataSource - HikariPool-1 - Starting...(String)
2025-08-20 09:12:08.174 [schedulerFactoryBean_Worker-2] DEBUG c.e.mapper.LogOffsetMapper.insertLog - <==    Updates: 1
2025-08-20 09:12:08.174 [schedulerFactoryBean_Worker-2] DEBUG c.e.mapper.LogOffsetMapper.insertLog - ==>  Preparing: INSERT INTO swg_logs (log_time, level, message) VALUES (?, ?, ?)
2025-08-20 09:12:08.174 [schedulerFactoryBean_Worker-2] DEBUG c.e.mapper.LogOffsetMapper.insertLog - ==> Parameters: 2025-08-20 09:12:08.1746419(Timestamp), 14:34:20.916(String), [main] INFO  com.zaxxer.hikari.pool.HikariPool - HikariPool-1 - Added connection com.mysql.cj.jdbc.ConnectionImpl@27ab206(String)
2025-08-20 09:12:08.174 [schedulerFactoryBean_Worker-2] DEBUG c.e.mapper.LogOffsetMapper.insertLog - <==    Updates: 1
2025-08-20 09:12:08.175 [schedulerFactoryBean_Worker-2] DEBUG c.e.mapper.LogOffsetMapper.insertLog - ==>  Preparing: INSERT INTO swg_logs (log_time, level, message) VALUES (?, ?, ?)
2025-08-20 09:12:08.175 [schedulerFactoryBean_Worker-2] DEBUG c.e.mapper.LogOffsetMapper.insertLog - ==> Parameters: 2025-08-20 09:12:08.1756544(Timestamp), 14:34:20.917(String), [main] INFO  com.zaxxer.hikari.HikariDataSource - HikariPool-1 - Start completed.(String)
2025-08-20 09:12:08.175 [schedulerFactoryBean_Worker-2] DEBUG c.e.mapper.LogOffsetMapper.insertLog - <==    Updates: 1
2025-08-20 09:12:08.176 [schedulerFactoryBean_Worker-2] DEBUG c.e.mapper.LogOffsetMapper.insertLog - ==>  Preparing: INSERT INTO swg_logs (log_time, level, message) VALUES (?, ?, ?)
2025-08-20 09:12:08.176 [schedulerFactoryBean_Worker-2] DEBUG c.e.mapper.LogOffsetMapper.insertLog - ==> Parameters: 2025-08-20 09:12:08.1766569(Timestamp), 14:34:21.679(String), [main] INFO  o.s.s.c.a.a.c.InitializeUserDetailsBeanManagerConfigurer$InitializeUserDetailsManagerConfigurer - Global AuthenticationManager configured with UserDetailsService bean with name userDetailsServiceImpl(String)
2025-08-20 09:12:08.176 [schedulerFactoryBean_Worker-2] DEBUG c.e.mapper.LogOffsetMapper.insertLog - <==    Updates: 1
2025-08-20 09:12:08.177 [schedulerFactoryBean_Worker-2] DEBUG c.e.mapper.LogOffsetMapper.insertLog - ==>  Preparing: INSERT INTO swg_logs (log_time, level, message) VALUES (?, ?, ?)
2025-08-20 09:12:08.177 [schedulerFactoryBean_Worker-2] DEBUG c.e.mapper.LogOffsetMapper.insertLog - ==> Parameters: 2025-08-20 09:12:08.1776563(Timestamp), 14:34:21.920(String), [main] INFO  o.s.s.quartz.LocalDataSourceJobStore - Using db table-based data access locking (synchronization).(String)
2025-08-20 09:12:08.177 [schedulerFactoryBean_Worker-2] DEBUG c.e.mapper.LogOffsetMapper.insertLog - <==    Updates: 1
2025-08-20 09:12:08.177 [schedulerFactoryBean_Worker-2] DEBUG c.e.mapper.LogOffsetMapper.insertLog - ==>  Preparing: INSERT INTO swg_logs (log_time, level, message) VALUES (?, ?, ?)
2025-08-20 09:12:08.177 [schedulerFactoryBean_Worker-2] DEBUG c.e.mapper.LogOffsetMapper.insertLog - ==> Parameters: 2025-08-20 09:12:08.1776563(Timestamp), 14:34:21.924(String), [main] INFO  o.s.s.quartz.LocalDataSourceJobStore - JobStoreCMT initialized.(String)
2025-08-20 09:12:08.178 [schedulerFactoryBean_Worker-2] DEBUG c.e.mapper.LogOffsetMapper.insertLog - <==    Updates: 1
2025-08-20 09:12:08.178 [schedulerFactoryBean_Worker-2] DEBUG c.e.mapper.LogOffsetMapper.insertLog - ==>  Preparing: INSERT INTO swg_logs (log_time, level, message) VALUES (?, ?, ?)
2025-08-20 09:12:08.178 [schedulerFactoryBean_Worker-2] DEBUG c.e.mapper.LogOffsetMapper.insertLog - ==> Parameters: 2025-08-20 09:12:08.1786564(Timestamp), 14:34:22.586(String), [main] INFO  o.s.s.quartz.SchedulerFactoryBean - Starting Quartz Scheduler now(String)
2025-08-20 09:12:08.178 [schedulerFactoryBean_Worker-2] DEBUG c.e.mapper.LogOffsetMapper.insertLog - <==    Updates: 1
2025-08-20 09:12:08.179 [schedulerFactoryBean_Worker-2] DEBUG c.e.mapper.LogOffsetMapper.insertLog - ==>  Preparing: INSERT INTO swg_logs (log_time, level, message) VALUES (?, ?, ?)
2025-08-20 09:12:08.179 [schedulerFactoryBean_Worker-2] DEBUG c.e.mapper.LogOffsetMapper.insertLog - ==> Parameters: 2025-08-20 09:12:08.1796559(Timestamp), 14:34:22.588(String), [main] INFO  o.s.s.quartz.LocalDataSourceJobStore - Freed 0 triggers from 'acquired' / 'blocked' state.(String)
2025-08-20 09:12:08.179 [schedulerFactoryBean_Worker-2] DEBUG c.e.mapper.LogOffsetMapper.insertLog - <==    Updates: 1
2025-08-20 09:12:08.179 [schedulerFactoryBean_Worker-2] DEBUG c.e.mapper.LogOffsetMapper.insertLog - ==>  Preparing: INSERT INTO swg_logs (log_time, level, message) VALUES (?, ?, ?)
2025-08-20 09:12:08.179 [schedulerFactoryBean_Worker-2] DEBUG c.e.mapper.LogOffsetMapper.insertLog - ==> Parameters: 2025-08-20 09:12:08.1796559(Timestamp), 14:34:22.590(String), [main] INFO  o.s.s.quartz.LocalDataSourceJobStore - Recovering 0 jobs that were in-progress at the time of the last shut-down.(String)
2025-08-20 09:12:08.180 [schedulerFactoryBean_Worker-2] DEBUG c.e.mapper.LogOffsetMapper.insertLog - <==    Updates: 1
2025-08-20 09:12:08.180 [schedulerFactoryBean_Worker-2] DEBUG c.e.mapper.LogOffsetMapper.insertLog - ==>  Preparing: INSERT INTO swg_logs (log_time, level, message) VALUES (?, ?, ?)
2025-08-20 09:12:08.180 [schedulerFactoryBean_Worker-2] DEBUG c.e.mapper.LogOffsetMapper.insertLog - ==> Parameters: 2025-08-20 09:12:08.1806565(Timestamp), 14:34:22.590(String), [main] INFO  o.s.s.quartz.LocalDataSourceJobStore - Recovery complete.(String)
2025-08-20 09:12:08.181 [schedulerFactoryBean_Worker-2] DEBUG c.e.mapper.LogOffsetMapper.insertLog - <==    Updates: 1
2025-08-20 09:12:08.181 [schedulerFactoryBean_Worker-2] DEBUG c.e.mapper.LogOffsetMapper.insertLog - ==>  Preparing: INSERT INTO swg_logs (log_time, level, message) VALUES (?, ?, ?)
2025-08-20 09:12:08.181 [schedulerFactoryBean_Worker-2] DEBUG c.e.mapper.LogOffsetMapper.insertLog - ==> Parameters: 2025-08-20 09:12:08.1816566(Timestamp), 14:34:22.590(String), [main] INFO  o.s.s.quartz.LocalDataSourceJobStore - Removed 0 'complete' triggers.(String)
2025-08-20 09:12:08.182 [schedulerFactoryBean_Worker-2] DEBUG c.e.mapper.LogOffsetMapper.insertLog - <==    Updates: 1
2025-08-20 09:12:08.182 [schedulerFactoryBean_Worker-2] DEBUG c.e.mapper.LogOffsetMapper.insertLog - ==>  Preparing: INSERT INTO swg_logs (log_time, level, message) VALUES (?, ?, ?)
2025-08-20 09:12:08.182 [schedulerFactoryBean_Worker-2] DEBUG c.e.mapper.LogOffsetMapper.insertLog - ==> Parameters: 2025-08-20 09:12:08.182657(Timestamp), 14:34:22.590(String), [main] INFO  o.s.s.quartz.LocalDataSourceJobStore - Removed 0 stale fired job entries.(String)
2025-08-20 09:12:08.182 [schedulerFactoryBean_Worker-2] DEBUG c.e.mapper.LogOffsetMapper.insertLog - <==    Updates: 1
2025-08-20 09:12:08.183 [schedulerFactoryBean_Worker-2] DEBUG c.e.mapper.LogOffsetMapper.insertLog - ==>  Preparing: INSERT INTO swg_logs (log_time, level, message) VALUES (?, ?, ?)
2025-08-20 09:12:08.183 [schedulerFactoryBean_Worker-2] DEBUG c.e.mapper.LogOffsetMapper.insertLog - ==> Parameters: 2025-08-20 09:12:08.183657(Timestamp), 14:34:22.600(String), [main] INFO  c.example.service.BoardServiceTest - Started BoardServiceTest in 2.926 seconds (process running for 3.588)(String)
2025-08-20 09:12:08.183 [schedulerFactoryBean_Worker-2] DEBUG c.e.mapper.LogOffsetMapper.insertLog - <==    Updates: 1
2025-08-20 09:12:08.184 [schedulerFactoryBean_Worker-2] DEBUG c.e.mapper.LogOffsetMapper.insertLog - ==>  Preparing: INSERT INTO swg_logs (log_time, level, message) VALUES (?, ?, ?)
2025-08-20 09:12:08.184 [schedulerFactoryBean_Worker-2] DEBUG c.e.mapper.LogOffsetMapper.insertLog - ==> Parameters: 2025-08-20 09:12:08.1846561(Timestamp), 14:34:22.611(String), [main] DEBUG c.e.mapper.UserMapper.findByUserId - ==>  Preparing: SELECT id , user_id , password , user_name , refresh_token FROM users WHERE user_id = ?(String)
2025-08-20 09:12:08.184 [schedulerFactoryBean_Worker-2] DEBUG c.e.mapper.LogOffsetMapper.insertLog - <==    Updates: 1
2025-08-20 09:12:08.185 [schedulerFactoryBean_Worker-2] DEBUG c.e.mapper.LogOffsetMapper.insertLog - ==>  Preparing: INSERT INTO swg_logs (log_time, level, message) VALUES (?, ?, ?)
2025-08-20 09:12:08.185 [schedulerFactoryBean_Worker-2] DEBUG c.e.mapper.LogOffsetMapper.insertLog - ==> Parameters: 2025-08-20 09:12:08.1846561(Timestamp), 14:34:22.617(String), [main] DEBUG c.e.mapper.UserMapper.findByUserId - ==> Parameters: user123(String)(String)
2025-08-20 09:12:08.185 [schedulerFactoryBean_Worker-2] DEBUG c.e.mapper.LogOffsetMapper.insertLog - <==    Updates: 1
2025-08-20 09:12:08.185 [schedulerFactoryBean_Worker-2] DEBUG c.e.mapper.LogOffsetMapper.insertLog - ==>  Preparing: INSERT INTO swg_logs (log_time, level, message) VALUES (?, ?, ?)
2025-08-20 09:12:08.185 [schedulerFactoryBean_Worker-2] DEBUG c.e.mapper.LogOffsetMapper.insertLog - ==> Parameters: 2025-08-20 09:12:08.1857473(Timestamp), 14:34:22.624(String), [main] DEBUG c.e.mapper.UserMapper.findByUserId - <==      Total: 1(String)
2025-08-20 09:12:08.185 [schedulerFactoryBean_Worker-2] DEBUG c.e.mapper.LogOffsetMapper.insertLog - <==    Updates: 1
2025-08-20 09:12:08.187 [schedulerFactoryBean_Worker-2] DEBUG c.e.mapper.LogOffsetMapper.insertLog - ==>  Preparing: INSERT INTO swg_logs (log_time, level, message) VALUES (?, ?, ?)
2025-08-20 09:12:08.187 [schedulerFactoryBean_Worker-2] DEBUG c.e.mapper.LogOffsetMapper.insertLog - ==> Parameters: 2025-08-20 09:12:08.1872003(Timestamp), 14:34:22.624(String), [main] DEBUG c.e.mapper.UserMapper.findByUserId - ==>  Preparing: SELECT id , user_id , password , user_name , refresh_token FROM users WHERE user_id = ?(String)
2025-08-20 09:12:08.187 [schedulerFactoryBean_Worker-2] DEBUG c.e.mapper.LogOffsetMapper.insertLog - <==    Updates: 1
2025-08-20 09:12:08.187 [schedulerFactoryBean_Worker-2] DEBUG c.e.mapper.LogOffsetMapper.insertLog - ==>  Preparing: INSERT INTO swg_logs (log_time, level, message) VALUES (?, ?, ?)
2025-08-20 09:12:08.188 [schedulerFactoryBean_Worker-2] DEBUG c.e.mapper.LogOffsetMapper.insertLog - ==> Parameters: 2025-08-20 09:12:08.1872003(Timestamp), 14:34:22.625(String), [main] DEBUG c.e.mapper.UserMapper.findByUserId - ==> Parameters: admin123(String)(String)
2025-08-20 09:12:08.188 [schedulerFactoryBean_Worker-2] DEBUG c.e.mapper.LogOffsetMapper.insertLog - <==    Updates: 1
2025-08-20 09:12:08.189 [schedulerFactoryBean_Worker-2] DEBUG c.e.mapper.LogOffsetMapper.insertLog - ==>  Preparing: INSERT INTO swg_logs (log_time, level, message) VALUES (?, ?, ?)
2025-08-20 09:12:08.189 [schedulerFactoryBean_Worker-2] DEBUG c.e.mapper.LogOffsetMapper.insertLog - ==> Parameters: 2025-08-20 09:12:08.1891996(Timestamp), 14:34:22.625(String), [main] DEBUG c.e.mapper.UserMapper.findByUserId - <==      Total: 1(String)
2025-08-20 09:12:08.189 [schedulerFactoryBean_Worker-2] DEBUG c.e.mapper.LogOffsetMapper.insertLog - <==    Updates: 1
2025-08-20 09:12:08.189 [schedulerFactoryBean_Worker-2] DEBUG c.e.mapper.LogOffsetMapper.insertLog - ==>  Preparing: INSERT INTO swg_logs (log_time, level, message) VALUES (?, ?, ?)
2025-08-20 09:12:08.189 [schedulerFactoryBean_Worker-2] DEBUG c.e.mapper.LogOffsetMapper.insertLog - ==> Parameters: 2025-08-20 09:12:08.1891996(Timestamp), 14:34:23.044(String), [main] DEBUG c.e.m.BoardMapper.selectBoardList - ==>  Preparing: SELECT * FROM board ORDER BY created_at DESC LIMIT ? OFFSET ?(String)
2025-08-20 09:12:08.190 [schedulerFactoryBean_Worker-2] DEBUG c.e.mapper.LogOffsetMapper.insertLog - <==    Updates: 1
2025-08-20 09:12:08.190 [schedulerFactoryBean_Worker-2] DEBUG c.e.mapper.LogOffsetMapper.insertLog - ==>  Preparing: INSERT INTO swg_logs (log_time, level, message) VALUES (?, ?, ?)
2025-08-20 09:12:08.190 [schedulerFactoryBean_Worker-2] DEBUG c.e.mapper.LogOffsetMapper.insertLog - ==> Parameters: 2025-08-20 09:12:08.1901998(Timestamp), 14:34:23.044(String), [main] DEBUG c.e.m.BoardMapper.selectBoardList - ==> Parameters: 10(Integer), 0(Integer)(String)
2025-08-20 09:12:08.190 [schedulerFactoryBean_Worker-2] DEBUG c.e.mapper.LogOffsetMapper.insertLog - <==    Updates: 1
2025-08-20 09:12:08.191 [schedulerFactoryBean_Worker-2] DEBUG c.e.mapper.LogOffsetMapper.insertLog - ==>  Preparing: INSERT INTO swg_logs (log_time, level, message) VALUES (?, ?, ?)
2025-08-20 09:12:08.191 [schedulerFactoryBean_Worker-2] DEBUG c.e.mapper.LogOffsetMapper.insertLog - ==> Parameters: 2025-08-20 09:12:08.1901998(Timestamp), 14:34:23.054(String), [main] DEBUG c.e.m.BoardMapper.selectBoardList - <==      Total: 5(String)
2025-08-20 09:12:08.191 [schedulerFactoryBean_Worker-2] DEBUG c.e.mapper.LogOffsetMapper.insertLog - <==    Updates: 1
2025-08-20 09:12:08.191 [schedulerFactoryBean_Worker-2] DEBUG c.e.mapper.LogOffsetMapper.insertLog - ==>  Preparing: INSERT INTO swg_logs (log_time, level, message) VALUES (?, ?, ?)
2025-08-20 09:12:08.191 [schedulerFactoryBean_Worker-2] DEBUG c.e.mapper.LogOffsetMapper.insertLog - ==> Parameters: 2025-08-20 09:12:08.1912(Timestamp), 14:34:23.055(String), [main] DEBUG c.e.m.C.selectCommentsByBoardId - ==>  Preparing: SELECT * FROM comment WHERE board_id = ? ORDER BY created_at ASC(String)
2025-08-20 09:12:08.192 [schedulerFactoryBean_Worker-2] DEBUG c.e.mapper.LogOffsetMapper.insertLog - <==    Updates: 1
2025-08-20 09:12:08.192 [schedulerFactoryBean_Worker-2] DEBUG c.e.mapper.LogOffsetMapper.insertLog - ==>  Preparing: INSERT INTO swg_logs (log_time, level, message) VALUES (?, ?, ?)
2025-08-20 09:12:08.192 [schedulerFactoryBean_Worker-2] DEBUG c.e.mapper.LogOffsetMapper.insertLog - ==> Parameters: 2025-08-20 09:12:08.1922001(Timestamp), 14:34:23.056(String), [main] DEBUG c.e.m.C.selectCommentsByBoardId - ==> Parameters: 8(Long)(String)
2025-08-20 09:12:08.192 [schedulerFactoryBean_Worker-2] DEBUG c.e.mapper.LogOffsetMapper.insertLog - <==    Updates: 1
2025-08-20 09:12:08.192 [schedulerFactoryBean_Worker-2] DEBUG c.e.mapper.LogOffsetMapper.insertLog - ==>  Preparing: INSERT INTO swg_logs (log_time, level, message) VALUES (?, ?, ?)
2025-08-20 09:12:08.193 [schedulerFactoryBean_Worker-2] DEBUG c.e.mapper.LogOffsetMapper.insertLog - ==> Parameters: 2025-08-20 09:12:08.1922001(Timestamp), 14:34:23.057(String), [main] DEBUG c.e.m.C.selectCommentsByBoardId - <==      Total: 0(String)
2025-08-20 09:12:08.193 [schedulerFactoryBean_Worker-2] DEBUG c.e.mapper.LogOffsetMapper.insertLog - <==    Updates: 1
2025-08-20 09:12:08.193 [schedulerFactoryBean_Worker-2] DEBUG c.e.mapper.LogOffsetMapper.insertLog - ==>  Preparing: INSERT INTO swg_logs (log_time, level, message) VALUES (?, ?, ?)
2025-08-20 09:12:08.193 [schedulerFactoryBean_Worker-2] DEBUG c.e.mapper.LogOffsetMapper.insertLog - ==> Parameters: 2025-08-20 09:12:08.1932(Timestamp), 14:34:23.058(String), [main] DEBUG c.e.m.A.selectAttachmentsByBoardId - ==>  Preparing: SELECT * FROM attachment WHERE board_id = ?(String)
2025-08-20 09:12:08.193 [schedulerFactoryBean_Worker-2] DEBUG c.e.mapper.LogOffsetMapper.insertLog - <==    Updates: 1
2025-08-20 09:12:08.193 [schedulerFactoryBean_Worker-2] DEBUG c.e.mapper.LogOffsetMapper.insertLog - ==>  Preparing: INSERT INTO swg_logs (log_time, level, message) VALUES (?, ?, ?)
2025-08-20 09:12:08.193 [schedulerFactoryBean_Worker-2] DEBUG c.e.mapper.LogOffsetMapper.insertLog - ==> Parameters: 2025-08-20 09:12:08.1932(Timestamp), 14:34:23.058(String), [main] DEBUG c.e.m.A.selectAttachmentsByBoardId - ==> Parameters: 8(Long)(String)
2025-08-20 09:12:08.194 [schedulerFactoryBean_Worker-2] DEBUG c.e.mapper.LogOffsetMapper.insertLog - <==    Updates: 1
2025-08-20 09:12:08.194 [schedulerFactoryBean_Worker-2] DEBUG c.e.mapper.LogOffsetMapper.insertLog - ==>  Preparing: INSERT INTO swg_logs (log_time, level, message) VALUES (?, ?, ?)
2025-08-20 09:12:08.194 [schedulerFactoryBean_Worker-2] DEBUG c.e.mapper.LogOffsetMapper.insertLog - ==> Parameters: 2025-08-20 09:12:08.1947053(Timestamp), 14:34:23.059(String), [main] DEBUG c.e.m.A.selectAttachmentsByBoardId - <==      Total: 1(String)
2025-08-20 09:12:08.194 [schedulerFactoryBean_Worker-2] DEBUG c.e.mapper.LogOffsetMapper.insertLog - <==    Updates: 1
2025-08-20 09:12:08.195 [schedulerFactoryBean_Worker-2] DEBUG c.e.mapper.LogOffsetMapper.insertLog - ==>  Preparing: INSERT INTO swg_logs (log_time, level, message) VALUES (?, ?, ?)
2025-08-20 09:12:08.195 [schedulerFactoryBean_Worker-2] DEBUG c.e.mapper.LogOffsetMapper.insertLog - ==> Parameters: 2025-08-20 09:12:08.1957174(Timestamp), 14:34:23.064(String), [main] DEBUG c.e.m.C.selectCommentsByBoardId - ==>  Preparing: SELECT * FROM comment WHERE board_id = ? ORDER BY created_at ASC(String)
2025-08-20 09:12:08.195 [schedulerFactoryBean_Worker-2] DEBUG c.e.mapper.LogOffsetMapper.insertLog - <==    Updates: 1
2025-08-20 09:12:08.195 [schedulerFactoryBean_Worker-2] DEBUG c.e.mapper.LogOffsetMapper.insertLog - ==>  Preparing: INSERT INTO swg_logs (log_time, level, message) VALUES (?, ?, ?)
2025-08-20 09:12:08.195 [schedulerFactoryBean_Worker-2] DEBUG c.e.mapper.LogOffsetMapper.insertLog - ==> Parameters: 2025-08-20 09:12:08.1957174(Timestamp), 14:34:23.065(String), [main] DEBUG c.e.m.C.selectCommentsByBoardId - ==> Parameters: 7(Long)(String)
2025-08-20 09:12:08.196 [schedulerFactoryBean_Worker-2] DEBUG c.e.mapper.LogOffsetMapper.insertLog - <==    Updates: 1
2025-08-20 09:12:08.196 [schedulerFactoryBean_Worker-2] DEBUG c.e.mapper.LogOffsetMapper.insertLog - ==>  Preparing: INSERT INTO swg_logs (log_time, level, message) VALUES (?, ?, ?)
2025-08-20 09:12:08.196 [schedulerFactoryBean_Worker-2] DEBUG c.e.mapper.LogOffsetMapper.insertLog - ==> Parameters: 2025-08-20 09:12:08.1967169(Timestamp), 14:34:23.065(String), [main] DEBUG c.e.m.C.selectCommentsByBoardId - <==      Total: 0(String)
2025-08-20 09:12:08.196 [schedulerFactoryBean_Worker-2] DEBUG c.e.mapper.LogOffsetMapper.insertLog - <==    Updates: 1
2025-08-20 09:12:08.196 [schedulerFactoryBean_Worker-2] DEBUG c.e.mapper.LogOffsetMapper.insertLog - ==>  Preparing: INSERT INTO swg_logs (log_time, level, message) VALUES (?, ?, ?)
2025-08-20 09:12:08.197 [schedulerFactoryBean_Worker-2] DEBUG c.e.mapper.LogOffsetMapper.insertLog - ==> Parameters: 2025-08-20 09:12:08.1967169(Timestamp), 14:34:23.065(String), [main] DEBUG c.e.m.A.selectAttachmentsByBoardId - ==>  Preparing: SELECT * FROM attachment WHERE board_id = ?(String)
2025-08-20 09:12:08.197 [schedulerFactoryBean_Worker-2] DEBUG c.e.mapper.LogOffsetMapper.insertLog - <==    Updates: 1
2025-08-20 09:12:08.197 [schedulerFactoryBean_Worker-2] DEBUG c.e.mapper.LogOffsetMapper.insertLog - ==>  Preparing: INSERT INTO swg_logs (log_time, level, message) VALUES (?, ?, ?)
2025-08-20 09:12:08.197 [schedulerFactoryBean_Worker-2] DEBUG c.e.mapper.LogOffsetMapper.insertLog - ==> Parameters: 2025-08-20 09:12:08.1977183(Timestamp), 14:34:23.067(String), [main] DEBUG c.e.m.A.selectAttachmentsByBoardId - ==> Parameters: 7(Long)(String)
2025-08-20 09:12:08.198 [schedulerFactoryBean_Worker-2] DEBUG c.e.mapper.LogOffsetMapper.insertLog - <==    Updates: 1
2025-08-20 09:12:08.198 [schedulerFactoryBean_Worker-2] DEBUG c.e.mapper.LogOffsetMapper.insertLog - ==>  Preparing: INSERT INTO swg_logs (log_time, level, message) VALUES (?, ?, ?)
2025-08-20 09:12:08.198 [schedulerFactoryBean_Worker-2] DEBUG c.e.mapper.LogOffsetMapper.insertLog - ==> Parameters: 2025-08-20 09:12:08.1987174(Timestamp), 14:34:23.067(String), [main] DEBUG c.e.m.A.selectAttachmentsByBoardId - <==      Total: 1(String)
2025-08-20 09:12:08.198 [schedulerFactoryBean_Worker-2] DEBUG c.e.mapper.LogOffsetMapper.insertLog - <==    Updates: 1
2025-08-20 09:12:08.199 [schedulerFactoryBean_Worker-2] DEBUG c.e.mapper.LogOffsetMapper.insertLog - ==>  Preparing: INSERT INTO swg_logs (log_time, level, message) VALUES (?, ?, ?)
2025-08-20 09:12:08.199 [schedulerFactoryBean_Worker-2] DEBUG c.e.mapper.LogOffsetMapper.insertLog - ==> Parameters: 2025-08-20 09:12:08.1997169(Timestamp), 14:34:23.068(String), [main] DEBUG c.e.m.C.selectCommentsByBoardId - ==>  Preparing: SELECT * FROM comment WHERE board_id = ? ORDER BY created_at ASC(String)
2025-08-20 09:12:08.199 [schedulerFactoryBean_Worker-2] DEBUG c.e.mapper.LogOffsetMapper.insertLog - <==    Updates: 1
2025-08-20 09:12:08.199 [schedulerFactoryBean_Worker-2] DEBUG c.e.mapper.LogOffsetMapper.insertLog - ==>  Preparing: INSERT INTO swg_logs (log_time, level, message) VALUES (?, ?, ?)
2025-08-20 09:12:08.199 [schedulerFactoryBean_Worker-2] DEBUG c.e.mapper.LogOffsetMapper.insertLog - ==> Parameters: 2025-08-20 09:12:08.1997169(Timestamp), 14:34:23.068(String), [main] DEBUG c.e.m.C.selectCommentsByBoardId - ==> Parameters: 6(Long)(String)
2025-08-20 09:12:08.199 [schedulerFactoryBean_Worker-2] DEBUG c.e.mapper.LogOffsetMapper.insertLog - <==    Updates: 1
2025-08-20 09:12:08.200 [schedulerFactoryBean_Worker-2] DEBUG c.e.mapper.LogOffsetMapper.insertLog - ==>  Preparing: INSERT INTO swg_logs (log_time, level, message) VALUES (?, ?, ?)
2025-08-20 09:12:08.200 [schedulerFactoryBean_Worker-2] DEBUG c.e.mapper.LogOffsetMapper.insertLog - ==> Parameters: 2025-08-20 09:12:08.2007168(Timestamp), 14:34:23.069(String), [main] DEBUG c.e.m.C.selectCommentsByBoardId - <==      Total: 0(String)
2025-08-20 09:12:08.200 [schedulerFactoryBean_Worker-2] DEBUG c.e.mapper.LogOffsetMapper.insertLog - <==    Updates: 1
2025-08-20 09:12:08.200 [schedulerFactoryBean_Worker-2] DEBUG c.e.mapper.LogOffsetMapper.insertLog - ==>  Preparing: INSERT INTO swg_logs (log_time, level, message) VALUES (?, ?, ?)
2025-08-20 09:12:08.200 [schedulerFactoryBean_Worker-2] DEBUG c.e.mapper.LogOffsetMapper.insertLog - ==> Parameters: 2025-08-20 09:12:08.2007168(Timestamp), 14:34:23.069(String), [main] DEBUG c.e.m.A.selectAttachmentsByBoardId - ==>  Preparing: SELECT * FROM attachment WHERE board_id = ?(String)
2025-08-20 09:12:08.201 [schedulerFactoryBean_Worker-2] DEBUG c.e.mapper.LogOffsetMapper.insertLog - <==    Updates: 1
2025-08-20 09:12:08.201 [schedulerFactoryBean_Worker-2] DEBUG c.e.mapper.LogOffsetMapper.insertLog - ==>  Preparing: INSERT INTO swg_logs (log_time, level, message) VALUES (?, ?, ?)
2025-08-20 09:12:08.201 [schedulerFactoryBean_Worker-2] DEBUG c.e.mapper.LogOffsetMapper.insertLog - ==> Parameters: 2025-08-20 09:12:08.2017169(Timestamp), 14:34:23.069(String), [main] DEBUG c.e.m.A.selectAttachmentsByBoardId - ==> Parameters: 6(Long)(String)
2025-08-20 09:12:08.201 [schedulerFactoryBean_Worker-2] DEBUG c.e.mapper.LogOffsetMapper.insertLog - <==    Updates: 1
2025-08-20 09:12:08.201 [schedulerFactoryBean_Worker-2] DEBUG c.e.mapper.LogOffsetMapper.insertLog - ==>  Preparing: INSERT INTO swg_logs (log_time, level, message) VALUES (?, ?, ?)
2025-08-20 09:12:08.202 [schedulerFactoryBean_Worker-2] DEBUG c.e.mapper.LogOffsetMapper.insertLog - ==> Parameters: 2025-08-20 09:12:08.2017169(Timestamp), 14:34:23.070(String), [main] DEBUG c.e.m.A.selectAttachmentsByBoardId - <==      Total: 1(String)
2025-08-20 09:12:08.202 [schedulerFactoryBean_Worker-2] DEBUG c.e.mapper.LogOffsetMapper.insertLog - <==    Updates: 1
2025-08-20 09:12:08.202 [schedulerFactoryBean_Worker-2] DEBUG c.e.mapper.LogOffsetMapper.insertLog - ==>  Preparing: INSERT INTO swg_logs (log_time, level, message) VALUES (?, ?, ?)
2025-08-20 09:12:08.202 [schedulerFactoryBean_Worker-2] DEBUG c.e.mapper.LogOffsetMapper.insertLog - ==> Parameters: 2025-08-20 09:12:08.2027167(Timestamp), 14:34:23.070(String), [main] DEBUG c.e.m.C.selectCommentsByBoardId - ==>  Preparing: SELECT * FROM comment WHERE board_id = ? ORDER BY created_at ASC(String)
2025-08-20 09:12:08.202 [schedulerFactoryBean_Worker-2] DEBUG c.e.mapper.LogOffsetMapper.insertLog - <==    Updates: 1
2025-08-20 09:12:08.203 [schedulerFactoryBean_Worker-2] DEBUG c.e.mapper.LogOffsetMapper.insertLog - ==>  Preparing: INSERT INTO swg_logs (log_time, level, message) VALUES (?, ?, ?)
2025-08-20 09:12:08.203 [schedulerFactoryBean_Worker-2] DEBUG c.e.mapper.LogOffsetMapper.insertLog - ==> Parameters: 2025-08-20 09:12:08.2037168(Timestamp), 14:34:23.070(String), [main] DEBUG c.e.m.C.selectCommentsByBoardId - ==> Parameters: 5(Long)(String)
2025-08-20 09:12:08.203 [schedulerFactoryBean_Worker-2] DEBUG c.e.mapper.LogOffsetMapper.insertLog - <==    Updates: 1
2025-08-20 09:12:08.203 [schedulerFactoryBean_Worker-2] DEBUG c.e.mapper.LogOffsetMapper.insertLog - ==>  Preparing: INSERT INTO swg_logs (log_time, level, message) VALUES (?, ?, ?)
2025-08-20 09:12:08.203 [schedulerFactoryBean_Worker-2] DEBUG c.e.mapper.LogOffsetMapper.insertLog - ==> Parameters: 2025-08-20 09:12:08.2037168(Timestamp), 14:34:23.071(String), [main] DEBUG c.e.m.C.selectCommentsByBoardId - <==      Total: 0(String)
2025-08-20 09:12:08.204 [schedulerFactoryBean_Worker-2] DEBUG c.e.mapper.LogOffsetMapper.insertLog - <==    Updates: 1
2025-08-20 09:12:08.204 [schedulerFactoryBean_Worker-2] DEBUG c.e.mapper.LogOffsetMapper.insertLog - ==>  Preparing: INSERT INTO swg_logs (log_time, level, message) VALUES (?, ?, ?)
2025-08-20 09:12:08.204 [schedulerFactoryBean_Worker-2] DEBUG c.e.mapper.LogOffsetMapper.insertLog - ==> Parameters: 2025-08-20 09:12:08.204717(Timestamp), 14:34:23.071(String), [main] DEBUG c.e.m.A.selectAttachmentsByBoardId - ==>  Preparing: SELECT * FROM attachment WHERE board_id = ?(String)
2025-08-20 09:12:08.204 [schedulerFactoryBean_Worker-2] DEBUG c.e.mapper.LogOffsetMapper.insertLog - <==    Updates: 1
2025-08-20 09:12:08.204 [schedulerFactoryBean_Worker-2] DEBUG c.e.mapper.LogOffsetMapper.insertLog - ==>  Preparing: INSERT INTO swg_logs (log_time, level, message) VALUES (?, ?, ?)
2025-08-20 09:12:08.204 [schedulerFactoryBean_Worker-2] DEBUG c.e.mapper.LogOffsetMapper.insertLog - ==> Parameters: 2025-08-20 09:12:08.204717(Timestamp), 14:34:23.071(String), [main] DEBUG c.e.m.A.selectAttachmentsByBoardId - ==> Parameters: 5(Long)(String)
2025-08-20 09:12:08.205 [schedulerFactoryBean_Worker-2] DEBUG c.e.mapper.LogOffsetMapper.insertLog - <==    Updates: 1
2025-08-20 09:12:08.205 [schedulerFactoryBean_Worker-2] DEBUG c.e.mapper.LogOffsetMapper.insertLog - ==>  Preparing: INSERT INTO swg_logs (log_time, level, message) VALUES (?, ?, ?)
2025-08-20 09:12:08.205 [schedulerFactoryBean_Worker-2] DEBUG c.e.mapper.LogOffsetMapper.insertLog - ==> Parameters: 2025-08-20 09:12:08.2059737(Timestamp), 14:34:23.072(String), [main] DEBUG c.e.m.A.selectAttachmentsByBoardId - <==      Total: 1(String)
2025-08-20 09:12:08.205 [schedulerFactoryBean_Worker-2] DEBUG c.e.mapper.LogOffsetMapper.insertLog - <==    Updates: 1
2025-08-20 09:12:08.205 [schedulerFactoryBean_Worker-2] DEBUG c.e.mapper.LogOffsetMapper.insertLog - ==>  Preparing: INSERT INTO swg_logs (log_time, level, message) VALUES (?, ?, ?)
2025-08-20 09:12:08.205 [schedulerFactoryBean_Worker-2] DEBUG c.e.mapper.LogOffsetMapper.insertLog - ==> Parameters: 2025-08-20 09:12:08.2059737(Timestamp), 14:34:23.072(String), [main] DEBUG c.e.m.C.selectCommentsByBoardId - ==>  Preparing: SELECT * FROM comment WHERE board_id = ? ORDER BY created_at ASC(String)
2025-08-20 09:12:08.207 [schedulerFactoryBean_Worker-2] DEBUG c.e.mapper.LogOffsetMapper.insertLog - <==    Updates: 1
2025-08-20 09:12:08.207 [schedulerFactoryBean_Worker-2] DEBUG c.e.mapper.LogOffsetMapper.insertLog - ==>  Preparing: INSERT INTO swg_logs (log_time, level, message) VALUES (?, ?, ?)
2025-08-20 09:12:08.207 [schedulerFactoryBean_Worker-2] DEBUG c.e.mapper.LogOffsetMapper.insertLog - ==> Parameters: 2025-08-20 09:12:08.2072438(Timestamp), 14:34:23.072(String), [main] DEBUG c.e.m.C.selectCommentsByBoardId - ==> Parameters: 4(Long)(String)
2025-08-20 09:12:08.207 [schedulerFactoryBean_Worker-2] DEBUG c.e.mapper.LogOffsetMapper.insertLog - <==    Updates: 1
2025-08-20 09:12:08.207 [schedulerFactoryBean_Worker-2] DEBUG c.e.mapper.LogOffsetMapper.insertLog - ==>  Preparing: INSERT INTO swg_logs (log_time, level, message) VALUES (?, ?, ?)
2025-08-20 09:12:08.207 [schedulerFactoryBean_Worker-2] DEBUG c.e.mapper.LogOffsetMapper.insertLog - ==> Parameters: 2025-08-20 09:12:08.2072438(Timestamp), 14:34:23.073(String), [main] DEBUG c.e.m.C.selectCommentsByBoardId - <==      Total: 4(String)
2025-08-20 09:12:08.208 [schedulerFactoryBean_Worker-2] DEBUG c.e.mapper.LogOffsetMapper.insertLog - <==    Updates: 1
2025-08-20 09:12:08.208 [schedulerFactoryBean_Worker-2] DEBUG c.e.mapper.LogOffsetMapper.insertLog - ==>  Preparing: INSERT INTO swg_logs (log_time, level, message) VALUES (?, ?, ?)
2025-08-20 09:12:08.208 [schedulerFactoryBean_Worker-2] DEBUG c.e.mapper.LogOffsetMapper.insertLog - ==> Parameters: 2025-08-20 09:12:08.2082433(Timestamp), 14:34:23.074(String), [main] DEBUG c.e.m.A.selectAttachmentsByBoardId - ==>  Preparing: SELECT * FROM attachment WHERE board_id = ?(String)
2025-08-20 09:12:08.208 [schedulerFactoryBean_Worker-2] DEBUG c.e.mapper.LogOffsetMapper.insertLog - <==    Updates: 1
2025-08-20 09:12:08.209 [schedulerFactoryBean_Worker-2] DEBUG c.e.mapper.LogOffsetMapper.insertLog - ==>  Preparing: INSERT INTO swg_logs (log_time, level, message) VALUES (?, ?, ?)
2025-08-20 09:12:08.209 [schedulerFactoryBean_Worker-2] DEBUG c.e.mapper.LogOffsetMapper.insertLog - ==> Parameters: 2025-08-20 09:12:08.2092431(Timestamp), 14:34:23.074(String), [main] DEBUG c.e.m.A.selectAttachmentsByBoardId - ==> Parameters: 4(Long)(String)
2025-08-20 09:12:08.209 [schedulerFactoryBean_Worker-2] DEBUG c.e.mapper.LogOffsetMapper.insertLog - <==    Updates: 1
2025-08-20 09:12:08.209 [schedulerFactoryBean_Worker-2] DEBUG c.e.mapper.LogOffsetMapper.insertLog - ==>  Preparing: INSERT INTO swg_logs (log_time, level, message) VALUES (?, ?, ?)
2025-08-20 09:12:08.209 [schedulerFactoryBean_Worker-2] DEBUG c.e.mapper.LogOffsetMapper.insertLog - ==> Parameters: 2025-08-20 09:12:08.2092431(Timestamp), 14:34:23.075(String), [main] DEBUG c.e.m.A.selectAttachmentsByBoardId - <==      Total: 1(String)
2025-08-20 09:12:08.209 [schedulerFactoryBean_Worker-2] DEBUG c.e.mapper.LogOffsetMapper.insertLog - <==    Updates: 1
2025-08-20 09:12:08.210 [schedulerFactoryBean_Worker-2] DEBUG c.e.mapper.LogOffsetMapper.insertLog - ==>  Preparing: INSERT INTO swg_logs (log_time, level, message) VALUES (?, ?, ?)
2025-08-20 09:12:08.210 [schedulerFactoryBean_Worker-2] DEBUG c.e.mapper.LogOffsetMapper.insertLog - ==> Parameters: 2025-08-20 09:12:08.2102428(Timestamp), 14:34:23.084(String), [main] DEBUG c.e.mapper.BoardMapper.insertBoard - ==>  Preparing: INSERT INTO board (post_type, title, content, writer, created_at, updated_at) VALUES (?, ?, ?, ?, NOW(), NOW())(String)
2025-08-20 09:12:08.210 [schedulerFactoryBean_Worker-2] DEBUG c.e.mapper.LogOffsetMapper.insertLog - <==    Updates: 1
2025-08-20 09:12:08.210 [schedulerFactoryBean_Worker-2] DEBUG c.e.mapper.LogOffsetMapper.insertLog - ==>  Preparing: INSERT INTO swg_logs (log_time, level, message) VALUES (?, ?, ?)
2025-08-20 09:12:08.211 [schedulerFactoryBean_Worker-2] DEBUG c.e.mapper.LogOffsetMapper.insertLog - ==> Parameters: 2025-08-20 09:12:08.2102428(Timestamp), 14:34:23.085(String), [main] DEBUG c.e.mapper.BoardMapper.insertBoard - ==> Parameters: QNA(String), 테스트 제목입니다.(String), 냉무(String), 1(Long)(String)
2025-08-20 09:12:08.211 [schedulerFactoryBean_Worker-2] DEBUG c.e.mapper.LogOffsetMapper.insertLog - <==    Updates: 1
2025-08-20 09:12:08.211 [schedulerFactoryBean_Worker-2] DEBUG c.e.mapper.LogOffsetMapper.insertLog - ==>  Preparing: INSERT INTO swg_logs (log_time, level, message) VALUES (?, ?, ?)
2025-08-20 09:12:08.211 [schedulerFactoryBean_Worker-2] DEBUG c.e.mapper.LogOffsetMapper.insertLog - ==> Parameters: 2025-08-20 09:12:08.211243(Timestamp), 14:34:23.086(String), [main] DEBUG c.e.mapper.BoardMapper.insertBoard - <==    Updates: 1(String)
2025-08-20 09:12:08.211 [schedulerFactoryBean_Worker-2] DEBUG c.e.mapper.LogOffsetMapper.insertLog - <==    Updates: 1
2025-08-20 09:12:08.212 [schedulerFactoryBean_Worker-2] DEBUG c.e.mapper.LogOffsetMapper.insertLog - ==>  Preparing: INSERT INTO swg_logs (log_time, level, message) VALUES (?, ?, ?)
2025-08-20 09:12:08.212 [schedulerFactoryBean_Worker-2] DEBUG c.e.mapper.LogOffsetMapper.insertLog - ==> Parameters: 2025-08-20 09:12:08.2122428(Timestamp), 14:34:23.089(String), [main] DEBUG c.e.m.A.insertAttachment - ==>  Preparing: INSERT INTO attachment (board_id, original_name, saved_name, file_path, file_size, uploaded_at) VALUES (?, ?, ?, ?, ?, NOW())(String)
2025-08-20 09:12:08.212 [schedulerFactoryBean_Worker-2] DEBUG c.e.mapper.LogOffsetMapper.insertLog - <==    Updates: 1
2025-08-20 09:12:08.212 [schedulerFactoryBean_Worker-2] DEBUG c.e.mapper.LogOffsetMapper.insertLog - ==>  Preparing: INSERT INTO swg_logs (log_time, level, message) VALUES (?, ?, ?)
2025-08-20 09:12:08.213 [schedulerFactoryBean_Worker-2] DEBUG c.e.mapper.LogOffsetMapper.insertLog - ==> Parameters: 2025-08-20 09:12:08.2122428(Timestamp), 14:34:23.090(String), [main] DEBUG c.e.m.A.insertAttachment - ==> Parameters: 9(Long), test.txt(String), 4db65e1c-0579-4861-906a-7f72d8c5ea28_test.txt(String), C:\upload\files\4db65e1c-0579-4861-906a-7f72d8c5ea28_test.txt(String), 33(Long)(String)
2025-08-20 09:12:08.213 [schedulerFactoryBean_Worker-2] DEBUG c.e.mapper.LogOffsetMapper.insertLog - <==    Updates: 1
2025-08-20 09:12:08.213 [schedulerFactoryBean_Worker-2] DEBUG c.e.mapper.LogOffsetMapper.insertLog - ==>  Preparing: INSERT INTO swg_logs (log_time, level, message) VALUES (?, ?, ?)
2025-08-20 09:12:08.213 [schedulerFactoryBean_Worker-2] DEBUG c.e.mapper.LogOffsetMapper.insertLog - ==> Parameters: 2025-08-20 09:12:08.2132428(Timestamp), 14:34:23.090(String), [main] DEBUG c.e.m.A.insertAttachment - <==    Updates: 1(String)
2025-08-20 09:12:08.213 [schedulerFactoryBean_Worker-2] DEBUG c.e.mapper.LogOffsetMapper.insertLog - <==    Updates: 1
2025-08-20 09:12:08.213 [schedulerFactoryBean_Worker-2] DEBUG c.e.mapper.LogOffsetMapper.insertLog - ==>  Preparing: INSERT INTO swg_logs (log_time, level, message) VALUES (?, ?, ?)
2025-08-20 09:12:08.213 [schedulerFactoryBean_Worker-2] DEBUG c.e.mapper.LogOffsetMapper.insertLog - ==> Parameters: 2025-08-20 09:12:08.2132428(Timestamp), 14:34:23.095(String), [main] DEBUG c.e.m.BoardMapper.selectBoardById - ==>  Preparing: SELECT * FROM board WHERE id = ?(String)
2025-08-20 09:12:08.213 [schedulerFactoryBean_Worker-2] DEBUG c.e.mapper.LogOffsetMapper.insertLog - <==    Updates: 1
2025-08-20 09:12:08.214 [schedulerFactoryBean_Worker-2] DEBUG c.e.mapper.LogOffsetMapper.insertLog - ==>  Preparing: INSERT INTO swg_logs (log_time, level, message) VALUES (?, ?, ?)
2025-08-20 09:12:08.214 [schedulerFactoryBean_Worker-2] DEBUG c.e.mapper.LogOffsetMapper.insertLog - ==> Parameters: 2025-08-20 09:12:08.2147483(Timestamp), 14:34:23.095(String), [main] DEBUG c.e.m.BoardMapper.selectBoardById - ==> Parameters: 4(Long)(String)
2025-08-20 09:12:08.214 [schedulerFactoryBean_Worker-2] DEBUG c.e.mapper.LogOffsetMapper.insertLog - <==    Updates: 1
2025-08-20 09:12:08.214 [schedulerFactoryBean_Worker-2] DEBUG c.e.mapper.LogOffsetMapper.insertLog - ==>  Preparing: INSERT INTO swg_logs (log_time, level, message) VALUES (?, ?, ?)
2025-08-20 09:12:08.214 [schedulerFactoryBean_Worker-2] DEBUG c.e.mapper.LogOffsetMapper.insertLog - ==> Parameters: 2025-08-20 09:12:08.2147483(Timestamp), 14:34:23.096(String), [main] DEBUG c.e.m.BoardMapper.selectBoardById - <==      Total: 1(String)
2025-08-20 09:12:08.216 [schedulerFactoryBean_Worker-2] DEBUG c.e.mapper.LogOffsetMapper.insertLog - <==    Updates: 1
2025-08-20 09:12:08.216 [schedulerFactoryBean_Worker-2] DEBUG c.e.mapper.LogOffsetMapper.insertLog - ==>  Preparing: INSERT INTO swg_logs (log_time, level, message) VALUES (?, ?, ?)
2025-08-20 09:12:08.216 [schedulerFactoryBean_Worker-2] DEBUG c.e.mapper.LogOffsetMapper.insertLog - ==> Parameters: 2025-08-20 09:12:08.2161491(Timestamp), 14:34:23.103(String), [SpringApplicationShutdownHook] INFO  o.s.s.quartz.SchedulerFactoryBean - Shutting down Quartz Scheduler(String)
2025-08-20 09:12:08.216 [schedulerFactoryBean_Worker-2] DEBUG c.e.mapper.LogOffsetMapper.insertLog - <==    Updates: 1
2025-08-20 09:12:08.217 [schedulerFactoryBean_Worker-2] DEBUG c.e.mapper.LogOffsetMapper.insertLog - ==>  Preparing: INSERT INTO swg_logs (log_time, level, message) VALUES (?, ?, ?)
2025-08-20 09:12:08.217 [schedulerFactoryBean_Worker-2] DEBUG c.e.mapper.LogOffsetMapper.insertLog - ==> Parameters: 2025-08-20 09:12:08.2161491(Timestamp), 14:34:23.104(String), [SpringApplicationShutdownHook] INFO  com.zaxxer.hikari.HikariDataSource - HikariPool-1 - Shutdown initiated...(String)
2025-08-20 09:12:08.217 [schedulerFactoryBean_Worker-2] DEBUG c.e.mapper.LogOffsetMapper.insertLog - <==    Updates: 1
2025-08-20 09:12:08.217 [schedulerFactoryBean_Worker-2] DEBUG c.e.mapper.LogOffsetMapper.insertLog - ==>  Preparing: INSERT INTO swg_logs (log_time, level, message) VALUES (?, ?, ?)
2025-08-20 09:12:08.217 [schedulerFactoryBean_Worker-2] DEBUG c.e.mapper.LogOffsetMapper.insertLog - ==> Parameters: 2025-08-20 09:12:08.2171509(Timestamp), 14:34:23.109(String), [SpringApplicationShutdownHook] INFO  com.zaxxer.hikari.HikariDataSource - HikariPool-1 - Shutdown completed.(String)
2025-08-20 09:12:08.217 [schedulerFactoryBean_Worker-2] DEBUG c.e.mapper.LogOffsetMapper.insertLog - <==    Updates: 1
2025-08-20 09:12:08.218 [schedulerFactoryBean_Worker-2] DEBUG c.e.mapper.LogOffsetMapper.insertLog - ==>  Preparing: INSERT INTO swg_logs (log_time, level, message) VALUES (?, ?, ?)
2025-08-20 09:12:08.218 [schedulerFactoryBean_Worker-2] DEBUG c.e.mapper.LogOffsetMapper.insertLog - ==> Parameters: 2025-08-20 09:12:08.2181507(Timestamp), 14:34:23.109(String), [SpringApplicationShutdownHook] INFO  새로운라인임1(String)
2025-08-20 09:12:08.218 [schedulerFactoryBean_Worker-2] DEBUG c.e.mapper.LogOffsetMapper.insertLog - <==    Updates: 1
2025-08-20 09:12:08.218 [schedulerFactoryBean_Worker-2] DEBUG c.e.mapper.LogOffsetMapper.insertLog - ==>  Preparing: INSERT INTO swg_logs (log_time, level, message) VALUES (?, ?, ?)
2025-08-20 09:12:08.218 [schedulerFactoryBean_Worker-2] DEBUG c.e.mapper.LogOffsetMapper.insertLog - ==> Parameters: 2025-08-20 09:12:08.2181507(Timestamp), 14:34:23.109(String), [SpringApplicationShutdownHook] INFO  새로운라인임2(String)
2025-08-20 09:12:08.219 [schedulerFactoryBean_Worker-2] DEBUG c.e.mapper.LogOffsetMapper.insertLog - <==    Updates: 1
2025-08-20 09:12:08.219 [schedulerFactoryBean_Worker-2] DEBUG c.e.mapper.LogOffsetMapper.insertLog - ==>  Preparing: INSERT INTO swg_logs (log_time, level, message) VALUES (?, ?, ?)
2025-08-20 09:12:08.219 [schedulerFactoryBean_Worker-2] DEBUG c.e.mapper.LogOffsetMapper.insertLog - ==> Parameters: 2025-08-20 09:12:08.219151(Timestamp), 14:34:23.109(String), [SpringApplicationShutdownHook] INFO  새로운라인임3(String)
2025-08-20 09:12:08.219 [schedulerFactoryBean_Worker-2] DEBUG c.e.mapper.LogOffsetMapper.insertLog - <==    Updates: 1
2025-08-20 09:12:14.846 [main] DEBUG c.e.mapper.LogOffsetMapper.insertLog - ==>  Preparing: INSERT INTO swg_logs (log_time, level, message) VALUES (?, ?, ?)
2025-08-20 09:12:14.851 [main] DEBUG c.e.mapper.LogOffsetMapper.insertLog - ==> Parameters: 2025-08-20 09:12:14.8459328(Timestamp), 14:34:23.109(String), [SpringApplicationShutdownHook] INFO  새로운라인임4(String)
2025-08-20 09:12:14.853 [main] DEBUG c.e.mapper.LogOffsetMapper.insertLog - <==    Updates: 1
2025-08-20 09:12:14.854 [main] DEBUG c.e.m.L.updateLogOffset - ==>  Preparing: UPDATE log_offset SET position = ? , last_modified = ? , updated_at=NOW() WHERE file_name = ?
2025-08-20 09:12:14.855 [main] DEBUG c.e.m.L.updateLogOffset - ==> Parameters: 13193(Long), 1755648651378(Long), C:/work/application.log(String)
2025-08-20 09:12:14.856 [main] DEBUG c.e.m.L.updateLogOffset - <==    Updates: 1
2025-08-20 09:12:14.875 [SpringApplicationShutdownHook] INFO  o.s.s.quartz.SchedulerFactoryBean - Shutting down Quartz Scheduler
2025-08-20 09:12:14.877 [SpringApplicationShutdownHook] INFO  com.zaxxer.hikari.HikariDataSource - HikariPool-1 - Shutdown initiated...
2025-08-20 09:12:14.883 [SpringApplicationShutdownHook] INFO  com.zaxxer.hikari.HikariDataSource - HikariPool-1 - Shutdown completed.
2025-08-20 09:14:26.411 [background-preinit] INFO  o.h.validator.internal.util.Version - HV000001: Hibernate Validator 8.0.2.Final
2025-08-20 09:14:26.441 [main] INFO  c.example.service.LogCopyServiceTest - Starting LogCopyServiceTest using Java 17.0.3 with PID 30348 (started by lshan in C:\Users\lshan\git\base-project\demo-1)
2025-08-20 09:14:26.442 [main] DEBUG c.example.service.LogCopyServiceTest - Running with Spring Boot v3.4.4, Spring v6.2.5
2025-08-20 09:14:26.442 [main] INFO  c.example.service.LogCopyServiceTest - No active profile set, falling back to 1 default profile: "default"
2025-08-20 09:14:27.519 [main] INFO  com.zaxxer.hikari.HikariDataSource - HikariPool-1 - Starting...
2025-08-20 09:14:27.654 [main] INFO  com.zaxxer.hikari.pool.HikariPool - HikariPool-1 - Added connection com.mysql.cj.jdbc.ConnectionImpl@33bdd01
2025-08-20 09:14:27.656 [main] INFO  com.zaxxer.hikari.HikariDataSource - HikariPool-1 - Start completed.
2025-08-20 09:14:28.482 [main] INFO  o.s.s.c.a.a.c.InitializeUserDetailsBeanManagerConfigurer$InitializeUserDetailsManagerConfigurer - Global AuthenticationManager configured with UserDetailsService bean with name userDetailsServiceImpl
2025-08-20 09:14:28.748 [main] INFO  o.s.s.quartz.LocalDataSourceJobStore - Using db table-based data access locking (synchronization).
2025-08-20 09:14:28.750 [main] INFO  o.s.s.quartz.LocalDataSourceJobStore - JobStoreCMT initialized.
2025-08-20 09:14:29.532 [main] INFO  o.s.s.quartz.SchedulerFactoryBean - Starting Quartz Scheduler now
2025-08-20 09:14:29.535 [main] INFO  o.s.s.quartz.LocalDataSourceJobStore - Freed 0 triggers from 'acquired' / 'blocked' state.
2025-08-20 09:14:29.536 [main] INFO  o.s.s.quartz.LocalDataSourceJobStore - Recovering 0 jobs that were in-progress at the time of the last shut-down.
2025-08-20 09:14:29.536 [main] INFO  o.s.s.quartz.LocalDataSourceJobStore - Recovery complete.
2025-08-20 09:14:29.536 [main] INFO  o.s.s.quartz.LocalDataSourceJobStore - Removed 0 'complete' triggers.
2025-08-20 09:14:29.537 [main] INFO  o.s.s.quartz.LocalDataSourceJobStore - Removed 0 stale fired job entries.
2025-08-20 09:14:29.550 [main] INFO  c.example.service.LogCopyServiceTest - Started LogCopyServiceTest in 3.42 seconds (process running for 4.347)
2025-08-20 09:14:29.566 [main] DEBUG c.e.mapper.UserMapper.findByUserId - ==>  Preparing: SELECT id , user_id , password , user_name , refresh_token FROM users WHERE user_id = ?
2025-08-20 09:14:29.574 [main] DEBUG c.e.mapper.UserMapper.findByUserId - ==> Parameters: user123(String)
2025-08-20 09:14:29.583 [main] DEBUG c.e.mapper.UserMapper.findByUserId - <==      Total: 1
2025-08-20 09:14:29.585 [main] DEBUG c.e.mapper.UserMapper.findByUserId - ==>  Preparing: SELECT id , user_id , password , user_name , refresh_token FROM users WHERE user_id = ?
2025-08-20 09:14:29.585 [main] DEBUG c.e.mapper.UserMapper.findByUserId - ==> Parameters: admin123(String)
2025-08-20 09:14:29.585 [main] DEBUG c.e.mapper.UserMapper.findByUserId - <==      Total: 1
2025-08-20 09:14:30.128 [main] DEBUG c.e.m.LogOffsetMapper.findByFileName - ==>  Preparing: SELECT file_name , position , last_modified FROM log_offset WHERE file_name = ?
2025-08-20 09:14:30.128 [main] DEBUG c.e.m.LogOffsetMapper.findByFileName - ==> Parameters: C:/work/application.log(String)
2025-08-20 09:14:30.217 [main] ERROR com.example.service.LogCopyService - Error attempting to get column 'file_name' from result set.  Cause: java.sql.SQLDataException: Cannot determine value type from string 'C:/work/application.log'
; Cannot determine value type from string 'C:/work/application.log'
2025-08-20 09:14:30.240 [SpringApplicationShutdownHook] INFO  o.s.s.quartz.SchedulerFactoryBean - Shutting down Quartz Scheduler
2025-08-20 09:14:30.242 [SpringApplicationShutdownHook] INFO  com.zaxxer.hikari.HikariDataSource - HikariPool-1 - Shutdown initiated...
2025-08-20 09:14:30.246 [SpringApplicationShutdownHook] INFO  com.zaxxer.hikari.HikariDataSource - HikariPool-1 - Shutdown completed.
2025-08-20 09:16:10.111 [background-preinit] INFO  o.h.validator.internal.util.Version - HV000001: Hibernate Validator 8.0.2.Final
2025-08-20 09:16:10.143 [main] INFO  c.example.service.CommentServiceTest - Starting CommentServiceTest using Java 17.0.3 with PID 36984 (started by lshan in C:\Users\lshan\git\base-project\demo-1)
2025-08-20 09:16:10.144 [main] DEBUG c.example.service.CommentServiceTest - Running with Spring Boot v3.4.4, Spring v6.2.5
2025-08-20 09:16:10.144 [main] INFO  c.example.service.CommentServiceTest - No active profile set, falling back to 1 default profile: "default"
2025-08-20 09:16:11.190 [main] INFO  com.zaxxer.hikari.HikariDataSource - HikariPool-1 - Starting...
2025-08-20 09:16:11.332 [main] INFO  com.zaxxer.hikari.pool.HikariPool - HikariPool-1 - Added connection com.mysql.cj.jdbc.ConnectionImpl@25214797
2025-08-20 09:16:11.334 [main] INFO  com.zaxxer.hikari.HikariDataSource - HikariPool-1 - Start completed.
2025-08-20 09:16:12.109 [main] INFO  o.s.s.c.a.a.c.InitializeUserDetailsBeanManagerConfigurer$InitializeUserDetailsManagerConfigurer - Global AuthenticationManager configured with UserDetailsService bean with name userDetailsServiceImpl
2025-08-20 09:16:12.391 [main] INFO  o.s.s.quartz.LocalDataSourceJobStore - Using db table-based data access locking (synchronization).
2025-08-20 09:16:12.392 [main] INFO  o.s.s.quartz.LocalDataSourceJobStore - JobStoreCMT initialized.
2025-08-20 09:16:13.180 [main] INFO  o.s.s.quartz.SchedulerFactoryBean - Starting Quartz Scheduler now
2025-08-20 09:16:13.183 [main] INFO  o.s.s.quartz.LocalDataSourceJobStore - Freed 0 triggers from 'acquired' / 'blocked' state.
2025-08-20 09:16:13.184 [main] INFO  o.s.s.quartz.LocalDataSourceJobStore - Recovering 0 jobs that were in-progress at the time of the last shut-down.
2025-08-20 09:16:13.184 [main] INFO  o.s.s.quartz.LocalDataSourceJobStore - Recovery complete.
2025-08-20 09:16:13.185 [main] INFO  o.s.s.quartz.LocalDataSourceJobStore - Removed 0 'complete' triggers.
2025-08-20 09:16:13.185 [main] INFO  o.s.s.quartz.LocalDataSourceJobStore - Removed 0 stale fired job entries.
2025-08-20 09:16:13.201 [main] INFO  c.example.service.CommentServiceTest - Started CommentServiceTest in 3.354 seconds (process running for 4.352)
2025-08-20 09:16:13.220 [main] DEBUG c.e.mapper.UserMapper.findByUserId - ==>  Preparing: SELECT id , user_id , password , user_name , refresh_token FROM users WHERE user_id = ?
2025-08-20 09:16:13.229 [main] DEBUG c.e.mapper.UserMapper.findByUserId - ==> Parameters: user123(String)
2025-08-20 09:16:13.241 [main] DEBUG c.e.mapper.UserMapper.findByUserId - <==      Total: 1
2025-08-20 09:16:13.242 [main] DEBUG c.e.mapper.UserMapper.findByUserId - ==>  Preparing: SELECT id , user_id , password , user_name , refresh_token FROM users WHERE user_id = ?
2025-08-20 09:16:13.243 [main] DEBUG c.e.mapper.UserMapper.findByUserId - ==> Parameters: admin123(String)
2025-08-20 09:16:13.244 [main] DEBUG c.e.mapper.UserMapper.findByUserId - <==      Total: 1
2025-08-20 09:16:13.774 [main] DEBUG c.e.m.CommentMapper.insertComment - ==>  Preparing: INSERT INTO comment (board_id, writer, content, created_at) VALUES (?, ?, ?, NOW())
2025-08-20 09:16:13.774 [main] DEBUG c.e.m.CommentMapper.insertComment - ==> Parameters: 4(Long), 2(Long), 댓글 입니다.3(String)
2025-08-20 09:16:13.789 [main] DEBUG c.e.m.CommentMapper.insertComment - <==    Updates: 1
2025-08-20 09:16:13.801 [main] INFO  o.s.t.c.s.AnnotationConfigContextLoaderUtils - Could not detect default configuration classes for test class [com.example.service.UserServiceTest]: UserServiceTest does not declare any static, non-private, non-final, nested classes annotated with @Configuration.
2025-08-20 09:16:13.802 [main] INFO  o.s.b.t.c.SpringBootTestContextBootstrapper - Found @SpringBootConfiguration com.example.ExampleApplication for test class com.example.service.UserServiceTest
2025-08-20 09:16:21.700 [main] DEBUG c.e.mapper.UserMapper.insertUser - ==>  Preparing: INSERT INTO users(user_id, password, user_name, created_at) VALUES(?, ?, ?, now())
2025-08-20 09:16:21.701 [main] DEBUG c.e.mapper.UserMapper.insertUser - ==> Parameters: null, $2a$10$6D4gWDv.5WYI/0HjTaQFqefJ41n0ePvW2O1xzWXG.NXXAjonzfy1C(String), testUser1(String)
2025-08-20 09:16:21.702 [main] DEBUG c.e.mapper.UserMapper.insertUser - <==    Updates: 1
2025-08-20 09:16:21.703 [main] DEBUG c.e.mapper.RoleMapper.getRoleId - ==>  Preparing: SELECT id FROM roles WHERE name = ?
2025-08-20 09:16:21.704 [main] DEBUG c.e.mapper.RoleMapper.getRoleId - ==> Parameters: ROLE_USER(String)
2025-08-20 09:16:21.720 [main] DEBUG c.e.mapper.RoleMapper.getRoleId - <==      Total: 1
2025-08-20 09:16:21.721 [main] DEBUG c.e.m.RoleMapper.insertUserRoles - ==>  Preparing: INSERT INTO user_roles(users_id, role_id) VALUES(?, ?)
2025-08-20 09:16:21.721 [main] DEBUG c.e.m.RoleMapper.insertUserRoles - ==> Parameters: 46(Long), 2(Integer)
2025-08-20 09:16:21.729 [main] DEBUG c.e.m.RoleMapper.insertUserRoles - <==    Updates: 1
2025-08-20 09:16:21.733 [main] INFO  o.s.t.c.s.AnnotationConfigContextLoaderUtils - Could not detect default configuration classes for test class [com.example.service.BoardServiceTest]: BoardServiceTest does not declare any static, non-private, non-final, nested classes annotated with @Configuration.
2025-08-20 09:16:21.734 [main] INFO  o.s.b.t.c.SpringBootTestContextBootstrapper - Found @SpringBootConfiguration com.example.ExampleApplication for test class com.example.service.BoardServiceTest
2025-08-20 09:16:21.739 [main] DEBUG c.e.m.BoardMapper.selectBoardList - ==>  Preparing: SELECT * FROM board ORDER BY created_at DESC LIMIT ? OFFSET ?
2025-08-20 09:16:21.739 [main] DEBUG c.e.m.BoardMapper.selectBoardList - ==> Parameters: 10(Integer), 0(Integer)
2025-08-20 09:16:21.741 [main] DEBUG c.e.m.BoardMapper.selectBoardList - <==      Total: 6
2025-08-20 09:16:21.742 [main] DEBUG c.e.m.C.selectCommentsByBoardId - ==>  Preparing: SELECT * FROM comment WHERE board_id = ? ORDER BY created_at ASC
2025-08-20 09:16:21.742 [main] DEBUG c.e.m.C.selectCommentsByBoardId - ==> Parameters: 9(Long)
2025-08-20 09:16:21.742 [main] DEBUG c.e.m.C.selectCommentsByBoardId - <==      Total: 0
2025-08-20 09:16:21.744 [main] DEBUG c.e.m.A.selectAttachmentsByBoardId - ==>  Preparing: SELECT * FROM attachment WHERE board_id = ?
2025-08-20 09:16:21.744 [main] DEBUG c.e.m.A.selectAttachmentsByBoardId - ==> Parameters: 9(Long)
2025-08-20 09:16:21.752 [main] DEBUG c.e.m.A.selectAttachmentsByBoardId - <==      Total: 1
2025-08-20 09:16:21.757 [main] DEBUG c.e.m.C.selectCommentsByBoardId - ==>  Preparing: SELECT * FROM comment WHERE board_id = ? ORDER BY created_at ASC
2025-08-20 09:16:21.758 [main] DEBUG c.e.m.C.selectCommentsByBoardId - ==> Parameters: 8(Long)
2025-08-20 09:16:21.758 [main] DEBUG c.e.m.C.selectCommentsByBoardId - <==      Total: 0
2025-08-20 09:16:21.759 [main] DEBUG c.e.m.A.selectAttachmentsByBoardId - ==>  Preparing: SELECT * FROM attachment WHERE board_id = ?
2025-08-20 09:16:21.759 [main] DEBUG c.e.m.A.selectAttachmentsByBoardId - ==> Parameters: 8(Long)
2025-08-20 09:16:21.760 [main] DEBUG c.e.m.A.selectAttachmentsByBoardId - <==      Total: 1
2025-08-20 09:16:21.761 [main] DEBUG c.e.m.C.selectCommentsByBoardId - ==>  Preparing: SELECT * FROM comment WHERE board_id = ? ORDER BY created_at ASC
2025-08-20 09:16:21.761 [main] DEBUG c.e.m.C.selectCommentsByBoardId - ==> Parameters: 7(Long)
2025-08-20 09:16:21.761 [main] DEBUG c.e.m.C.selectCommentsByBoardId - <==      Total: 0
2025-08-20 09:16:21.762 [main] DEBUG c.e.m.A.selectAttachmentsByBoardId - ==>  Preparing: SELECT * FROM attachment WHERE board_id = ?
2025-08-20 09:16:21.762 [main] DEBUG c.e.m.A.selectAttachmentsByBoardId - ==> Parameters: 7(Long)
2025-08-20 09:16:21.763 [main] DEBUG c.e.m.A.selectAttachmentsByBoardId - <==      Total: 1
2025-08-20 09:16:21.763 [main] DEBUG c.e.m.C.selectCommentsByBoardId - ==>  Preparing: SELECT * FROM comment WHERE board_id = ? ORDER BY created_at ASC
2025-08-20 09:16:21.763 [main] DEBUG c.e.m.C.selectCommentsByBoardId - ==> Parameters: 6(Long)
2025-08-20 09:16:21.764 [main] DEBUG c.e.m.C.selectCommentsByBoardId - <==      Total: 0
2025-08-20 09:16:21.765 [main] DEBUG c.e.m.A.selectAttachmentsByBoardId - ==>  Preparing: SELECT * FROM attachment WHERE board_id = ?
2025-08-20 09:16:21.765 [main] DEBUG c.e.m.A.selectAttachmentsByBoardId - ==> Parameters: 6(Long)
2025-08-20 09:16:21.765 [main] DEBUG c.e.m.A.selectAttachmentsByBoardId - <==      Total: 1
2025-08-20 09:16:21.766 [main] DEBUG c.e.m.C.selectCommentsByBoardId - ==>  Preparing: SELECT * FROM comment WHERE board_id = ? ORDER BY created_at ASC
2025-08-20 09:16:21.766 [main] DEBUG c.e.m.C.selectCommentsByBoardId - ==> Parameters: 5(Long)
2025-08-20 09:16:21.766 [main] DEBUG c.e.m.C.selectCommentsByBoardId - <==      Total: 0
2025-08-20 09:16:21.767 [main] DEBUG c.e.m.A.selectAttachmentsByBoardId - ==>  Preparing: SELECT * FROM attachment WHERE board_id = ?
2025-08-20 09:16:21.768 [main] DEBUG c.e.m.A.selectAttachmentsByBoardId - ==> Parameters: 5(Long)
2025-08-20 09:16:21.768 [main] DEBUG c.e.m.A.selectAttachmentsByBoardId - <==      Total: 1
2025-08-20 09:16:21.769 [main] DEBUG c.e.m.C.selectCommentsByBoardId - ==>  Preparing: SELECT * FROM comment WHERE board_id = ? ORDER BY created_at ASC
2025-08-20 09:16:21.769 [main] DEBUG c.e.m.C.selectCommentsByBoardId - ==> Parameters: 4(Long)
2025-08-20 09:16:21.770 [main] DEBUG c.e.m.C.selectCommentsByBoardId - <==      Total: 5
2025-08-20 09:16:21.770 [main] DEBUG c.e.m.A.selectAttachmentsByBoardId - ==>  Preparing: SELECT * FROM attachment WHERE board_id = ?
2025-08-20 09:16:21.771 [main] DEBUG c.e.m.A.selectAttachmentsByBoardId - ==> Parameters: 4(Long)
2025-08-20 09:16:21.772 [main] DEBUG c.e.m.A.selectAttachmentsByBoardId - <==      Total: 1
2025-08-20 09:16:21.777 [main] DEBUG c.e.mapper.BoardMapper.insertBoard - ==>  Preparing: INSERT INTO board (post_type, title, content, writer, created_at, updated_at) VALUES (?, ?, ?, ?, NOW(), NOW())
2025-08-20 09:16:21.778 [main] DEBUG c.e.mapper.BoardMapper.insertBoard - ==> Parameters: QNA(String), 테스트 제목입니다.(String), 냉무(String), 1(Long)
2025-08-20 09:16:21.779 [main] DEBUG c.e.mapper.BoardMapper.insertBoard - <==    Updates: 1
2025-08-20 09:16:21.781 [main] DEBUG c.e.m.A.insertAttachment - ==>  Preparing: INSERT INTO attachment (board_id, original_name, saved_name, file_path, file_size, uploaded_at) VALUES (?, ?, ?, ?, ?, NOW())
2025-08-20 09:16:21.781 [main] DEBUG c.e.m.A.insertAttachment - ==> Parameters: 10(Long), test.txt(String), 4ad3a83b-afd1-4656-809f-8074e82aee72_test.txt(String), C:\upload\files\4ad3a83b-afd1-4656-809f-8074e82aee72_test.txt(String), 33(Long)
2025-08-20 09:16:21.782 [main] DEBUG c.e.m.A.insertAttachment - <==    Updates: 1
2025-08-20 09:16:21.787 [main] DEBUG c.e.m.BoardMapper.selectBoardById - ==>  Preparing: SELECT * FROM board WHERE id = ?
2025-08-20 09:16:21.788 [main] DEBUG c.e.m.BoardMapper.selectBoardById - ==> Parameters: 4(Long)
2025-08-20 09:16:21.789 [main] DEBUG c.e.m.BoardMapper.selectBoardById - <==      Total: 1
2025-08-20 09:16:21.793 [main] INFO  o.s.t.c.s.AnnotationConfigContextLoaderUtils - Could not detect default configuration classes for test class [com.example.service.LogCopyServiceTest]: LogCopyServiceTest does not declare any static, non-private, non-final, nested classes annotated with @Configuration.
2025-08-20 09:16:21.794 [main] INFO  o.s.b.t.c.SpringBootTestContextBootstrapper - Found @SpringBootConfiguration com.example.ExampleApplication for test class com.example.service.LogCopyServiceTest
2025-08-20 09:16:21.799 [main] DEBUG c.e.m.LogOffsetMapper.findByFileName - ==>  Preparing: SELECT file_name , position , last_modified FROM log_offset WHERE file_name = ?
2025-08-20 09:16:21.800 [main] DEBUG c.e.m.LogOffsetMapper.findByFileName - ==> Parameters: C:/work/application.log(String)
2025-08-20 09:16:21.872 [main] ERROR com.example.service.LogCopyService - Error attempting to get column 'file_name' from result set.  Cause: java.sql.SQLDataException: Cannot determine value type from string 'C:/work/application.log'
; Cannot determine value type from string 'C:/work/application.log'
2025-08-20 09:16:21.876 [main] INFO  o.s.t.c.s.AnnotationConfigContextLoaderUtils - Could not detect default configuration classes for test class [com.example.service.BoardLikeServiceTest]: BoardLikeServiceTest does not declare any static, non-private, non-final, nested classes annotated with @Configuration.
2025-08-20 09:16:21.877 [main] INFO  o.s.b.t.c.SpringBootTestContextBootstrapper - Found @SpringBootConfiguration com.example.ExampleApplication for test class com.example.service.BoardLikeServiceTest
2025-08-20 09:16:24.484 [main] DEBUG c.e.m.BoardLikeMapper.hasUserLiked - ==>  Preparing: SELECT COUNT(*) > 0 FROM board_like WHERE board_id = ? AND user_id = ?
2025-08-20 09:16:24.485 [main] DEBUG c.e.m.BoardLikeMapper.hasUserLiked - ==> Parameters: 4(Long), 2(Long)
2025-08-20 09:16:24.502 [main] DEBUG c.e.m.BoardLikeMapper.hasUserLiked - <==      Total: 1
2025-08-20 09:16:24.509 [main] INFO  o.s.t.c.s.AnnotationConfigContextLoaderUtils - Could not detect default configuration classes for test class [com.example.controller.UserControllerTest]: UserControllerTest does not declare any static, non-private, non-final, nested classes annotated with @Configuration.
2025-08-20 09:16:24.521 [main] INFO  o.s.b.t.c.SpringBootTestContextBootstrapper - Found @SpringBootConfiguration com.example.ExampleApplication for test class com.example.controller.UserControllerTest
2025-08-20 09:16:24.541 [main] INFO  c.e.controller.UserControllerTest - Starting UserControllerTest using Java 17.0.3 with PID 36984 (started by lshan in C:\Users\lshan\git\base-project\demo-1)
2025-08-20 09:16:24.541 [main] DEBUG c.e.controller.UserControllerTest - Running with Spring Boot v3.4.4, Spring v6.2.5
2025-08-20 09:16:24.541 [main] INFO  c.e.controller.UserControllerTest - No active profile set, falling back to 1 default profile: "default"
2025-08-20 09:16:24.789 [main] INFO  com.zaxxer.hikari.HikariDataSource - HikariPool-2 - Starting...
2025-08-20 09:16:24.792 [main] INFO  com.zaxxer.hikari.pool.HikariPool - HikariPool-2 - Added connection com.mysql.cj.jdbc.ConnectionImpl@2e243122
2025-08-20 09:16:24.792 [main] INFO  com.zaxxer.hikari.HikariDataSource - HikariPool-2 - Start completed.
2025-08-20 09:16:25.359 [main] INFO  o.s.s.c.a.a.c.InitializeUserDetailsBeanManagerConfigurer$InitializeUserDetailsManagerConfigurer - Global AuthenticationManager configured with UserDetailsService bean with name userDetailsServiceImpl
2025-08-20 09:16:25.379 [main] INFO  o.s.s.quartz.LocalDataSourceJobStore - Using db table-based data access locking (synchronization).
2025-08-20 09:16:25.379 [main] INFO  o.s.s.quartz.LocalDataSourceJobStore - JobStoreCMT initialized.
2025-08-20 09:16:25.551 [main] DEBUG c.e.security.JwtAuthenticationFilter - Filter 'jwtAuthenticationFilter' configured for use
2025-08-20 09:16:25.552 [main] INFO  o.s.b.t.m.w.SpringBootMockServletContext - Initializing Spring TestDispatcherServlet ''
2025-08-20 09:16:25.552 [main] INFO  o.s.t.w.s.TestDispatcherServlet - Initializing Servlet ''
2025-08-20 09:16:25.553 [main] INFO  o.s.t.w.s.TestDispatcherServlet - Completed initialization in 1 ms
2025-08-20 09:16:25.559 [main] INFO  o.s.s.quartz.SchedulerFactoryBean - Starting Quartz Scheduler now
2025-08-20 09:16:25.561 [main] INFO  o.s.s.quartz.LocalDataSourceJobStore - Freed 0 triggers from 'acquired' / 'blocked' state.
2025-08-20 09:16:25.562 [main] INFO  o.s.s.quartz.LocalDataSourceJobStore - Recovering 0 jobs that were in-progress at the time of the last shut-down.
2025-08-20 09:16:25.562 [main] INFO  o.s.s.quartz.LocalDataSourceJobStore - Recovery complete.
2025-08-20 09:16:25.562 [main] INFO  o.s.s.quartz.LocalDataSourceJobStore - Removed 0 'complete' triggers.
2025-08-20 09:16:25.564 [main] INFO  o.s.s.quartz.LocalDataSourceJobStore - Removed 0 stale fired job entries.
2025-08-20 09:16:25.567 [main] INFO  c.e.controller.UserControllerTest - Started UserControllerTest in 1.043 seconds (process running for 16.717)
2025-08-20 09:16:25.567 [main] DEBUG c.e.mapper.UserMapper.findByUserId - ==>  Preparing: SELECT id , user_id , password , user_name , refresh_token FROM users WHERE user_id = ?
2025-08-20 09:16:25.567 [main] DEBUG c.e.mapper.UserMapper.findByUserId - ==> Parameters: user123(String)
2025-08-20 09:16:25.568 [main] DEBUG c.e.mapper.UserMapper.findByUserId - <==      Total: 1
2025-08-20 09:16:25.569 [main] DEBUG c.e.mapper.UserMapper.findByUserId - ==>  Preparing: SELECT id , user_id , password , user_name , refresh_token FROM users WHERE user_id = ?
2025-08-20 09:16:25.569 [main] DEBUG c.e.mapper.UserMapper.findByUserId - ==> Parameters: admin123(String)
2025-08-20 09:16:25.570 [main] DEBUG c.e.mapper.UserMapper.findByUserId - <==      Total: 1
2025-08-20 09:16:25.665 [main] DEBUG c.e.m.RoleMapper.getRolesByUserId - ==>  Preparing: SELECT r.name FROM roles r JOIN user_roles ur ON ur.role_id = r.id LEFT JOIN users u on u.id = ur.users_id WHERE u.user_id = ?
2025-08-20 09:16:25.666 [main] DEBUG c.e.m.RoleMapper.getRolesByUserId - ==> Parameters: admin123(String)
2025-08-20 09:16:25.667 [main] DEBUG c.e.m.RoleMapper.getRolesByUserId - <==      Total: 2
2025-08-20 09:16:28.272 [main] DEBUG c.e.mapper.UserMapper.findByUserId - ==>  Preparing: SELECT id , user_id , password , user_name , refresh_token FROM users WHERE user_id = ?
2025-08-20 09:16:28.272 [main] DEBUG c.e.mapper.UserMapper.findByUserId - ==> Parameters: admin123(String)
2025-08-20 09:16:28.274 [main] DEBUG c.e.mapper.UserMapper.findByUserId - <==      Total: 1
2025-08-20 09:16:28.274 [main] DEBUG c.e.m.RoleMapper.getRolesByUserId - ==>  Preparing: SELECT r.name FROM roles r JOIN user_roles ur ON ur.role_id = r.id LEFT JOIN users u on u.id = ur.users_id WHERE u.user_id = ?
2025-08-20 09:16:28.274 [main] DEBUG c.e.m.RoleMapper.getRolesByUserId - ==> Parameters: admin123(String)
2025-08-20 09:16:28.274 [main] DEBUG c.e.m.RoleMapper.getRolesByUserId - <==      Total: 2
2025-08-20 09:16:28.366 [SpringApplicationShutdownHook] INFO  o.s.s.quartz.SchedulerFactoryBean - Shutting down Quartz Scheduler
2025-08-20 09:16:28.367 [SpringApplicationShutdownHook] INFO  com.zaxxer.hikari.HikariDataSource - HikariPool-1 - Shutdown initiated...
2025-08-20 09:16:28.372 [SpringApplicationShutdownHook] INFO  com.zaxxer.hikari.HikariDataSource - HikariPool-1 - Shutdown completed.
2025-08-20 09:16:28.375 [SpringApplicationShutdownHook] INFO  o.s.s.quartz.SchedulerFactoryBean - Shutting down Quartz Scheduler
2025-08-20 09:16:28.376 [SpringApplicationShutdownHook] INFO  com.zaxxer.hikari.HikariDataSource - HikariPool-2 - Shutdown initiated...
2025-08-20 09:16:28.377 [SpringApplicationShutdownHook] INFO  com.zaxxer.hikari.HikariDataSource - HikariPool-2 - Shutdown completed.
2025-08-20 09:17:16.582 [background-preinit] INFO  o.h.validator.internal.util.Version - HV000001: Hibernate Validator 8.0.2.Final
2025-08-20 09:17:16.614 [main] INFO  c.example.service.LogCopyServiceTest - Starting LogCopyServiceTest using Java 17.0.3 with PID 6428 (started by lshan in C:\Users\lshan\git\base-project\demo-1)
2025-08-20 09:17:16.614 [main] DEBUG c.example.service.LogCopyServiceTest - Running with Spring Boot v3.4.4, Spring v6.2.5
2025-08-20 09:17:16.615 [main] INFO  c.example.service.LogCopyServiceTest - No active profile set, falling back to 1 default profile: "default"
2025-08-20 09:17:17.730 [main] INFO  com.zaxxer.hikari.HikariDataSource - HikariPool-1 - Starting...
2025-08-20 09:17:17.881 [main] INFO  com.zaxxer.hikari.pool.HikariPool - HikariPool-1 - Added connection com.mysql.cj.jdbc.ConnectionImpl@159ac15f
2025-08-20 09:17:17.883 [main] INFO  com.zaxxer.hikari.HikariDataSource - HikariPool-1 - Start completed.
2025-08-20 09:17:18.692 [main] INFO  o.s.s.c.a.a.c.InitializeUserDetailsBeanManagerConfigurer$InitializeUserDetailsManagerConfigurer - Global AuthenticationManager configured with UserDetailsService bean with name userDetailsServiceImpl
2025-08-20 09:17:18.940 [main] INFO  o.s.s.quartz.LocalDataSourceJobStore - Using db table-based data access locking (synchronization).
2025-08-20 09:17:18.942 [main] INFO  o.s.s.quartz.LocalDataSourceJobStore - JobStoreCMT initialized.
2025-08-20 09:17:19.738 [main] INFO  o.s.s.quartz.SchedulerFactoryBean - Starting Quartz Scheduler now
2025-08-20 09:17:19.740 [main] INFO  o.s.s.quartz.LocalDataSourceJobStore - Freed 0 triggers from 'acquired' / 'blocked' state.
2025-08-20 09:17:19.742 [main] INFO  o.s.s.quartz.LocalDataSourceJobStore - Recovering 0 jobs that were in-progress at the time of the last shut-down.
2025-08-20 09:17:19.742 [main] INFO  o.s.s.quartz.LocalDataSourceJobStore - Recovery complete.
2025-08-20 09:17:19.742 [main] INFO  o.s.s.quartz.LocalDataSourceJobStore - Removed 0 'complete' triggers.
2025-08-20 09:17:19.742 [main] INFO  o.s.s.quartz.LocalDataSourceJobStore - Removed 0 stale fired job entries.
2025-08-20 09:17:19.757 [main] INFO  c.example.service.LogCopyServiceTest - Started LogCopyServiceTest in 3.45 seconds (process running for 4.275)
2025-08-20 09:17:19.776 [main] DEBUG c.e.mapper.UserMapper.findByUserId - ==>  Preparing: SELECT id , user_id , password , user_name , refresh_token FROM users WHERE user_id = ?
2025-08-20 09:17:19.784 [main] DEBUG c.e.mapper.UserMapper.findByUserId - ==> Parameters: user123(String)
2025-08-20 09:17:19.795 [main] DEBUG c.e.mapper.UserMapper.findByUserId - <==      Total: 1
2025-08-20 09:17:19.797 [main] DEBUG c.e.mapper.UserMapper.findByUserId - ==>  Preparing: SELECT id , user_id , password , user_name , refresh_token FROM users WHERE user_id = ?
2025-08-20 09:17:19.797 [main] DEBUG c.e.mapper.UserMapper.findByUserId - ==> Parameters: admin123(String)
2025-08-20 09:17:19.798 [main] DEBUG c.e.mapper.UserMapper.findByUserId - <==      Total: 1
2025-08-20 09:17:26.711 [main] DEBUG c.e.m.LogOffsetMapper.findByFileName - ==>  Preparing: SELECT file_name , position , last_modified FROM log_offset WHERE file_name = ?
2025-08-20 09:17:26.720 [main] DEBUG c.e.m.LogOffsetMapper.findByFileName - ==> Parameters: C:/work/application.log(String)
2025-08-20 09:17:38.100 [main] ERROR com.example.service.LogCopyService - Error attempting to get column 'file_name' from result set.  Cause: java.sql.SQLDataException: Cannot determine value type from string 'C:/work/application.log'
; Cannot determine value type from string 'C:/work/application.log'
2025-08-20 09:17:38.121 [SpringApplicationShutdownHook] INFO  o.s.s.quartz.SchedulerFactoryBean - Shutting down Quartz Scheduler
2025-08-20 09:17:38.122 [SpringApplicationShutdownHook] INFO  com.zaxxer.hikari.HikariDataSource - HikariPool-1 - Shutdown initiated...
2025-08-20 09:17:38.127 [SpringApplicationShutdownHook] INFO  com.zaxxer.hikari.HikariDataSource - HikariPool-1 - Shutdown completed.
2025-08-20 09:20:59.876 [background-preinit] INFO  o.h.validator.internal.util.Version - HV000001: Hibernate Validator 8.0.2.Final
2025-08-20 09:20:59.906 [main] INFO  c.example.service.LogCopyServiceTest - Starting LogCopyServiceTest using Java 17.0.3 with PID 19560 (started by lshan in C:\Users\lshan\git\base-project\demo-1)
2025-08-20 09:20:59.907 [main] DEBUG c.example.service.LogCopyServiceTest - Running with Spring Boot v3.4.4, Spring v6.2.5
2025-08-20 09:20:59.907 [main] INFO  c.example.service.LogCopyServiceTest - No active profile set, falling back to 1 default profile: "default"
2025-08-20 09:21:01.027 [main] INFO  com.zaxxer.hikari.HikariDataSource - HikariPool-1 - Starting...
2025-08-20 09:21:01.190 [main] INFO  com.zaxxer.hikari.pool.HikariPool - HikariPool-1 - Added connection com.mysql.cj.jdbc.ConnectionImpl@33bdd01
2025-08-20 09:21:01.191 [main] INFO  com.zaxxer.hikari.HikariDataSource - HikariPool-1 - Start completed.
2025-08-20 09:21:01.955 [main] INFO  o.s.s.c.a.a.c.InitializeUserDetailsBeanManagerConfigurer$InitializeUserDetailsManagerConfigurer - Global AuthenticationManager configured with UserDetailsService bean with name userDetailsServiceImpl
2025-08-20 09:21:02.207 [main] INFO  o.s.s.quartz.LocalDataSourceJobStore - Using db table-based data access locking (synchronization).
2025-08-20 09:21:02.210 [main] INFO  o.s.s.quartz.LocalDataSourceJobStore - JobStoreCMT initialized.
2025-08-20 09:21:03.025 [main] INFO  o.s.s.quartz.SchedulerFactoryBean - Starting Quartz Scheduler now
2025-08-20 09:21:03.027 [main] INFO  o.s.s.quartz.LocalDataSourceJobStore - Freed 0 triggers from 'acquired' / 'blocked' state.
2025-08-20 09:21:03.029 [main] INFO  o.s.s.quartz.LocalDataSourceJobStore - Recovering 0 jobs that were in-progress at the time of the last shut-down.
2025-08-20 09:21:03.030 [main] INFO  o.s.s.quartz.LocalDataSourceJobStore - Recovery complete.
2025-08-20 09:21:03.030 [main] INFO  o.s.s.quartz.LocalDataSourceJobStore - Removed 0 'complete' triggers.
2025-08-20 09:21:03.031 [main] INFO  o.s.s.quartz.LocalDataSourceJobStore - Removed 0 stale fired job entries.
2025-08-20 09:21:03.045 [main] INFO  c.example.service.LogCopyServiceTest - Started LogCopyServiceTest in 3.435 seconds (process running for 4.373)
2025-08-20 09:21:03.062 [main] DEBUG c.e.mapper.UserMapper.findByUserId - ==>  Preparing: SELECT id , user_id , password , user_name , refresh_token FROM users WHERE user_id = ?
2025-08-20 09:21:03.070 [main] DEBUG c.e.mapper.UserMapper.findByUserId - ==> Parameters: user123(String)
2025-08-20 09:21:03.080 [main] DEBUG c.e.mapper.UserMapper.findByUserId - <==      Total: 1
2025-08-20 09:21:03.081 [main] DEBUG c.e.mapper.UserMapper.findByUserId - ==>  Preparing: SELECT id , user_id , password , user_name , refresh_token FROM users WHERE user_id = ?
2025-08-20 09:21:03.081 [main] DEBUG c.e.mapper.UserMapper.findByUserId - ==> Parameters: admin123(String)
2025-08-20 09:21:03.082 [main] DEBUG c.e.mapper.UserMapper.findByUserId - <==      Total: 1
2025-08-20 09:21:05.142 [main] DEBUG c.e.m.LogOffsetMapper.findByFileName - ==>  Preparing: SELECT file_name as fileName , position , last_modified FROM log_offset WHERE file_name = ?
2025-08-20 09:21:05.150 [main] DEBUG c.e.m.LogOffsetMapper.findByFileName - ==> Parameters: C:/work/application.log(String)
2025-08-20 09:21:08.496 [main] ERROR com.example.service.LogCopyService - Error attempting to get column 'fileName' from result set.  Cause: java.sql.SQLDataException: Cannot determine value type from string 'C:/work/application.log'
; Cannot determine value type from string 'C:/work/application.log'
2025-08-20 09:21:08.513 [SpringApplicationShutdownHook] INFO  o.s.s.quartz.SchedulerFactoryBean - Shutting down Quartz Scheduler
2025-08-20 09:21:08.514 [SpringApplicationShutdownHook] INFO  com.zaxxer.hikari.HikariDataSource - HikariPool-1 - Shutdown initiated...
2025-08-20 09:21:08.520 [SpringApplicationShutdownHook] INFO  com.zaxxer.hikari.HikariDataSource - HikariPool-1 - Shutdown completed.
2025-08-20 09:25:38.991 [background-preinit] INFO  o.h.validator.internal.util.Version - HV000001: Hibernate Validator 8.0.2.Final
2025-08-20 09:25:39.026 [main] INFO  c.example.service.LogCopyServiceTest - Starting LogCopyServiceTest using Java 17.0.3 with PID 33408 (started by lshan in C:\Users\lshan\git\base-project\demo-1)
2025-08-20 09:25:39.026 [main] DEBUG c.example.service.LogCopyServiceTest - Running with Spring Boot v3.4.4, Spring v6.2.5
2025-08-20 09:25:39.026 [main] INFO  c.example.service.LogCopyServiceTest - No active profile set, falling back to 1 default profile: "default"
2025-08-20 09:25:40.141 [main] INFO  com.zaxxer.hikari.HikariDataSource - HikariPool-1 - Starting...
2025-08-20 09:25:40.295 [main] INFO  com.zaxxer.hikari.pool.HikariPool - HikariPool-1 - Added connection com.mysql.cj.jdbc.ConnectionImpl@159ac15f
2025-08-20 09:25:40.297 [main] INFO  com.zaxxer.hikari.HikariDataSource - HikariPool-1 - Start completed.
2025-08-20 09:25:41.097 [main] INFO  o.s.s.c.a.a.c.InitializeUserDetailsBeanManagerConfigurer$InitializeUserDetailsManagerConfigurer - Global AuthenticationManager configured with UserDetailsService bean with name userDetailsServiceImpl
2025-08-20 09:25:41.341 [main] INFO  o.s.s.quartz.LocalDataSourceJobStore - Using db table-based data access locking (synchronization).
2025-08-20 09:25:41.344 [main] INFO  o.s.s.quartz.LocalDataSourceJobStore - JobStoreCMT initialized.
2025-08-20 09:25:42.143 [main] INFO  o.s.s.quartz.SchedulerFactoryBean - Starting Quartz Scheduler now
2025-08-20 09:25:42.147 [main] INFO  o.s.s.quartz.LocalDataSourceJobStore - Freed 0 triggers from 'acquired' / 'blocked' state.
2025-08-20 09:25:42.148 [main] INFO  o.s.s.quartz.LocalDataSourceJobStore - Recovering 0 jobs that were in-progress at the time of the last shut-down.
2025-08-20 09:25:42.148 [main] INFO  o.s.s.quartz.LocalDataSourceJobStore - Recovery complete.
2025-08-20 09:25:42.149 [main] INFO  o.s.s.quartz.LocalDataSourceJobStore - Removed 0 'complete' triggers.
2025-08-20 09:25:42.149 [main] INFO  o.s.s.quartz.LocalDataSourceJobStore - Removed 0 stale fired job entries.
2025-08-20 09:25:42.168 [main] INFO  c.example.service.LogCopyServiceTest - Started LogCopyServiceTest in 3.444 seconds (process running for 4.276)
2025-08-20 09:25:42.189 [main] DEBUG c.e.mapper.UserMapper.findByUserId - ==>  Preparing: SELECT id , user_id , password , user_name , refresh_token FROM users WHERE user_id = ?
2025-08-20 09:25:42.197 [main] DEBUG c.e.mapper.UserMapper.findByUserId - ==> Parameters: user123(String)
2025-08-20 09:25:42.208 [main] DEBUG c.e.mapper.UserMapper.findByUserId - <==      Total: 1
2025-08-20 09:25:42.210 [main] DEBUG c.e.mapper.UserMapper.findByUserId - ==>  Preparing: SELECT id , user_id , password , user_name , refresh_token FROM users WHERE user_id = ?
2025-08-20 09:25:42.210 [main] DEBUG c.e.mapper.UserMapper.findByUserId - ==> Parameters: admin123(String)
2025-08-20 09:25:42.212 [main] DEBUG c.e.mapper.UserMapper.findByUserId - <==      Total: 1
2025-08-20 09:25:44.451 [main] DEBUG c.e.m.LogOffsetMapper.findByFileName - ==>  Preparing: SELECT file_name , position , last_modified FROM log_offset WHERE file_name = ?
2025-08-20 09:25:44.460 [main] DEBUG c.e.m.LogOffsetMapper.findByFileName - ==> Parameters: C:/work/application.log(String)
2025-08-20 09:25:44.469 [main] DEBUG c.e.m.LogOffsetMapper.findByFileName - <==      Total: 1
2025-08-20 09:26:00.024 [schedulerFactoryBean_Worker-1] INFO  com.example.job.LogCopyJob - ⚙️ LogCopyJob 실행 - 2025-08-20T09:26:00.024825900
2025-08-20 09:26:24.345 [main] DEBUG c.e.mapper.LogOffsetMapper.insertLog - ==>  Preparing: INSERT INTO swg_logs (log_time, level, message) VALUES (?, ?, ?)
2025-08-20 09:26:24.348 [main] DEBUG c.e.mapper.LogOffsetMapper.insertLog - ==> Parameters: 2025-08-20 09:26:24.3408985(Timestamp), 14:33:43.877(String), [background-preinit] INFO  o.h.validator.internal.util.Version - HV000001: Hibernate Validator 8.0.2.Final 한글이있어요(String)
2025-08-20 09:26:24.359 [main] DEBUG c.e.mapper.LogOffsetMapper.insertLog - <==    Updates: 1
2025-08-20 09:26:25.845 [schedulerFactoryBean_Worker-1] DEBUG c.e.m.LogOffsetMapper.findByFileName - ==>  Preparing: SELECT file_name , position , last_modified FROM log_offset WHERE file_name = ?
2025-08-20 09:26:25.847 [schedulerFactoryBean_Worker-1] DEBUG c.e.m.LogOffsetMapper.findByFileName - ==> Parameters: C:/work/application.log(String)
2025-08-20 09:26:25.849 [schedulerFactoryBean_Worker-1] DEBUG c.e.m.LogOffsetMapper.findByFileName - <==      Total: 1
2025-08-20 09:26:25.850 [schedulerFactoryBean_Worker-1] DEBUG c.e.mapper.LogOffsetMapper.insertLog - ==>  Preparing: INSERT INTO swg_logs (log_time, level, message) VALUES (?, ?, ?)
2025-08-20 09:26:25.851 [schedulerFactoryBean_Worker-1] DEBUG c.e.mapper.LogOffsetMapper.insertLog - ==> Parameters: 2025-08-20 09:26:25.8503621(Timestamp), 14:33:43.877(String), [background-preinit] INFO  o.h.validator.internal.util.Version - HV000001: Hibernate Validator 8.0.2.Final 한글이있어요(String)
2025-08-20 09:26:25.852 [schedulerFactoryBean_Worker-1] DEBUG c.e.mapper.LogOffsetMapper.insertLog - <==    Updates: 1
2025-08-20 09:26:25.852 [schedulerFactoryBean_Worker-1] DEBUG c.e.mapper.LogOffsetMapper.insertLog - ==>  Preparing: INSERT INTO swg_logs (log_time, level, message) VALUES (?, ?, ?)
2025-08-20 09:26:25.852 [schedulerFactoryBean_Worker-1] DEBUG c.e.mapper.LogOffsetMapper.insertLog - ==> Parameters: 2025-08-20 09:26:25.8523624(Timestamp), 14:33:43.910(String), [main] INFO  c.example.service.BoardServiceTest - Starting BoardServiceTest using Java 17.0.3 with PID 30300 (started by lshan in C:\Users\lshan\git\base-project\demo-1)(String)
2025-08-20 09:26:25.853 [schedulerFactoryBean_Worker-1] DEBUG c.e.mapper.LogOffsetMapper.insertLog - <==    Updates: 1
2025-08-20 09:26:25.853 [schedulerFactoryBean_Worker-1] DEBUG c.e.mapper.LogOffsetMapper.insertLog - ==>  Preparing: INSERT INTO swg_logs (log_time, level, message) VALUES (?, ?, ?)
2025-08-20 09:26:25.853 [schedulerFactoryBean_Worker-1] DEBUG c.e.mapper.LogOffsetMapper.insertLog - ==> Parameters: 2025-08-20 09:26:25.8533618(Timestamp), 14:33:43.910(String), [main] DEBUG c.example.service.BoardServiceTest - Running with Spring Boot v3.4.4, Spring v6.2.5(String)
2025-08-20 09:26:25.854 [schedulerFactoryBean_Worker-1] DEBUG c.e.mapper.LogOffsetMapper.insertLog - <==    Updates: 1
2025-08-20 09:26:25.854 [schedulerFactoryBean_Worker-1] DEBUG c.e.mapper.LogOffsetMapper.insertLog - ==>  Preparing: INSERT INTO swg_logs (log_time, level, message) VALUES (?, ?, ?)
2025-08-20 09:26:25.854 [schedulerFactoryBean_Worker-1] DEBUG c.e.mapper.LogOffsetMapper.insertLog - ==> Parameters: 2025-08-20 09:26:25.854363(Timestamp), 14:33:43.911(String), [main] INFO  c.example.service.BoardServiceTest - No active profile set, falling back to 1 default profile: "default"(String)
2025-08-20 09:26:25.855 [schedulerFactoryBean_Worker-1] DEBUG c.e.mapper.LogOffsetMapper.insertLog - <==    Updates: 1
2025-08-20 09:26:25.855 [schedulerFactoryBean_Worker-1] DEBUG c.e.mapper.LogOffsetMapper.insertLog - ==>  Preparing: INSERT INTO swg_logs (log_time, level, message) VALUES (?, ?, ?)
2025-08-20 09:26:25.855 [schedulerFactoryBean_Worker-1] DEBUG c.e.mapper.LogOffsetMapper.insertLog - ==> Parameters: 2025-08-20 09:26:25.855362(Timestamp), 14:33:44.831(String), [main] INFO  com.zaxxer.hikari.HikariDataSource - HikariPool-1 - Starting...(String)
2025-08-20 09:26:25.856 [schedulerFactoryBean_Worker-1] DEBUG c.e.mapper.LogOffsetMapper.insertLog - <==    Updates: 1
2025-08-20 09:26:25.856 [schedulerFactoryBean_Worker-1] DEBUG c.e.mapper.LogOffsetMapper.insertLog - ==>  Preparing: INSERT INTO swg_logs (log_time, level, message) VALUES (?, ?, ?)
2025-08-20 09:26:25.856 [schedulerFactoryBean_Worker-1] DEBUG c.e.mapper.LogOffsetMapper.insertLog - ==> Parameters: 2025-08-20 09:26:25.8563622(Timestamp), 14:33:44.962(String), [main] INFO  com.zaxxer.hikari.pool.HikariPool - HikariPool-1 - Added connection com.mysql.cj.jdbc.ConnectionImpl@251a90ce(String)
2025-08-20 09:26:25.857 [schedulerFactoryBean_Worker-1] DEBUG c.e.mapper.LogOffsetMapper.insertLog - <==    Updates: 1
2025-08-20 09:26:25.857 [schedulerFactoryBean_Worker-1] DEBUG c.e.mapper.LogOffsetMapper.insertLog - ==>  Preparing: INSERT INTO swg_logs (log_time, level, message) VALUES (?, ?, ?)
2025-08-20 09:26:25.857 [schedulerFactoryBean_Worker-1] DEBUG c.e.mapper.LogOffsetMapper.insertLog - ==> Parameters: 2025-08-20 09:26:25.8573619(Timestamp), 14:33:44.964(String), [main] INFO  com.zaxxer.hikari.HikariDataSource - HikariPool-1 - Start completed.(String)
2025-08-20 09:26:25.858 [schedulerFactoryBean_Worker-1] DEBUG c.e.mapper.LogOffsetMapper.insertLog - <==    Updates: 1
2025-08-20 09:26:25.858 [schedulerFactoryBean_Worker-1] DEBUG c.e.mapper.LogOffsetMapper.insertLog - ==>  Preparing: INSERT INTO swg_logs (log_time, level, message) VALUES (?, ?, ?)
2025-08-20 09:26:25.858 [schedulerFactoryBean_Worker-1] DEBUG c.e.mapper.LogOffsetMapper.insertLog - ==> Parameters: 2025-08-20 09:26:25.8583624(Timestamp), 14:33:45.795(String), [main] INFO  o.s.s.c.a.a.c.InitializeUserDetailsBeanManagerConfigurer$InitializeUserDetailsManagerConfigurer - Global AuthenticationManager configured with UserDetailsService bean with name userDetailsServiceImpl(String)
2025-08-20 09:26:25.859 [schedulerFactoryBean_Worker-1] DEBUG c.e.mapper.LogOffsetMapper.insertLog - <==    Updates: 1
2025-08-20 09:26:25.859 [schedulerFactoryBean_Worker-1] DEBUG c.e.mapper.LogOffsetMapper.insertLog - ==>  Preparing: INSERT INTO swg_logs (log_time, level, message) VALUES (?, ?, ?)
2025-08-20 09:26:25.859 [schedulerFactoryBean_Worker-1] DEBUG c.e.mapper.LogOffsetMapper.insertLog - ==> Parameters: 2025-08-20 09:26:25.8593623(Timestamp), 14:33:46.065(String), [main] INFO  o.s.s.quartz.LocalDataSourceJobStore - Using db table-based data access locking (synchronization).(String)
2025-08-20 09:26:25.860 [schedulerFactoryBean_Worker-1] DEBUG c.e.mapper.LogOffsetMapper.insertLog - <==    Updates: 1
2025-08-20 09:26:25.861 [schedulerFactoryBean_Worker-1] DEBUG c.e.mapper.LogOffsetMapper.insertLog - ==>  Preparing: INSERT INTO swg_logs (log_time, level, message) VALUES (?, ?, ?)
2025-08-20 09:26:25.861 [schedulerFactoryBean_Worker-1] DEBUG c.e.mapper.LogOffsetMapper.insertLog - ==> Parameters: 2025-08-20 09:26:25.8603623(Timestamp), 14:33:46.069(String), [main] INFO  o.s.s.quartz.LocalDataSourceJobStore - JobStoreCMT initialized.(String)
2025-08-20 09:26:25.862 [schedulerFactoryBean_Worker-1] DEBUG c.e.mapper.LogOffsetMapper.insertLog - <==    Updates: 1
2025-08-20 09:26:25.862 [schedulerFactoryBean_Worker-1] DEBUG c.e.mapper.LogOffsetMapper.insertLog - ==>  Preparing: INSERT INTO swg_logs (log_time, level, message) VALUES (?, ?, ?)
2025-08-20 09:26:25.862 [schedulerFactoryBean_Worker-1] DEBUG c.e.mapper.LogOffsetMapper.insertLog - ==> Parameters: 2025-08-20 09:26:25.8623623(Timestamp), 14:33:46.787(String), [main] INFO  o.s.s.quartz.SchedulerFactoryBean - Starting Quartz Scheduler now(String)
2025-08-20 09:26:25.862 [schedulerFactoryBean_Worker-1] DEBUG c.e.mapper.LogOffsetMapper.insertLog - <==    Updates: 1
2025-08-20 09:26:25.863 [schedulerFactoryBean_Worker-1] DEBUG c.e.mapper.LogOffsetMapper.insertLog - ==>  Preparing: INSERT INTO swg_logs (log_time, level, message) VALUES (?, ?, ?)
2025-08-20 09:26:25.863 [schedulerFactoryBean_Worker-1] DEBUG c.e.mapper.LogOffsetMapper.insertLog - ==> Parameters: 2025-08-20 09:26:25.8638691(Timestamp), 14:33:46.789(String), [main] INFO  o.s.s.quartz.LocalDataSourceJobStore - Freed 0 triggers from 'acquired' / 'blocked' state.(String)
2025-08-20 09:26:25.864 [schedulerFactoryBean_Worker-1] DEBUG c.e.mapper.LogOffsetMapper.insertLog - <==    Updates: 1
2025-08-20 09:26:25.864 [schedulerFactoryBean_Worker-1] DEBUG c.e.mapper.LogOffsetMapper.insertLog - ==>  Preparing: INSERT INTO swg_logs (log_time, level, message) VALUES (?, ?, ?)
2025-08-20 09:26:25.864 [schedulerFactoryBean_Worker-1] DEBUG c.e.mapper.LogOffsetMapper.insertLog - ==> Parameters: 2025-08-20 09:26:25.8648692(Timestamp), 14:33:46.791(String), [main] INFO  o.s.s.quartz.LocalDataSourceJobStore - Recovering 0 jobs that were in-progress at the time of the last shut-down.(String)
2025-08-20 09:26:25.864 [schedulerFactoryBean_Worker-1] DEBUG c.e.mapper.LogOffsetMapper.insertLog - <==    Updates: 1
2025-08-20 09:26:25.865 [schedulerFactoryBean_Worker-1] DEBUG c.e.mapper.LogOffsetMapper.insertLog - ==>  Preparing: INSERT INTO swg_logs (log_time, level, message) VALUES (?, ?, ?)
2025-08-20 09:26:25.865 [schedulerFactoryBean_Worker-1] DEBUG c.e.mapper.LogOffsetMapper.insertLog - ==> Parameters: 2025-08-20 09:26:25.8658696(Timestamp), 14:33:46.791(String), [main] INFO  o.s.s.quartz.LocalDataSourceJobStore - Recovery complete.(String)
2025-08-20 09:26:25.865 [schedulerFactoryBean_Worker-1] DEBUG c.e.mapper.LogOffsetMapper.insertLog - <==    Updates: 1
2025-08-20 09:26:25.866 [schedulerFactoryBean_Worker-1] DEBUG c.e.mapper.LogOffsetMapper.insertLog - ==>  Preparing: INSERT INTO swg_logs (log_time, level, message) VALUES (?, ?, ?)
2025-08-20 09:26:25.866 [schedulerFactoryBean_Worker-1] DEBUG c.e.mapper.LogOffsetMapper.insertLog - ==> Parameters: 2025-08-20 09:26:25.8658696(Timestamp), 14:33:46.792(String), [main] INFO  o.s.s.quartz.LocalDataSourceJobStore - Removed 0 'complete' triggers.(String)
2025-08-20 09:26:25.867 [schedulerFactoryBean_Worker-1] DEBUG c.e.mapper.LogOffsetMapper.insertLog - <==    Updates: 1
2025-08-20 09:26:25.867 [schedulerFactoryBean_Worker-1] DEBUG c.e.mapper.LogOffsetMapper.insertLog - ==>  Preparing: INSERT INTO swg_logs (log_time, level, message) VALUES (?, ?, ?)
2025-08-20 09:26:25.868 [schedulerFactoryBean_Worker-1] DEBUG c.e.mapper.LogOffsetMapper.insertLog - ==> Parameters: 2025-08-20 09:26:25.8678696(Timestamp), 14:33:46.792(String), [main] INFO  o.s.s.quartz.LocalDataSourceJobStore - Removed 0 stale fired job entries.(String)
2025-08-20 09:26:25.868 [schedulerFactoryBean_Worker-1] DEBUG c.e.mapper.LogOffsetMapper.insertLog - <==    Updates: 1
2025-08-20 09:26:25.868 [schedulerFactoryBean_Worker-1] DEBUG c.e.mapper.LogOffsetMapper.insertLog - ==>  Preparing: INSERT INTO swg_logs (log_time, level, message) VALUES (?, ?, ?)
2025-08-20 09:26:25.869 [schedulerFactoryBean_Worker-1] DEBUG c.e.mapper.LogOffsetMapper.insertLog - ==> Parameters: 2025-08-20 09:26:25.8688697(Timestamp), 14:33:46.807(String), [main] INFO  c.example.service.BoardServiceTest - Started BoardServiceTest in 3.14 seconds (process running for 3.821)(String)
2025-08-20 09:26:25.869 [schedulerFactoryBean_Worker-1] DEBUG c.e.mapper.LogOffsetMapper.insertLog - <==    Updates: 1
2025-08-20 09:26:25.869 [schedulerFactoryBean_Worker-1] DEBUG c.e.mapper.LogOffsetMapper.insertLog - ==>  Preparing: INSERT INTO swg_logs (log_time, level, message) VALUES (?, ?, ?)
2025-08-20 09:26:25.870 [schedulerFactoryBean_Worker-1] DEBUG c.e.mapper.LogOffsetMapper.insertLog - ==> Parameters: 2025-08-20 09:26:25.8698692(Timestamp), 14:33:46.820(String), [main] DEBUG c.e.mapper.UserMapper.findByUserId - ==>  Preparing: SELECT id , user_id , password , user_name , refresh_token FROM users WHERE user_id = ?(String)
2025-08-20 09:26:25.870 [schedulerFactoryBean_Worker-1] DEBUG c.e.mapper.LogOffsetMapper.insertLog - <==    Updates: 1
2025-08-20 09:26:25.870 [schedulerFactoryBean_Worker-1] DEBUG c.e.mapper.LogOffsetMapper.insertLog - ==>  Preparing: INSERT INTO swg_logs (log_time, level, message) VALUES (?, ?, ?)
2025-08-20 09:26:25.870 [schedulerFactoryBean_Worker-1] DEBUG c.e.mapper.LogOffsetMapper.insertLog - ==> Parameters: 2025-08-20 09:26:25.8708695(Timestamp), 14:33:46.826(String), [main] DEBUG c.e.mapper.UserMapper.findByUserId - ==> Parameters: user123(String)(String)
2025-08-20 09:26:25.871 [schedulerFactoryBean_Worker-1] DEBUG c.e.mapper.LogOffsetMapper.insertLog - <==    Updates: 1
2025-08-20 09:26:25.871 [schedulerFactoryBean_Worker-1] DEBUG c.e.mapper.LogOffsetMapper.insertLog - ==>  Preparing: INSERT INTO swg_logs (log_time, level, message) VALUES (?, ?, ?)
2025-08-20 09:26:25.871 [schedulerFactoryBean_Worker-1] DEBUG c.e.mapper.LogOffsetMapper.insertLog - ==> Parameters: 2025-08-20 09:26:25.8718694(Timestamp), 14:33:46.834(String), [main] DEBUG c.e.mapper.UserMapper.findByUserId - <==      Total: 1(String)
2025-08-20 09:26:25.871 [schedulerFactoryBean_Worker-1] DEBUG c.e.mapper.LogOffsetMapper.insertLog - <==    Updates: 1
2025-08-20 09:26:25.872 [schedulerFactoryBean_Worker-1] DEBUG c.e.mapper.LogOffsetMapper.insertLog - ==>  Preparing: INSERT INTO swg_logs (log_time, level, message) VALUES (?, ?, ?)
2025-08-20 09:26:25.872 [schedulerFactoryBean_Worker-1] DEBUG c.e.mapper.LogOffsetMapper.insertLog - ==> Parameters: 2025-08-20 09:26:25.8728697(Timestamp), 14:33:46.836(String), [main] DEBUG c.e.mapper.UserMapper.findByUserId - ==>  Preparing: SELECT id , user_id , password , user_name , refresh_token FROM users WHERE user_id = ?(String)
2025-08-20 09:26:25.872 [schedulerFactoryBean_Worker-1] DEBUG c.e.mapper.LogOffsetMapper.insertLog - <==    Updates: 1
2025-08-20 09:26:25.872 [schedulerFactoryBean_Worker-1] DEBUG c.e.mapper.LogOffsetMapper.insertLog - ==>  Preparing: INSERT INTO swg_logs (log_time, level, message) VALUES (?, ?, ?)
2025-08-20 09:26:25.873 [schedulerFactoryBean_Worker-1] DEBUG c.e.mapper.LogOffsetMapper.insertLog - ==> Parameters: 2025-08-20 09:26:25.8728697(Timestamp), 14:33:46.837(String), [main] DEBUG c.e.mapper.UserMapper.findByUserId - ==> Parameters: admin123(String)(String)
2025-08-20 09:26:25.873 [schedulerFactoryBean_Worker-1] DEBUG c.e.mapper.LogOffsetMapper.insertLog - <==    Updates: 1
2025-08-20 09:26:25.873 [schedulerFactoryBean_Worker-1] DEBUG c.e.mapper.LogOffsetMapper.insertLog - ==>  Preparing: INSERT INTO swg_logs (log_time, level, message) VALUES (?, ?, ?)
2025-08-20 09:26:25.873 [schedulerFactoryBean_Worker-1] DEBUG c.e.mapper.LogOffsetMapper.insertLog - ==> Parameters: 2025-08-20 09:26:25.8738695(Timestamp), 14:33:46.838(String), [main] DEBUG c.e.mapper.UserMapper.findByUserId - <==      Total: 1(String)
2025-08-20 09:26:25.874 [schedulerFactoryBean_Worker-1] DEBUG c.e.mapper.LogOffsetMapper.insertLog - <==    Updates: 1
2025-08-20 09:26:25.875 [schedulerFactoryBean_Worker-1] DEBUG c.e.mapper.LogOffsetMapper.insertLog - ==>  Preparing: INSERT INTO swg_logs (log_time, level, message) VALUES (?, ?, ?)
2025-08-20 09:26:25.875 [schedulerFactoryBean_Worker-1] DEBUG c.e.mapper.LogOffsetMapper.insertLog - ==> Parameters: 2025-08-20 09:26:25.8748695(Timestamp), 14:33:47.308(String), [main] DEBUG c.e.mapper.BoardMapper.insertBoard - ==>  Preparing: INSERT INTO board (post_type, title, content, writer, created_at, updated_at) VALUES (?, ?, ?, ?, NOW(), NOW())(String)
2025-08-20 09:26:25.875 [schedulerFactoryBean_Worker-1] DEBUG c.e.mapper.LogOffsetMapper.insertLog - <==    Updates: 1
2025-08-20 09:26:25.876 [schedulerFactoryBean_Worker-1] DEBUG c.e.mapper.LogOffsetMapper.insertLog - ==>  Preparing: INSERT INTO swg_logs (log_time, level, message) VALUES (?, ?, ?)
2025-08-20 09:26:25.876 [schedulerFactoryBean_Worker-1] DEBUG c.e.mapper.LogOffsetMapper.insertLog - ==> Parameters: 2025-08-20 09:26:25.8758695(Timestamp), 14:33:47.308(String), [main] DEBUG c.e.mapper.BoardMapper.insertBoard - ==> Parameters: null, 테스트 제목입니다.(String), 냉무(String), 1(Long)(String)
2025-08-20 09:26:25.876 [schedulerFactoryBean_Worker-1] DEBUG c.e.mapper.LogOffsetMapper.insertLog - <==    Updates: 1
2025-08-20 09:26:25.876 [schedulerFactoryBean_Worker-1] DEBUG c.e.mapper.LogOffsetMapper.insertLog - ==>  Preparing: INSERT INTO swg_logs (log_time, level, message) VALUES (?, ?, ?)
2025-08-20 09:26:25.876 [schedulerFactoryBean_Worker-1] DEBUG c.e.mapper.LogOffsetMapper.insertLog - ==> Parameters: 2025-08-20 09:26:25.8768694(Timestamp), 14:33:47.310(String), [main] DEBUG c.e.mapper.BoardMapper.insertBoard - <==    Updates: 1(String)
2025-08-20 09:26:25.877 [schedulerFactoryBean_Worker-1] DEBUG c.e.mapper.LogOffsetMapper.insertLog - <==    Updates: 1
2025-08-20 09:26:25.877 [schedulerFactoryBean_Worker-1] DEBUG c.e.mapper.LogOffsetMapper.insertLog - ==>  Preparing: INSERT INTO swg_logs (log_time, level, message) VALUES (?, ?, ?)
2025-08-20 09:26:25.877 [schedulerFactoryBean_Worker-1] DEBUG c.e.mapper.LogOffsetMapper.insertLog - ==> Parameters: 2025-08-20 09:26:25.8778695(Timestamp), 14:33:47.313(String), [main] DEBUG c.e.m.A.insertAttachment - ==>  Preparing: INSERT INTO attachment (board_id, original_name, saved_name, file_path, file_size, uploaded_at) VALUES (?, ?, ?, ?, ?, NOW())(String)
2025-08-20 09:26:25.878 [schedulerFactoryBean_Worker-1] DEBUG c.e.mapper.LogOffsetMapper.insertLog - <==    Updates: 1
2025-08-20 09:26:25.878 [schedulerFactoryBean_Worker-1] DEBUG c.e.mapper.LogOffsetMapper.insertLog - ==>  Preparing: INSERT INTO swg_logs (log_time, level, message) VALUES (?, ?, ?)
2025-08-20 09:26:25.878 [schedulerFactoryBean_Worker-1] DEBUG c.e.mapper.LogOffsetMapper.insertLog - ==> Parameters: 2025-08-20 09:26:25.87887(Timestamp), 14:33:47.313(String), [main] DEBUG c.e.m.A.insertAttachment - ==> Parameters: 8(Long), test.txt(String), c80fb6d4-bca0-4208-a4ac-3da29e964ea0_test.txt(String), C:\upload\files\c80fb6d4-bca0-4208-a4ac-3da29e964ea0_test.txt(String), 33(Long)(String)
2025-08-20 09:26:25.879 [schedulerFactoryBean_Worker-1] DEBUG c.e.mapper.LogOffsetMapper.insertLog - <==    Updates: 1
2025-08-20 09:26:25.879 [schedulerFactoryBean_Worker-1] DEBUG c.e.mapper.LogOffsetMapper.insertLog - ==>  Preparing: INSERT INTO swg_logs (log_time, level, message) VALUES (?, ?, ?)
2025-08-20 09:26:25.879 [schedulerFactoryBean_Worker-1] DEBUG c.e.mapper.LogOffsetMapper.insertLog - ==> Parameters: 2025-08-20 09:26:25.8798697(Timestamp), 14:33:47.314(String), [main] DEBUG c.e.m.A.insertAttachment - <==    Updates: 1(String)
2025-08-20 09:26:25.880 [schedulerFactoryBean_Worker-1] DEBUG c.e.mapper.LogOffsetMapper.insertLog - <==    Updates: 1
2025-08-20 09:26:25.880 [schedulerFactoryBean_Worker-1] DEBUG c.e.mapper.LogOffsetMapper.insertLog - ==>  Preparing: INSERT INTO swg_logs (log_time, level, message) VALUES (?, ?, ?)
2025-08-20 09:26:25.880 [schedulerFactoryBean_Worker-1] DEBUG c.e.mapper.LogOffsetMapper.insertLog - ==> Parameters: 2025-08-20 09:26:25.8808696(Timestamp), 14:33:47.330(String), [SpringApplicationShutdownHook] INFO  o.s.s.quartz.SchedulerFactoryBean - Shutting down Quartz Scheduler(String)
2025-08-20 09:26:25.881 [schedulerFactoryBean_Worker-1] DEBUG c.e.mapper.LogOffsetMapper.insertLog - <==    Updates: 1
2025-08-20 09:26:25.882 [schedulerFactoryBean_Worker-1] DEBUG c.e.mapper.LogOffsetMapper.insertLog - ==>  Preparing: INSERT INTO swg_logs (log_time, level, message) VALUES (?, ?, ?)
2025-08-20 09:26:25.882 [schedulerFactoryBean_Worker-1] DEBUG c.e.mapper.LogOffsetMapper.insertLog - ==> Parameters: 2025-08-20 09:26:25.88187(Timestamp), 14:33:47.331(String), [SpringApplicationShutdownHook] INFO  com.zaxxer.hikari.HikariDataSource - HikariPool-1 - Shutdown initiated...(String)
2025-08-20 09:26:25.882 [schedulerFactoryBean_Worker-1] DEBUG c.e.mapper.LogOffsetMapper.insertLog - <==    Updates: 1
2025-08-20 09:26:25.882 [schedulerFactoryBean_Worker-1] DEBUG c.e.mapper.LogOffsetMapper.insertLog - ==>  Preparing: INSERT INTO swg_logs (log_time, level, message) VALUES (?, ?, ?)
2025-08-20 09:26:25.883 [schedulerFactoryBean_Worker-1] DEBUG c.e.mapper.LogOffsetMapper.insertLog - ==> Parameters: 2025-08-20 09:26:25.8828696(Timestamp), 14:33:47.335(String), [SpringApplicationShutdownHook] INFO  com.zaxxer.hikari.HikariDataSource - HikariPool-1 - Shutdown completed.(String)
2025-08-20 09:26:25.883 [schedulerFactoryBean_Worker-1] DEBUG c.e.mapper.LogOffsetMapper.insertLog - <==    Updates: 1
2025-08-20 09:26:25.883 [schedulerFactoryBean_Worker-1] DEBUG c.e.mapper.LogOffsetMapper.insertLog - ==>  Preparing: INSERT INTO swg_logs (log_time, level, message) VALUES (?, ?, ?)
2025-08-20 09:26:25.883 [schedulerFactoryBean_Worker-1] DEBUG c.e.mapper.LogOffsetMapper.insertLog - ==> Parameters: 2025-08-20 09:26:25.8838696(Timestamp), 14:34:19.899(String), [background-preinit] INFO  o.h.validator.internal.util.Version - HV000001: Hibernate Validator 8.0.2.Final(String)
2025-08-20 09:26:25.884 [schedulerFactoryBean_Worker-1] DEBUG c.e.mapper.LogOffsetMapper.insertLog - <==    Updates: 1
2025-08-20 09:26:25.884 [schedulerFactoryBean_Worker-1] DEBUG c.e.mapper.LogOffsetMapper.insertLog - ==>  Preparing: INSERT INTO swg_logs (log_time, level, message) VALUES (?, ?, ?)
2025-08-20 09:26:25.884 [schedulerFactoryBean_Worker-1] DEBUG c.e.mapper.LogOffsetMapper.insertLog - ==> Parameters: 2025-08-20 09:26:25.8848701(Timestamp), 14:34:19.928(String), [main] INFO  c.example.service.BoardServiceTest - Starting BoardServiceTest using Java 17.0.3 with PID 23608 (started by lshan in C:\Users\lshan\git\base-project\demo-1)(String)
2025-08-20 09:26:25.885 [schedulerFactoryBean_Worker-1] DEBUG c.e.mapper.LogOffsetMapper.insertLog - <==    Updates: 1
2025-08-20 09:26:25.885 [schedulerFactoryBean_Worker-1] DEBUG c.e.mapper.LogOffsetMapper.insertLog - ==>  Preparing: INSERT INTO swg_logs (log_time, level, message) VALUES (?, ?, ?)
2025-08-20 09:26:25.886 [schedulerFactoryBean_Worker-1] DEBUG c.e.mapper.LogOffsetMapper.insertLog - ==> Parameters: 2025-08-20 09:26:25.8858695(Timestamp), 14:34:19.928(String), [main] DEBUG c.example.service.BoardServiceTest - Running with Spring Boot v3.4.4, Spring v6.2.5(String)
2025-08-20 09:26:25.886 [schedulerFactoryBean_Worker-1] DEBUG c.e.mapper.LogOffsetMapper.insertLog - <==    Updates: 1
2025-08-20 09:26:25.886 [schedulerFactoryBean_Worker-1] DEBUG c.e.mapper.LogOffsetMapper.insertLog - ==>  Preparing: INSERT INTO swg_logs (log_time, level, message) VALUES (?, ?, ?)
2025-08-20 09:26:25.887 [schedulerFactoryBean_Worker-1] DEBUG c.e.mapper.LogOffsetMapper.insertLog - ==> Parameters: 2025-08-20 09:26:25.8868695(Timestamp), 14:34:19.928(String), [main] INFO  c.example.service.BoardServiceTest - No active profile set, falling back to 1 default profile: "default"(String)
2025-08-20 09:26:25.887 [schedulerFactoryBean_Worker-1] DEBUG c.e.mapper.LogOffsetMapper.insertLog - <==    Updates: 1
2025-08-20 09:26:25.887 [schedulerFactoryBean_Worker-1] DEBUG c.e.mapper.LogOffsetMapper.insertLog - ==>  Preparing: INSERT INTO swg_logs (log_time, level, message) VALUES (?, ?, ?)
2025-08-20 09:26:25.888 [schedulerFactoryBean_Worker-1] DEBUG c.e.mapper.LogOffsetMapper.insertLog - ==> Parameters: 2025-08-20 09:26:25.8878692(Timestamp), 14:34:20.791(String), [main] INFO  com.zaxxer.hikari.HikariDataSource - HikariPool-1 - Starting...(String)
2025-08-20 09:26:25.888 [schedulerFactoryBean_Worker-1] DEBUG c.e.mapper.LogOffsetMapper.insertLog - <==    Updates: 1
2025-08-20 09:26:25.888 [schedulerFactoryBean_Worker-1] DEBUG c.e.mapper.LogOffsetMapper.insertLog - ==>  Preparing: INSERT INTO swg_logs (log_time, level, message) VALUES (?, ?, ?)
2025-08-20 09:26:25.888 [schedulerFactoryBean_Worker-1] DEBUG c.e.mapper.LogOffsetMapper.insertLog - ==> Parameters: 2025-08-20 09:26:25.8888696(Timestamp), 14:34:20.916(String), [main] INFO  com.zaxxer.hikari.pool.HikariPool - HikariPool-1 - Added connection com.mysql.cj.jdbc.ConnectionImpl@27ab206(String)
2025-08-20 09:26:25.889 [schedulerFactoryBean_Worker-1] DEBUG c.e.mapper.LogOffsetMapper.insertLog - <==    Updates: 1
2025-08-20 09:26:25.889 [schedulerFactoryBean_Worker-1] DEBUG c.e.mapper.LogOffsetMapper.insertLog - ==>  Preparing: INSERT INTO swg_logs (log_time, level, message) VALUES (?, ?, ?)
2025-08-20 09:26:25.889 [schedulerFactoryBean_Worker-1] DEBUG c.e.mapper.LogOffsetMapper.insertLog - ==> Parameters: 2025-08-20 09:26:25.8898713(Timestamp), 14:34:20.917(String), [main] INFO  com.zaxxer.hikari.HikariDataSource - HikariPool-1 - Start completed.(String)
2025-08-20 09:26:25.890 [schedulerFactoryBean_Worker-1] DEBUG c.e.mapper.LogOffsetMapper.insertLog - <==    Updates: 1
2025-08-20 09:26:25.891 [schedulerFactoryBean_Worker-1] DEBUG c.e.mapper.LogOffsetMapper.insertLog - ==>  Preparing: INSERT INTO swg_logs (log_time, level, message) VALUES (?, ?, ?)
2025-08-20 09:26:25.891 [schedulerFactoryBean_Worker-1] DEBUG c.e.mapper.LogOffsetMapper.insertLog - ==> Parameters: 2025-08-20 09:26:25.8918696(Timestamp), 14:34:21.679(String), [main] INFO  o.s.s.c.a.a.c.InitializeUserDetailsBeanManagerConfigurer$InitializeUserDetailsManagerConfigurer - Global AuthenticationManager configured with UserDetailsService bean with name userDetailsServiceImpl(String)
2025-08-20 09:26:25.891 [schedulerFactoryBean_Worker-1] DEBUG c.e.mapper.LogOffsetMapper.insertLog - <==    Updates: 1
2025-08-20 09:26:25.892 [schedulerFactoryBean_Worker-1] DEBUG c.e.mapper.LogOffsetMapper.insertLog - ==>  Preparing: INSERT INTO swg_logs (log_time, level, message) VALUES (?, ?, ?)
2025-08-20 09:26:25.892 [schedulerFactoryBean_Worker-1] DEBUG c.e.mapper.LogOffsetMapper.insertLog - ==> Parameters: 2025-08-20 09:26:25.8928699(Timestamp), 14:34:21.920(String), [main] INFO  o.s.s.quartz.LocalDataSourceJobStore - Using db table-based data access locking (synchronization).(String)
2025-08-20 09:26:25.892 [schedulerFactoryBean_Worker-1] DEBUG c.e.mapper.LogOffsetMapper.insertLog - <==    Updates: 1
2025-08-20 09:26:25.892 [schedulerFactoryBean_Worker-1] DEBUG c.e.mapper.LogOffsetMapper.insertLog - ==>  Preparing: INSERT INTO swg_logs (log_time, level, message) VALUES (?, ?, ?)
2025-08-20 09:26:25.893 [schedulerFactoryBean_Worker-1] DEBUG c.e.mapper.LogOffsetMapper.insertLog - ==> Parameters: 2025-08-20 09:26:25.8928699(Timestamp), 14:34:21.924(String), [main] INFO  o.s.s.quartz.LocalDataSourceJobStore - JobStoreCMT initialized.(String)
2025-08-20 09:26:25.893 [schedulerFactoryBean_Worker-1] DEBUG c.e.mapper.LogOffsetMapper.insertLog - <==    Updates: 1
2025-08-20 09:26:25.893 [schedulerFactoryBean_Worker-1] DEBUG c.e.mapper.LogOffsetMapper.insertLog - ==>  Preparing: INSERT INTO swg_logs (log_time, level, message) VALUES (?, ?, ?)
2025-08-20 09:26:25.893 [schedulerFactoryBean_Worker-1] DEBUG c.e.mapper.LogOffsetMapper.insertLog - ==> Parameters: 2025-08-20 09:26:25.8938696(Timestamp), 14:34:22.586(String), [main] INFO  o.s.s.quartz.SchedulerFactoryBean - Starting Quartz Scheduler now(String)
2025-08-20 09:26:25.894 [schedulerFactoryBean_Worker-1] DEBUG c.e.mapper.LogOffsetMapper.insertLog - <==    Updates: 1
2025-08-20 09:26:25.894 [schedulerFactoryBean_Worker-1] DEBUG c.e.mapper.LogOffsetMapper.insertLog - ==>  Preparing: INSERT INTO swg_logs (log_time, level, message) VALUES (?, ?, ?)
2025-08-20 09:26:25.894 [schedulerFactoryBean_Worker-1] DEBUG c.e.mapper.LogOffsetMapper.insertLog - ==> Parameters: 2025-08-20 09:26:25.8948694(Timestamp), 14:34:22.588(String), [main] INFO  o.s.s.quartz.LocalDataSourceJobStore - Freed 0 triggers from 'acquired' / 'blocked' state.(String)
2025-08-20 09:26:25.895 [schedulerFactoryBean_Worker-1] DEBUG c.e.mapper.LogOffsetMapper.insertLog - <==    Updates: 1
2025-08-20 09:26:25.895 [schedulerFactoryBean_Worker-1] DEBUG c.e.mapper.LogOffsetMapper.insertLog - ==>  Preparing: INSERT INTO swg_logs (log_time, level, message) VALUES (?, ?, ?)
2025-08-20 09:26:25.895 [schedulerFactoryBean_Worker-1] DEBUG c.e.mapper.LogOffsetMapper.insertLog - ==> Parameters: 2025-08-20 09:26:25.8958695(Timestamp), 14:34:22.590(String), [main] INFO  o.s.s.quartz.LocalDataSourceJobStore - Recovering 0 jobs that were in-progress at the time of the last shut-down.(String)
2025-08-20 09:26:25.896 [schedulerFactoryBean_Worker-1] DEBUG c.e.mapper.LogOffsetMapper.insertLog - <==    Updates: 1
2025-08-20 09:26:25.896 [schedulerFactoryBean_Worker-1] DEBUG c.e.mapper.LogOffsetMapper.insertLog - ==>  Preparing: INSERT INTO swg_logs (log_time, level, message) VALUES (?, ?, ?)
2025-08-20 09:26:25.896 [schedulerFactoryBean_Worker-1] DEBUG c.e.mapper.LogOffsetMapper.insertLog - ==> Parameters: 2025-08-20 09:26:25.8968695(Timestamp), 14:34:22.590(String), [main] INFO  o.s.s.quartz.LocalDataSourceJobStore - Recovery complete.(String)
2025-08-20 09:26:25.896 [schedulerFactoryBean_Worker-1] DEBUG c.e.mapper.LogOffsetMapper.insertLog - <==    Updates: 1
2025-08-20 09:26:25.897 [schedulerFactoryBean_Worker-1] DEBUG c.e.mapper.LogOffsetMapper.insertLog - ==>  Preparing: INSERT INTO swg_logs (log_time, level, message) VALUES (?, ?, ?)
2025-08-20 09:26:25.897 [schedulerFactoryBean_Worker-1] DEBUG c.e.mapper.LogOffsetMapper.insertLog - ==> Parameters: 2025-08-20 09:26:25.8978691(Timestamp), 14:34:22.590(String), [main] INFO  o.s.s.quartz.LocalDataSourceJobStore - Removed 0 'complete' triggers.(String)
2025-08-20 09:26:25.897 [schedulerFactoryBean_Worker-1] DEBUG c.e.mapper.LogOffsetMapper.insertLog - <==    Updates: 1
2025-08-20 09:26:25.898 [schedulerFactoryBean_Worker-1] DEBUG c.e.mapper.LogOffsetMapper.insertLog - ==>  Preparing: INSERT INTO swg_logs (log_time, level, message) VALUES (?, ?, ?)
2025-08-20 09:26:25.898 [schedulerFactoryBean_Worker-1] DEBUG c.e.mapper.LogOffsetMapper.insertLog - ==> Parameters: 2025-08-20 09:26:25.8988697(Timestamp), 14:34:22.590(String), [main] INFO  o.s.s.quartz.LocalDataSourceJobStore - Removed 0 stale fired job entries.(String)
2025-08-20 09:26:25.898 [schedulerFactoryBean_Worker-1] DEBUG c.e.mapper.LogOffsetMapper.insertLog - <==    Updates: 1
2025-08-20 09:26:25.898 [schedulerFactoryBean_Worker-1] DEBUG c.e.mapper.LogOffsetMapper.insertLog - ==>  Preparing: INSERT INTO swg_logs (log_time, level, message) VALUES (?, ?, ?)
2025-08-20 09:26:25.899 [schedulerFactoryBean_Worker-1] DEBUG c.e.mapper.LogOffsetMapper.insertLog - ==> Parameters: 2025-08-20 09:26:25.8988697(Timestamp), 14:34:22.600(String), [main] INFO  c.example.service.BoardServiceTest - Started BoardServiceTest in 2.926 seconds (process running for 3.588)(String)
2025-08-20 09:26:25.899 [schedulerFactoryBean_Worker-1] DEBUG c.e.mapper.LogOffsetMapper.insertLog - <==    Updates: 1
2025-08-20 09:26:25.899 [schedulerFactoryBean_Worker-1] DEBUG c.e.mapper.LogOffsetMapper.insertLog - ==>  Preparing: INSERT INTO swg_logs (log_time, level, message) VALUES (?, ?, ?)
2025-08-20 09:26:25.899 [schedulerFactoryBean_Worker-1] DEBUG c.e.mapper.LogOffsetMapper.insertLog - ==> Parameters: 2025-08-20 09:26:25.8998696(Timestamp), 14:34:22.611(String), [main] DEBUG c.e.mapper.UserMapper.findByUserId - ==>  Preparing: SELECT id , user_id , password , user_name , refresh_token FROM users WHERE user_id = ?(String)
2025-08-20 09:26:25.900 [schedulerFactoryBean_Worker-1] DEBUG c.e.mapper.LogOffsetMapper.insertLog - <==    Updates: 1
2025-08-20 09:26:25.900 [schedulerFactoryBean_Worker-1] DEBUG c.e.mapper.LogOffsetMapper.insertLog - ==>  Preparing: INSERT INTO swg_logs (log_time, level, message) VALUES (?, ?, ?)
2025-08-20 09:26:25.900 [schedulerFactoryBean_Worker-1] DEBUG c.e.mapper.LogOffsetMapper.insertLog - ==> Parameters: 2025-08-20 09:26:25.9008694(Timestamp), 14:34:22.617(String), [main] DEBUG c.e.mapper.UserMapper.findByUserId - ==> Parameters: user123(String)(String)
2025-08-20 09:26:25.900 [schedulerFactoryBean_Worker-1] DEBUG c.e.mapper.LogOffsetMapper.insertLog - <==    Updates: 1
2025-08-20 09:26:25.901 [schedulerFactoryBean_Worker-1] DEBUG c.e.mapper.LogOffsetMapper.insertLog - ==>  Preparing: INSERT INTO swg_logs (log_time, level, message) VALUES (?, ?, ?)
2025-08-20 09:26:25.901 [schedulerFactoryBean_Worker-1] DEBUG c.e.mapper.LogOffsetMapper.insertLog - ==> Parameters: 2025-08-20 09:26:25.9018698(Timestamp), 14:34:22.624(String), [main] DEBUG c.e.mapper.UserMapper.findByUserId - <==      Total: 1(String)
2025-08-20 09:26:25.902 [schedulerFactoryBean_Worker-1] DEBUG c.e.mapper.LogOffsetMapper.insertLog - <==    Updates: 1
2025-08-20 09:26:25.902 [schedulerFactoryBean_Worker-1] DEBUG c.e.mapper.LogOffsetMapper.insertLog - ==>  Preparing: INSERT INTO swg_logs (log_time, level, message) VALUES (?, ?, ?)
2025-08-20 09:26:25.902 [schedulerFactoryBean_Worker-1] DEBUG c.e.mapper.LogOffsetMapper.insertLog - ==> Parameters: 2025-08-20 09:26:25.9028695(Timestamp), 14:34:22.624(String), [main] DEBUG c.e.mapper.UserMapper.findByUserId - ==>  Preparing: SELECT id , user_id , password , user_name , refresh_token FROM users WHERE user_id = ?(String)
2025-08-20 09:26:25.903 [schedulerFactoryBean_Worker-1] DEBUG c.e.mapper.LogOffsetMapper.insertLog - <==    Updates: 1
2025-08-20 09:26:25.903 [schedulerFactoryBean_Worker-1] DEBUG c.e.mapper.LogOffsetMapper.insertLog - ==>  Preparing: INSERT INTO swg_logs (log_time, level, message) VALUES (?, ?, ?)
2025-08-20 09:26:25.903 [schedulerFactoryBean_Worker-1] DEBUG c.e.mapper.LogOffsetMapper.insertLog - ==> Parameters: 2025-08-20 09:26:25.9038696(Timestamp), 14:34:22.625(String), [main] DEBUG c.e.mapper.UserMapper.findByUserId - ==> Parameters: admin123(String)(String)
2025-08-20 09:26:25.904 [schedulerFactoryBean_Worker-1] DEBUG c.e.mapper.LogOffsetMapper.insertLog - <==    Updates: 1
2025-08-20 09:26:25.904 [schedulerFactoryBean_Worker-1] DEBUG c.e.mapper.LogOffsetMapper.insertLog - ==>  Preparing: INSERT INTO swg_logs (log_time, level, message) VALUES (?, ?, ?)
2025-08-20 09:26:25.905 [schedulerFactoryBean_Worker-1] DEBUG c.e.mapper.LogOffsetMapper.insertLog - ==> Parameters: 2025-08-20 09:26:25.9048692(Timestamp), 14:34:22.625(String), [main] DEBUG c.e.mapper.UserMapper.findByUserId - <==      Total: 1(String)
2025-08-20 09:26:25.905 [schedulerFactoryBean_Worker-1] DEBUG c.e.mapper.LogOffsetMapper.insertLog - <==    Updates: 1
2025-08-20 09:26:25.906 [schedulerFactoryBean_Worker-1] DEBUG c.e.mapper.LogOffsetMapper.insertLog - ==>  Preparing: INSERT INTO swg_logs (log_time, level, message) VALUES (?, ?, ?)
2025-08-20 09:26:25.906 [schedulerFactoryBean_Worker-1] DEBUG c.e.mapper.LogOffsetMapper.insertLog - ==> Parameters: 2025-08-20 09:26:25.9068697(Timestamp), 14:34:23.044(String), [main] DEBUG c.e.m.BoardMapper.selectBoardList - ==>  Preparing: SELECT * FROM board ORDER BY created_at DESC LIMIT ? OFFSET ?(String)
2025-08-20 09:26:25.906 [schedulerFactoryBean_Worker-1] DEBUG c.e.mapper.LogOffsetMapper.insertLog - <==    Updates: 1
2025-08-20 09:26:25.907 [schedulerFactoryBean_Worker-1] DEBUG c.e.mapper.LogOffsetMapper.insertLog - ==>  Preparing: INSERT INTO swg_logs (log_time, level, message) VALUES (?, ?, ?)
2025-08-20 09:26:25.907 [schedulerFactoryBean_Worker-1] DEBUG c.e.mapper.LogOffsetMapper.insertLog - ==> Parameters: 2025-08-20 09:26:25.9078697(Timestamp), 14:34:23.044(String), [main] DEBUG c.e.m.BoardMapper.selectBoardList - ==> Parameters: 10(Integer), 0(Integer)(String)
2025-08-20 09:26:25.907 [schedulerFactoryBean_Worker-1] DEBUG c.e.mapper.LogOffsetMapper.insertLog - <==    Updates: 1
2025-08-20 09:26:25.908 [schedulerFactoryBean_Worker-1] DEBUG c.e.mapper.LogOffsetMapper.insertLog - ==>  Preparing: INSERT INTO swg_logs (log_time, level, message) VALUES (?, ?, ?)
2025-08-20 09:26:25.908 [schedulerFactoryBean_Worker-1] DEBUG c.e.mapper.LogOffsetMapper.insertLog - ==> Parameters: 2025-08-20 09:26:25.9088698(Timestamp), 14:34:23.054(String), [main] DEBUG c.e.m.BoardMapper.selectBoardList - <==      Total: 5(String)
2025-08-20 09:26:25.909 [schedulerFactoryBean_Worker-1] DEBUG c.e.mapper.LogOffsetMapper.insertLog - <==    Updates: 1
2025-08-20 09:26:25.910 [schedulerFactoryBean_Worker-1] DEBUG c.e.mapper.LogOffsetMapper.insertLog - ==>  Preparing: INSERT INTO swg_logs (log_time, level, message) VALUES (?, ?, ?)
2025-08-20 09:26:25.910 [schedulerFactoryBean_Worker-1] DEBUG c.e.mapper.LogOffsetMapper.insertLog - ==> Parameters: 2025-08-20 09:26:25.9108697(Timestamp), 14:34:23.055(String), [main] DEBUG c.e.m.C.selectCommentsByBoardId - ==>  Preparing: SELECT * FROM comment WHERE board_id = ? ORDER BY created_at ASC(String)
2025-08-20 09:26:25.910 [schedulerFactoryBean_Worker-1] DEBUG c.e.mapper.LogOffsetMapper.insertLog - <==    Updates: 1
2025-08-20 09:26:25.911 [schedulerFactoryBean_Worker-1] DEBUG c.e.mapper.LogOffsetMapper.insertLog - ==>  Preparing: INSERT INTO swg_logs (log_time, level, message) VALUES (?, ?, ?)
2025-08-20 09:26:25.911 [schedulerFactoryBean_Worker-1] DEBUG c.e.mapper.LogOffsetMapper.insertLog - ==> Parameters: 2025-08-20 09:26:25.9118698(Timestamp), 14:34:23.056(String), [main] DEBUG c.e.m.C.selectCommentsByBoardId - ==> Parameters: 8(Long)(String)
2025-08-20 09:26:25.912 [schedulerFactoryBean_Worker-1] DEBUG c.e.mapper.LogOffsetMapper.insertLog - <==    Updates: 1
2025-08-20 09:26:25.912 [schedulerFactoryBean_Worker-1] DEBUG c.e.mapper.LogOffsetMapper.insertLog - ==>  Preparing: INSERT INTO swg_logs (log_time, level, message) VALUES (?, ?, ?)
2025-08-20 09:26:25.912 [schedulerFactoryBean_Worker-1] DEBUG c.e.mapper.LogOffsetMapper.insertLog - ==> Parameters: 2025-08-20 09:26:25.9128694(Timestamp), 14:34:23.057(String), [main] DEBUG c.e.m.C.selectCommentsByBoardId - <==      Total: 0(String)
2025-08-20 09:26:25.913 [schedulerFactoryBean_Worker-1] DEBUG c.e.mapper.LogOffsetMapper.insertLog - <==    Updates: 1
2025-08-20 09:26:25.913 [schedulerFactoryBean_Worker-1] DEBUG c.e.mapper.LogOffsetMapper.insertLog - ==>  Preparing: INSERT INTO swg_logs (log_time, level, message) VALUES (?, ?, ?)
2025-08-20 09:26:25.913 [schedulerFactoryBean_Worker-1] DEBUG c.e.mapper.LogOffsetMapper.insertLog - ==> Parameters: 2025-08-20 09:26:25.9138699(Timestamp), 14:34:23.058(String), [main] DEBUG c.e.m.A.selectAttachmentsByBoardId - ==>  Preparing: SELECT * FROM attachment WHERE board_id = ?(String)
2025-08-20 09:26:25.914 [schedulerFactoryBean_Worker-1] DEBUG c.e.mapper.LogOffsetMapper.insertLog - <==    Updates: 1
2025-08-20 09:26:25.914 [schedulerFactoryBean_Worker-1] DEBUG c.e.mapper.LogOffsetMapper.insertLog - ==>  Preparing: INSERT INTO swg_logs (log_time, level, message) VALUES (?, ?, ?)
2025-08-20 09:26:25.914 [schedulerFactoryBean_Worker-1] DEBUG c.e.mapper.LogOffsetMapper.insertLog - ==> Parameters: 2025-08-20 09:26:25.9148692(Timestamp), 14:34:23.058(String), [main] DEBUG c.e.m.A.selectAttachmentsByBoardId - ==> Parameters: 8(Long)(String)
2025-08-20 09:26:25.914 [schedulerFactoryBean_Worker-1] DEBUG c.e.mapper.LogOffsetMapper.insertLog - <==    Updates: 1
2025-08-20 09:26:25.915 [schedulerFactoryBean_Worker-1] DEBUG c.e.mapper.LogOffsetMapper.insertLog - ==>  Preparing: INSERT INTO swg_logs (log_time, level, message) VALUES (?, ?, ?)
2025-08-20 09:26:25.915 [schedulerFactoryBean_Worker-1] DEBUG c.e.mapper.LogOffsetMapper.insertLog - ==> Parameters: 2025-08-20 09:26:25.9158693(Timestamp), 14:34:23.059(String), [main] DEBUG c.e.m.A.selectAttachmentsByBoardId - <==      Total: 1(String)
2025-08-20 09:26:25.915 [schedulerFactoryBean_Worker-1] DEBUG c.e.mapper.LogOffsetMapper.insertLog - <==    Updates: 1
2025-08-20 09:26:25.916 [schedulerFactoryBean_Worker-1] DEBUG c.e.mapper.LogOffsetMapper.insertLog - ==>  Preparing: INSERT INTO swg_logs (log_time, level, message) VALUES (?, ?, ?)
2025-08-20 09:26:25.916 [schedulerFactoryBean_Worker-1] DEBUG c.e.mapper.LogOffsetMapper.insertLog - ==> Parameters: 2025-08-20 09:26:25.9168702(Timestamp), 14:34:23.064(String), [main] DEBUG c.e.m.C.selectCommentsByBoardId - ==>  Preparing: SELECT * FROM comment WHERE board_id = ? ORDER BY created_at ASC(String)
2025-08-20 09:26:25.916 [schedulerFactoryBean_Worker-1] DEBUG c.e.mapper.LogOffsetMapper.insertLog - <==    Updates: 1
2025-08-20 09:26:25.917 [schedulerFactoryBean_Worker-1] DEBUG c.e.mapper.LogOffsetMapper.insertLog - ==>  Preparing: INSERT INTO swg_logs (log_time, level, message) VALUES (?, ?, ?)
2025-08-20 09:26:25.917 [schedulerFactoryBean_Worker-1] DEBUG c.e.mapper.LogOffsetMapper.insertLog - ==> Parameters: 2025-08-20 09:26:25.9178699(Timestamp), 14:34:23.065(String), [main] DEBUG c.e.m.C.selectCommentsByBoardId - ==> Parameters: 7(Long)(String)
2025-08-20 09:26:25.917 [schedulerFactoryBean_Worker-1] DEBUG c.e.mapper.LogOffsetMapper.insertLog - <==    Updates: 1
2025-08-20 09:26:25.917 [schedulerFactoryBean_Worker-1] DEBUG c.e.mapper.LogOffsetMapper.insertLog - ==>  Preparing: INSERT INTO swg_logs (log_time, level, message) VALUES (?, ?, ?)
2025-08-20 09:26:25.918 [schedulerFactoryBean_Worker-1] DEBUG c.e.mapper.LogOffsetMapper.insertLog - ==> Parameters: 2025-08-20 09:26:25.9178699(Timestamp), 14:34:23.065(String), [main] DEBUG c.e.m.C.selectCommentsByBoardId - <==      Total: 0(String)
2025-08-20 09:26:25.918 [schedulerFactoryBean_Worker-1] DEBUG c.e.mapper.LogOffsetMapper.insertLog - <==    Updates: 1
2025-08-20 09:26:25.918 [schedulerFactoryBean_Worker-1] DEBUG c.e.mapper.LogOffsetMapper.insertLog - ==>  Preparing: INSERT INTO swg_logs (log_time, level, message) VALUES (?, ?, ?)
2025-08-20 09:26:25.918 [schedulerFactoryBean_Worker-1] DEBUG c.e.mapper.LogOffsetMapper.insertLog - ==> Parameters: 2025-08-20 09:26:25.9188697(Timestamp), 14:34:23.065(String), [main] DEBUG c.e.m.A.selectAttachmentsByBoardId - ==>  Preparing: SELECT * FROM attachment WHERE board_id = ?(String)
2025-08-20 09:26:25.919 [schedulerFactoryBean_Worker-1] DEBUG c.e.mapper.LogOffsetMapper.insertLog - <==    Updates: 1
2025-08-20 09:26:25.919 [schedulerFactoryBean_Worker-1] DEBUG c.e.mapper.LogOffsetMapper.insertLog - ==>  Preparing: INSERT INTO swg_logs (log_time, level, message) VALUES (?, ?, ?)
2025-08-20 09:26:25.919 [schedulerFactoryBean_Worker-1] DEBUG c.e.mapper.LogOffsetMapper.insertLog - ==> Parameters: 2025-08-20 09:26:25.9198693(Timestamp), 14:34:23.067(String), [main] DEBUG c.e.m.A.selectAttachmentsByBoardId - ==> Parameters: 7(Long)(String)
2025-08-20 09:26:25.920 [schedulerFactoryBean_Worker-1] DEBUG c.e.mapper.LogOffsetMapper.insertLog - <==    Updates: 1
2025-08-20 09:26:25.921 [schedulerFactoryBean_Worker-1] DEBUG c.e.mapper.LogOffsetMapper.insertLog - ==>  Preparing: INSERT INTO swg_logs (log_time, level, message) VALUES (?, ?, ?)
2025-08-20 09:26:25.921 [schedulerFactoryBean_Worker-1] DEBUG c.e.mapper.LogOffsetMapper.insertLog - ==> Parameters: 2025-08-20 09:26:25.9208695(Timestamp), 14:34:23.067(String), [main] DEBUG c.e.m.A.selectAttachmentsByBoardId - <==      Total: 1(String)
2025-08-20 09:26:25.921 [schedulerFactoryBean_Worker-1] DEBUG c.e.mapper.LogOffsetMapper.insertLog - <==    Updates: 1
2025-08-20 09:26:25.922 [schedulerFactoryBean_Worker-1] DEBUG c.e.mapper.LogOffsetMapper.insertLog - ==>  Preparing: INSERT INTO swg_logs (log_time, level, message) VALUES (?, ?, ?)
2025-08-20 09:26:25.922 [schedulerFactoryBean_Worker-1] DEBUG c.e.mapper.LogOffsetMapper.insertLog - ==> Parameters: 2025-08-20 09:26:25.9228701(Timestamp), 14:34:23.068(String), [main] DEBUG c.e.m.C.selectCommentsByBoardId - ==>  Preparing: SELECT * FROM comment WHERE board_id = ? ORDER BY created_at ASC(String)
2025-08-20 09:26:25.923 [schedulerFactoryBean_Worker-1] DEBUG c.e.mapper.LogOffsetMapper.insertLog - <==    Updates: 1
2025-08-20 09:26:25.923 [schedulerFactoryBean_Worker-1] DEBUG c.e.mapper.LogOffsetMapper.insertLog - ==>  Preparing: INSERT INTO swg_logs (log_time, level, message) VALUES (?, ?, ?)
2025-08-20 09:26:25.923 [schedulerFactoryBean_Worker-1] DEBUG c.e.mapper.LogOffsetMapper.insertLog - ==> Parameters: 2025-08-20 09:26:25.9238696(Timestamp), 14:34:23.068(String), [main] DEBUG c.e.m.C.selectCommentsByBoardId - ==> Parameters: 6(Long)(String)
2025-08-20 09:26:25.924 [schedulerFactoryBean_Worker-1] DEBUG c.e.mapper.LogOffsetMapper.insertLog - <==    Updates: 1
2025-08-20 09:26:25.924 [schedulerFactoryBean_Worker-1] DEBUG c.e.mapper.LogOffsetMapper.insertLog - ==>  Preparing: INSERT INTO swg_logs (log_time, level, message) VALUES (?, ?, ?)
2025-08-20 09:26:25.924 [schedulerFactoryBean_Worker-1] DEBUG c.e.mapper.LogOffsetMapper.insertLog - ==> Parameters: 2025-08-20 09:26:25.9248696(Timestamp), 14:34:23.069(String), [main] DEBUG c.e.m.C.selectCommentsByBoardId - <==      Total: 0(String)
2025-08-20 09:26:25.924 [schedulerFactoryBean_Worker-1] DEBUG c.e.mapper.LogOffsetMapper.insertLog - <==    Updates: 1
2025-08-20 09:26:25.925 [schedulerFactoryBean_Worker-1] DEBUG c.e.mapper.LogOffsetMapper.insertLog - ==>  Preparing: INSERT INTO swg_logs (log_time, level, message) VALUES (?, ?, ?)
2025-08-20 09:26:25.925 [schedulerFactoryBean_Worker-1] DEBUG c.e.mapper.LogOffsetMapper.insertLog - ==> Parameters: 2025-08-20 09:26:25.9258695(Timestamp), 14:34:23.069(String), [main] DEBUG c.e.m.A.selectAttachmentsByBoardId - ==>  Preparing: SELECT * FROM attachment WHERE board_id = ?(String)
2025-08-20 09:26:25.926 [schedulerFactoryBean_Worker-1] DEBUG c.e.mapper.LogOffsetMapper.insertLog - <==    Updates: 1
2025-08-20 09:26:25.926 [schedulerFactoryBean_Worker-1] DEBUG c.e.mapper.LogOffsetMapper.insertLog - ==>  Preparing: INSERT INTO swg_logs (log_time, level, message) VALUES (?, ?, ?)
2025-08-20 09:26:25.926 [schedulerFactoryBean_Worker-1] DEBUG c.e.mapper.LogOffsetMapper.insertLog - ==> Parameters: 2025-08-20 09:26:25.9268695(Timestamp), 14:34:23.069(String), [main] DEBUG c.e.m.A.selectAttachmentsByBoardId - ==> Parameters: 6(Long)(String)
2025-08-20 09:26:25.926 [schedulerFactoryBean_Worker-1] DEBUG c.e.mapper.LogOffsetMapper.insertLog - <==    Updates: 1
2025-08-20 09:26:25.927 [schedulerFactoryBean_Worker-1] DEBUG c.e.mapper.LogOffsetMapper.insertLog - ==>  Preparing: INSERT INTO swg_logs (log_time, level, message) VALUES (?, ?, ?)
2025-08-20 09:26:25.927 [schedulerFactoryBean_Worker-1] DEBUG c.e.mapper.LogOffsetMapper.insertLog - ==> Parameters: 2025-08-20 09:26:25.9278694(Timestamp), 14:34:23.070(String), [main] DEBUG c.e.m.A.selectAttachmentsByBoardId - <==      Total: 1(String)
2025-08-20 09:26:25.927 [schedulerFactoryBean_Worker-1] DEBUG c.e.mapper.LogOffsetMapper.insertLog - <==    Updates: 1
2025-08-20 09:26:25.927 [schedulerFactoryBean_Worker-1] DEBUG c.e.mapper.LogOffsetMapper.insertLog - ==>  Preparing: INSERT INTO swg_logs (log_time, level, message) VALUES (?, ?, ?)
2025-08-20 09:26:25.927 [schedulerFactoryBean_Worker-1] DEBUG c.e.mapper.LogOffsetMapper.insertLog - ==> Parameters: 2025-08-20 09:26:25.9278694(Timestamp), 14:34:23.070(String), [main] DEBUG c.e.m.C.selectCommentsByBoardId - ==>  Preparing: SELECT * FROM comment WHERE board_id = ? ORDER BY created_at ASC(String)
2025-08-20 09:26:25.928 [schedulerFactoryBean_Worker-1] DEBUG c.e.mapper.LogOffsetMapper.insertLog - <==    Updates: 1
2025-08-20 09:26:25.928 [schedulerFactoryBean_Worker-1] DEBUG c.e.mapper.LogOffsetMapper.insertLog - ==>  Preparing: INSERT INTO swg_logs (log_time, level, message) VALUES (?, ?, ?)
2025-08-20 09:26:25.928 [schedulerFactoryBean_Worker-1] DEBUG c.e.mapper.LogOffsetMapper.insertLog - ==> Parameters: 2025-08-20 09:26:25.9288698(Timestamp), 14:34:23.070(String), [main] DEBUG c.e.m.C.selectCommentsByBoardId - ==> Parameters: 5(Long)(String)
2025-08-20 09:26:25.929 [schedulerFactoryBean_Worker-1] DEBUG c.e.mapper.LogOffsetMapper.insertLog - <==    Updates: 1
2025-08-20 09:26:25.929 [schedulerFactoryBean_Worker-1] DEBUG c.e.mapper.LogOffsetMapper.insertLog - ==>  Preparing: INSERT INTO swg_logs (log_time, level, message) VALUES (?, ?, ?)
2025-08-20 09:26:25.929 [schedulerFactoryBean_Worker-1] DEBUG c.e.mapper.LogOffsetMapper.insertLog - ==> Parameters: 2025-08-20 09:26:25.9298693(Timestamp), 14:34:23.071(String), [main] DEBUG c.e.m.C.selectCommentsByBoardId - <==      Total: 0(String)
2025-08-20 09:26:25.929 [schedulerFactoryBean_Worker-1] DEBUG c.e.mapper.LogOffsetMapper.insertLog - <==    Updates: 1
2025-08-20 09:26:25.930 [schedulerFactoryBean_Worker-1] DEBUG c.e.mapper.LogOffsetMapper.insertLog - ==>  Preparing: INSERT INTO swg_logs (log_time, level, message) VALUES (?, ?, ?)
2025-08-20 09:26:25.930 [schedulerFactoryBean_Worker-1] DEBUG c.e.mapper.LogOffsetMapper.insertLog - ==> Parameters: 2025-08-20 09:26:25.9308695(Timestamp), 14:34:23.071(String), [main] DEBUG c.e.m.A.selectAttachmentsByBoardId - ==>  Preparing: SELECT * FROM attachment WHERE board_id = ?(String)
2025-08-20 09:26:25.930 [schedulerFactoryBean_Worker-1] DEBUG c.e.mapper.LogOffsetMapper.insertLog - <==    Updates: 1
2025-08-20 09:26:25.930 [schedulerFactoryBean_Worker-1] DEBUG c.e.mapper.LogOffsetMapper.insertLog - ==>  Preparing: INSERT INTO swg_logs (log_time, level, message) VALUES (?, ?, ?)
2025-08-20 09:26:25.931 [schedulerFactoryBean_Worker-1] DEBUG c.e.mapper.LogOffsetMapper.insertLog - ==> Parameters: 2025-08-20 09:26:25.9308695(Timestamp), 14:34:23.071(String), [main] DEBUG c.e.m.A.selectAttachmentsByBoardId - ==> Parameters: 5(Long)(String)
2025-08-20 09:26:25.931 [schedulerFactoryBean_Worker-1] DEBUG c.e.mapper.LogOffsetMapper.insertLog - <==    Updates: 1
2025-08-20 09:26:25.931 [schedulerFactoryBean_Worker-1] DEBUG c.e.mapper.LogOffsetMapper.insertLog - ==>  Preparing: INSERT INTO swg_logs (log_time, level, message) VALUES (?, ?, ?)
2025-08-20 09:26:25.931 [schedulerFactoryBean_Worker-1] DEBUG c.e.mapper.LogOffsetMapper.insertLog - ==> Parameters: 2025-08-20 09:26:25.9318695(Timestamp), 14:34:23.072(String), [main] DEBUG c.e.m.A.selectAttachmentsByBoardId - <==      Total: 1(String)
2025-08-20 09:26:25.932 [schedulerFactoryBean_Worker-1] DEBUG c.e.mapper.LogOffsetMapper.insertLog - <==    Updates: 1
2025-08-20 09:26:25.932 [schedulerFactoryBean_Worker-1] DEBUG c.e.mapper.LogOffsetMapper.insertLog - ==>  Preparing: INSERT INTO swg_logs (log_time, level, message) VALUES (?, ?, ?)
2025-08-20 09:26:25.932 [schedulerFactoryBean_Worker-1] DEBUG c.e.mapper.LogOffsetMapper.insertLog - ==> Parameters: 2025-08-20 09:26:25.9328697(Timestamp), 14:34:23.072(String), [main] DEBUG c.e.m.C.selectCommentsByBoardId - ==>  Preparing: SELECT * FROM comment WHERE board_id = ? ORDER BY created_at ASC(String)
2025-08-20 09:26:25.932 [schedulerFactoryBean_Worker-1] DEBUG c.e.mapper.LogOffsetMapper.insertLog - <==    Updates: 1
2025-08-20 09:26:25.933 [schedulerFactoryBean_Worker-1] DEBUG c.e.mapper.LogOffsetMapper.insertLog - ==>  Preparing: INSERT INTO swg_logs (log_time, level, message) VALUES (?, ?, ?)
2025-08-20 09:26:25.933 [schedulerFactoryBean_Worker-1] DEBUG c.e.mapper.LogOffsetMapper.insertLog - ==> Parameters: 2025-08-20 09:26:25.9338716(Timestamp), 14:34:23.072(String), [main] DEBUG c.e.m.C.selectCommentsByBoardId - ==> Parameters: 4(Long)(String)
2025-08-20 09:26:25.933 [schedulerFactoryBean_Worker-1] DEBUG c.e.mapper.LogOffsetMapper.insertLog - <==    Updates: 1
2025-08-20 09:26:25.933 [schedulerFactoryBean_Worker-1] DEBUG c.e.mapper.LogOffsetMapper.insertLog - ==>  Preparing: INSERT INTO swg_logs (log_time, level, message) VALUES (?, ?, ?)
2025-08-20 09:26:25.934 [schedulerFactoryBean_Worker-1] DEBUG c.e.mapper.LogOffsetMapper.insertLog - ==> Parameters: 2025-08-20 09:26:25.9338716(Timestamp), 14:34:23.073(String), [main] DEBUG c.e.m.C.selectCommentsByBoardId - <==      Total: 4(String)
2025-08-20 09:26:25.934 [schedulerFactoryBean_Worker-1] DEBUG c.e.mapper.LogOffsetMapper.insertLog - <==    Updates: 1
2025-08-20 09:26:25.935 [schedulerFactoryBean_Worker-1] DEBUG c.e.mapper.LogOffsetMapper.insertLog - ==>  Preparing: INSERT INTO swg_logs (log_time, level, message) VALUES (?, ?, ?)
2025-08-20 09:26:25.935 [schedulerFactoryBean_Worker-1] DEBUG c.e.mapper.LogOffsetMapper.insertLog - ==> Parameters: 2025-08-20 09:26:25.9348713(Timestamp), 14:34:23.074(String), [main] DEBUG c.e.m.A.selectAttachmentsByBoardId - ==>  Preparing: SELECT * FROM attachment WHERE board_id = ?(String)
2025-08-20 09:26:25.935 [schedulerFactoryBean_Worker-1] DEBUG c.e.mapper.LogOffsetMapper.insertLog - <==    Updates: 1
2025-08-20 09:26:25.935 [schedulerFactoryBean_Worker-1] DEBUG c.e.mapper.LogOffsetMapper.insertLog - ==>  Preparing: INSERT INTO swg_logs (log_time, level, message) VALUES (?, ?, ?)
2025-08-20 09:26:25.935 [schedulerFactoryBean_Worker-1] DEBUG c.e.mapper.LogOffsetMapper.insertLog - ==> Parameters: 2025-08-20 09:26:25.9358717(Timestamp), 14:34:23.074(String), [main] DEBUG c.e.m.A.selectAttachmentsByBoardId - ==> Parameters: 4(Long)(String)
2025-08-20 09:26:25.936 [schedulerFactoryBean_Worker-1] DEBUG c.e.mapper.LogOffsetMapper.insertLog - <==    Updates: 1
2025-08-20 09:26:25.936 [schedulerFactoryBean_Worker-1] DEBUG c.e.mapper.LogOffsetMapper.insertLog - ==>  Preparing: INSERT INTO swg_logs (log_time, level, message) VALUES (?, ?, ?)
2025-08-20 09:26:25.936 [schedulerFactoryBean_Worker-1] DEBUG c.e.mapper.LogOffsetMapper.insertLog - ==> Parameters: 2025-08-20 09:26:25.9368719(Timestamp), 14:34:23.075(String), [main] DEBUG c.e.m.A.selectAttachmentsByBoardId - <==      Total: 1(String)
2025-08-20 09:26:25.936 [schedulerFactoryBean_Worker-1] DEBUG c.e.mapper.LogOffsetMapper.insertLog - <==    Updates: 1
2025-08-20 09:26:25.937 [schedulerFactoryBean_Worker-1] DEBUG c.e.mapper.LogOffsetMapper.insertLog - ==>  Preparing: INSERT INTO swg_logs (log_time, level, message) VALUES (?, ?, ?)
2025-08-20 09:26:25.937 [schedulerFactoryBean_Worker-1] DEBUG c.e.mapper.LogOffsetMapper.insertLog - ==> Parameters: 2025-08-20 09:26:25.9378713(Timestamp), 14:34:23.084(String), [main] DEBUG c.e.mapper.BoardMapper.insertBoard - ==>  Preparing: INSERT INTO board (post_type, title, content, writer, created_at, updated_at) VALUES (?, ?, ?, ?, NOW(), NOW())(String)
2025-08-20 09:26:25.937 [schedulerFactoryBean_Worker-1] DEBUG c.e.mapper.LogOffsetMapper.insertLog - <==    Updates: 1
2025-08-20 09:26:25.938 [schedulerFactoryBean_Worker-1] DEBUG c.e.mapper.LogOffsetMapper.insertLog - ==>  Preparing: INSERT INTO swg_logs (log_time, level, message) VALUES (?, ?, ?)
2025-08-20 09:26:25.938 [schedulerFactoryBean_Worker-1] DEBUG c.e.mapper.LogOffsetMapper.insertLog - ==> Parameters: 2025-08-20 09:26:25.9388716(Timestamp), 14:34:23.085(String), [main] DEBUG c.e.mapper.BoardMapper.insertBoard - ==> Parameters: QNA(String), 테스트 제목입니다.(String), 냉무(String), 1(Long)(String)
2025-08-20 09:26:25.938 [schedulerFactoryBean_Worker-1] DEBUG c.e.mapper.LogOffsetMapper.insertLog - <==    Updates: 1
2025-08-20 09:26:25.939 [schedulerFactoryBean_Worker-1] DEBUG c.e.mapper.LogOffsetMapper.insertLog - ==>  Preparing: INSERT INTO swg_logs (log_time, level, message) VALUES (?, ?, ?)
2025-08-20 09:26:25.939 [schedulerFactoryBean_Worker-1] DEBUG c.e.mapper.LogOffsetMapper.insertLog - ==> Parameters: 2025-08-20 09:26:25.9398714(Timestamp), 14:34:23.086(String), [main] DEBUG c.e.mapper.BoardMapper.insertBoard - <==    Updates: 1(String)
2025-08-20 09:26:25.939 [schedulerFactoryBean_Worker-1] DEBUG c.e.mapper.LogOffsetMapper.insertLog - <==    Updates: 1
2025-08-20 09:26:25.940 [schedulerFactoryBean_Worker-1] DEBUG c.e.mapper.LogOffsetMapper.insertLog - ==>  Preparing: INSERT INTO swg_logs (log_time, level, message) VALUES (?, ?, ?)
2025-08-20 09:26:25.940 [schedulerFactoryBean_Worker-1] DEBUG c.e.mapper.LogOffsetMapper.insertLog - ==> Parameters: 2025-08-20 09:26:25.9408715(Timestamp), 14:34:23.089(String), [main] DEBUG c.e.m.A.insertAttachment - ==>  Preparing: INSERT INTO attachment (board_id, original_name, saved_name, file_path, file_size, uploaded_at) VALUES (?, ?, ?, ?, ?, NOW())(String)
2025-08-20 09:26:25.940 [schedulerFactoryBean_Worker-1] DEBUG c.e.mapper.LogOffsetMapper.insertLog - <==    Updates: 1
2025-08-20 09:26:25.941 [schedulerFactoryBean_Worker-1] DEBUG c.e.mapper.LogOffsetMapper.insertLog - ==>  Preparing: INSERT INTO swg_logs (log_time, level, message) VALUES (?, ?, ?)
2025-08-20 09:26:25.941 [schedulerFactoryBean_Worker-1] DEBUG c.e.mapper.LogOffsetMapper.insertLog - ==> Parameters: 2025-08-20 09:26:25.9418713(Timestamp), 14:34:23.090(String), [main] DEBUG c.e.m.A.insertAttachment - ==> Parameters: 9(Long), test.txt(String), 4db65e1c-0579-4861-906a-7f72d8c5ea28_test.txt(String), C:\upload\files\4db65e1c-0579-4861-906a-7f72d8c5ea28_test.txt(String), 33(Long)(String)
2025-08-20 09:26:25.941 [schedulerFactoryBean_Worker-1] DEBUG c.e.mapper.LogOffsetMapper.insertLog - <==    Updates: 1
2025-08-20 09:26:25.941 [schedulerFactoryBean_Worker-1] DEBUG c.e.mapper.LogOffsetMapper.insertLog - ==>  Preparing: INSERT INTO swg_logs (log_time, level, message) VALUES (?, ?, ?)
2025-08-20 09:26:25.941 [schedulerFactoryBean_Worker-1] DEBUG c.e.mapper.LogOffsetMapper.insertLog - ==> Parameters: 2025-08-20 09:26:25.9418713(Timestamp), 14:34:23.090(String), [main] DEBUG c.e.m.A.insertAttachment - <==    Updates: 1(String)
2025-08-20 09:26:25.942 [schedulerFactoryBean_Worker-1] DEBUG c.e.mapper.LogOffsetMapper.insertLog - <==    Updates: 1
2025-08-20 09:26:25.942 [schedulerFactoryBean_Worker-1] DEBUG c.e.mapper.LogOffsetMapper.insertLog - ==>  Preparing: INSERT INTO swg_logs (log_time, level, message) VALUES (?, ?, ?)
2025-08-20 09:26:25.942 [schedulerFactoryBean_Worker-1] DEBUG c.e.mapper.LogOffsetMapper.insertLog - ==> Parameters: 2025-08-20 09:26:25.9428715(Timestamp), 14:34:23.095(String), [main] DEBUG c.e.m.BoardMapper.selectBoardById - ==>  Preparing: SELECT * FROM board WHERE id = ?(String)
2025-08-20 09:26:25.942 [schedulerFactoryBean_Worker-1] DEBUG c.e.mapper.LogOffsetMapper.insertLog - <==    Updates: 1
2025-08-20 09:26:25.943 [schedulerFactoryBean_Worker-1] DEBUG c.e.mapper.LogOffsetMapper.insertLog - ==>  Preparing: INSERT INTO swg_logs (log_time, level, message) VALUES (?, ?, ?)
2025-08-20 09:26:25.943 [schedulerFactoryBean_Worker-1] DEBUG c.e.mapper.LogOffsetMapper.insertLog - ==> Parameters: 2025-08-20 09:26:25.9438717(Timestamp), 14:34:23.095(String), [main] DEBUG c.e.m.BoardMapper.selectBoardById - ==> Parameters: 4(Long)(String)
2025-08-20 09:26:25.943 [schedulerFactoryBean_Worker-1] DEBUG c.e.mapper.LogOffsetMapper.insertLog - <==    Updates: 1
2025-08-20 09:26:25.944 [schedulerFactoryBean_Worker-1] DEBUG c.e.mapper.LogOffsetMapper.insertLog - ==>  Preparing: INSERT INTO swg_logs (log_time, level, message) VALUES (?, ?, ?)
2025-08-20 09:26:25.944 [schedulerFactoryBean_Worker-1] DEBUG c.e.mapper.LogOffsetMapper.insertLog - ==> Parameters: 2025-08-20 09:26:25.9448717(Timestamp), 14:34:23.096(String), [main] DEBUG c.e.m.BoardMapper.selectBoardById - <==      Total: 1(String)
2025-08-20 09:26:25.944 [schedulerFactoryBean_Worker-1] DEBUG c.e.mapper.LogOffsetMapper.insertLog - <==    Updates: 1
2025-08-20 09:26:25.944 [schedulerFactoryBean_Worker-1] DEBUG c.e.mapper.LogOffsetMapper.insertLog - ==>  Preparing: INSERT INTO swg_logs (log_time, level, message) VALUES (?, ?, ?)
2025-08-20 09:26:25.944 [schedulerFactoryBean_Worker-1] DEBUG c.e.mapper.LogOffsetMapper.insertLog - ==> Parameters: 2025-08-20 09:26:25.9448717(Timestamp), 14:34:23.103(String), [SpringApplicationShutdownHook] INFO  o.s.s.quartz.SchedulerFactoryBean - Shutting down Quartz Scheduler(String)
2025-08-20 09:26:25.945 [schedulerFactoryBean_Worker-1] DEBUG c.e.mapper.LogOffsetMapper.insertLog - <==    Updates: 1
2025-08-20 09:26:25.945 [schedulerFactoryBean_Worker-1] DEBUG c.e.mapper.LogOffsetMapper.insertLog - ==>  Preparing: INSERT INTO swg_logs (log_time, level, message) VALUES (?, ?, ?)
2025-08-20 09:26:25.945 [schedulerFactoryBean_Worker-1] DEBUG c.e.mapper.LogOffsetMapper.insertLog - ==> Parameters: 2025-08-20 09:26:25.9458712(Timestamp), 14:34:23.104(String), [SpringApplicationShutdownHook] INFO  com.zaxxer.hikari.HikariDataSource - HikariPool-1 - Shutdown initiated...(String)
2025-08-20 09:26:25.946 [schedulerFactoryBean_Worker-1] DEBUG c.e.mapper.LogOffsetMapper.insertLog - <==    Updates: 1
2025-08-20 09:26:25.946 [schedulerFactoryBean_Worker-1] DEBUG c.e.mapper.LogOffsetMapper.insertLog - ==>  Preparing: INSERT INTO swg_logs (log_time, level, message) VALUES (?, ?, ?)
2025-08-20 09:26:25.946 [schedulerFactoryBean_Worker-1] DEBUG c.e.mapper.LogOffsetMapper.insertLog - ==> Parameters: 2025-08-20 09:26:25.9468715(Timestamp), 14:34:23.109(String), [SpringApplicationShutdownHook] INFO  com.zaxxer.hikari.HikariDataSource - HikariPool-1 - Shutdown completed.(String)
2025-08-20 09:26:25.946 [schedulerFactoryBean_Worker-1] DEBUG c.e.mapper.LogOffsetMapper.insertLog - <==    Updates: 1
2025-08-20 09:26:25.947 [schedulerFactoryBean_Worker-1] DEBUG c.e.mapper.LogOffsetMapper.insertLog - ==>  Preparing: INSERT INTO swg_logs (log_time, level, message) VALUES (?, ?, ?)
2025-08-20 09:26:25.947 [schedulerFactoryBean_Worker-1] DEBUG c.e.mapper.LogOffsetMapper.insertLog - ==> Parameters: 2025-08-20 09:26:25.9478715(Timestamp), 14:34:23.109(String), [SpringApplicationShutdownHook] INFO  새로운라인임1(String)
2025-08-20 09:26:25.947 [schedulerFactoryBean_Worker-1] DEBUG c.e.mapper.LogOffsetMapper.insertLog - <==    Updates: 1
2025-08-20 09:26:25.948 [schedulerFactoryBean_Worker-1] DEBUG c.e.mapper.LogOffsetMapper.insertLog - ==>  Preparing: INSERT INTO swg_logs (log_time, level, message) VALUES (?, ?, ?)
2025-08-20 09:26:25.948 [schedulerFactoryBean_Worker-1] DEBUG c.e.mapper.LogOffsetMapper.insertLog - ==> Parameters: 2025-08-20 09:26:25.9484153(Timestamp), 14:34:23.109(String), [SpringApplicationShutdownHook] INFO  새로운라인임2(String)
2025-08-20 09:26:25.948 [schedulerFactoryBean_Worker-1] DEBUG c.e.mapper.LogOffsetMapper.insertLog - <==    Updates: 1
2025-08-20 09:26:25.948 [schedulerFactoryBean_Worker-1] DEBUG c.e.mapper.LogOffsetMapper.insertLog - ==>  Preparing: INSERT INTO swg_logs (log_time, level, message) VALUES (?, ?, ?)
2025-08-20 09:26:25.948 [schedulerFactoryBean_Worker-1] DEBUG c.e.mapper.LogOffsetMapper.insertLog - ==> Parameters: 2025-08-20 09:26:25.9489288(Timestamp), 14:34:23.109(String), [SpringApplicationShutdownHook] INFO  새로운라인임3(String)
2025-08-20 09:26:25.948 [schedulerFactoryBean_Worker-1] DEBUG c.e.mapper.LogOffsetMapper.insertLog - <==    Updates: 1
2025-08-20 09:26:26.803 [main] DEBUG c.e.mapper.LogOffsetMapper.insertLog - ==>  Preparing: INSERT INTO swg_logs (log_time, level, message) VALUES (?, ?, ?)
2025-08-20 09:26:26.807 [main] DEBUG c.e.mapper.LogOffsetMapper.insertLog - ==> Parameters: 2025-08-20 09:26:26.803904(Timestamp), 14:33:43.910(String), [main] INFO  c.example.service.BoardServiceTest - Starting BoardServiceTest using Java 17.0.3 with PID 30300 (started by lshan in C:\Users\lshan\git\base-project\demo-1)(String)
2025-08-20 09:26:26.809 [main] DEBUG c.e.mapper.LogOffsetMapper.insertLog - <==    Updates: 1
2025-08-20 09:26:26.810 [main] DEBUG c.e.m.L.updateLogOffset - ==>  Preparing: UPDATE log_offset SET position = ? , last_modified = ? , updated_at=NOW() WHERE file_name = ?
2025-08-20 09:26:26.811 [main] DEBUG c.e.m.L.updateLogOffset - ==> Parameters: 13193(Long), 1755648651378(Long), C:/work/application.log(String)
2025-08-20 09:26:26.812 [main] DEBUG c.e.m.L.updateLogOffset - <==    Updates: 1
2025-08-20 09:26:26.831 [SpringApplicationShutdownHook] INFO  o.s.s.quartz.SchedulerFactoryBean - Shutting down Quartz Scheduler
2025-08-20 09:26:26.832 [SpringApplicationShutdownHook] INFO  com.zaxxer.hikari.HikariDataSource - HikariPool-1 - Shutdown initiated...
2025-08-20 09:26:26.839 [SpringApplicationShutdownHook] INFO  com.zaxxer.hikari.HikariDataSource - HikariPool-1 - Shutdown completed.
2025-08-20 09:27:08.506 [background-preinit] INFO  o.h.validator.internal.util.Version - HV000001: Hibernate Validator 8.0.2.Final
2025-08-20 09:27:08.538 [main] INFO  c.example.service.LogCopyServiceTest - Starting LogCopyServiceTest using Java 17.0.3 with PID 37552 (started by lshan in C:\Users\lshan\git\base-project\demo-1)
2025-08-20 09:27:08.539 [main] DEBUG c.example.service.LogCopyServiceTest - Running with Spring Boot v3.4.4, Spring v6.2.5
2025-08-20 09:27:08.539 [main] INFO  c.example.service.LogCopyServiceTest - No active profile set, falling back to 1 default profile: "default"
2025-08-20 09:27:09.618 [main] INFO  com.zaxxer.hikari.HikariDataSource - HikariPool-1 - Starting...
2025-08-20 09:27:09.773 [main] INFO  com.zaxxer.hikari.pool.HikariPool - HikariPool-1 - Added connection com.mysql.cj.jdbc.ConnectionImpl@33bdd01
2025-08-20 09:27:09.775 [main] INFO  com.zaxxer.hikari.HikariDataSource - HikariPool-1 - Start completed.
2025-08-20 09:27:10.576 [main] INFO  o.s.s.c.a.a.c.InitializeUserDetailsBeanManagerConfigurer$InitializeUserDetailsManagerConfigurer - Global AuthenticationManager configured with UserDetailsService bean with name userDetailsServiceImpl
2025-08-20 09:27:10.825 [main] INFO  o.s.s.quartz.LocalDataSourceJobStore - Using db table-based data access locking (synchronization).
2025-08-20 09:27:10.827 [main] INFO  o.s.s.quartz.LocalDataSourceJobStore - JobStoreCMT initialized.
2025-08-20 09:27:11.619 [main] INFO  o.s.s.quartz.SchedulerFactoryBean - Starting Quartz Scheduler now
2025-08-20 09:27:11.622 [main] INFO  o.s.s.quartz.LocalDataSourceJobStore - Freed 0 triggers from 'acquired' / 'blocked' state.
2025-08-20 09:27:11.624 [main] INFO  o.s.s.quartz.LocalDataSourceJobStore - Recovering 0 jobs that were in-progress at the time of the last shut-down.
2025-08-20 09:27:11.624 [main] INFO  o.s.s.quartz.LocalDataSourceJobStore - Recovery complete.
2025-08-20 09:27:11.624 [main] INFO  o.s.s.quartz.LocalDataSourceJobStore - Removed 0 'complete' triggers.
2025-08-20 09:27:11.625 [main] INFO  o.s.s.quartz.LocalDataSourceJobStore - Removed 0 stale fired job entries.
2025-08-20 09:27:11.640 [main] INFO  c.example.service.LogCopyServiceTest - Started LogCopyServiceTest in 3.398 seconds (process running for 4.213)
2025-08-20 09:27:11.657 [main] DEBUG c.e.mapper.UserMapper.findByUserId - ==>  Preparing: SELECT id , user_id , password , user_name , refresh_token FROM users WHERE user_id = ?
2025-08-20 09:27:11.666 [main] DEBUG c.e.mapper.UserMapper.findByUserId - ==> Parameters: user123(String)
2025-08-20 09:27:11.677 [main] DEBUG c.e.mapper.UserMapper.findByUserId - <==      Total: 1
2025-08-20 09:27:11.679 [main] DEBUG c.e.mapper.UserMapper.findByUserId - ==>  Preparing: SELECT id , user_id , password , user_name , refresh_token FROM users WHERE user_id = ?
2025-08-20 09:27:11.680 [main] DEBUG c.e.mapper.UserMapper.findByUserId - ==> Parameters: admin123(String)
2025-08-20 09:27:11.681 [main] DEBUG c.e.mapper.UserMapper.findByUserId - <==      Total: 1
2025-08-20 09:27:14.104 [main] DEBUG c.e.m.LogOffsetMapper.findByFileName - ==>  Preparing: SELECT file_name , position , last_modified FROM log_offset WHERE file_name = ?
2025-08-20 09:27:14.104 [main] DEBUG c.e.m.LogOffsetMapper.findByFileName - ==> Parameters: C:/work/application.log(String)
2025-08-20 09:27:14.106 [main] DEBUG c.e.m.LogOffsetMapper.findByFileName - <==      Total: 0
2025-08-20 09:27:14.114 [main] DEBUG c.e.mapper.LogOffsetMapper.insertLog - ==>  Preparing: INSERT INTO swg_logs (log_time, level, message) VALUES (?, ?, ?)
2025-08-20 09:27:14.115 [main] DEBUG c.e.mapper.LogOffsetMapper.insertLog - ==> Parameters: 2025-08-20 09:27:14.1138257(Timestamp), 14:33:43.877(String), [background-preinit] INFO  o.h.validator.internal.util.Version - HV000001: Hibernate Validator 8.0.2.Final 한글이있어요(String)
2025-08-20 09:27:14.118 [main] DEBUG c.e.mapper.LogOffsetMapper.insertLog - <==    Updates: 1
2025-08-20 09:27:14.120 [main] DEBUG c.e.mapper.LogOffsetMapper.insertLog - ==>  Preparing: INSERT INTO swg_logs (log_time, level, message) VALUES (?, ?, ?)
2025-08-20 09:27:14.120 [main] DEBUG c.e.mapper.LogOffsetMapper.insertLog - ==> Parameters: 2025-08-20 09:27:14.1208259(Timestamp), 14:33:43.910(String), [main] INFO  c.example.service.BoardServiceTest - Starting BoardServiceTest using Java 17.0.3 with PID 30300 (started by lshan in C:\Users\lshan\git\base-project\demo-1)(String)
2025-08-20 09:27:14.121 [main] DEBUG c.e.mapper.LogOffsetMapper.insertLog - <==    Updates: 1
2025-08-20 09:27:14.122 [main] DEBUG c.e.mapper.LogOffsetMapper.insertLog - ==>  Preparing: INSERT INTO swg_logs (log_time, level, message) VALUES (?, ?, ?)
2025-08-20 09:27:14.122 [main] DEBUG c.e.mapper.LogOffsetMapper.insertLog - ==> Parameters: 2025-08-20 09:27:14.1223143(Timestamp), 14:33:43.910(String), [main] DEBUG c.example.service.BoardServiceTest - Running with Spring Boot v3.4.4, Spring v6.2.5(String)
2025-08-20 09:27:14.122 [main] DEBUG c.e.mapper.LogOffsetMapper.insertLog - <==    Updates: 1
2025-08-20 09:27:14.123 [main] DEBUG c.e.mapper.LogOffsetMapper.insertLog - ==>  Preparing: INSERT INTO swg_logs (log_time, level, message) VALUES (?, ?, ?)
2025-08-20 09:27:14.123 [main] DEBUG c.e.mapper.LogOffsetMapper.insertLog - ==> Parameters: 2025-08-20 09:27:14.1233165(Timestamp), 14:33:43.911(String), [main] INFO  c.example.service.BoardServiceTest - No active profile set, falling back to 1 default profile: "default"(String)
2025-08-20 09:27:14.123 [main] DEBUG c.e.mapper.LogOffsetMapper.insertLog - <==    Updates: 1
2025-08-20 09:27:14.124 [main] DEBUG c.e.mapper.LogOffsetMapper.insertLog - ==>  Preparing: INSERT INTO swg_logs (log_time, level, message) VALUES (?, ?, ?)
2025-08-20 09:27:14.124 [main] DEBUG c.e.mapper.LogOffsetMapper.insertLog - ==> Parameters: 2025-08-20 09:27:14.1243162(Timestamp), 14:33:44.831(String), [main] INFO  com.zaxxer.hikari.HikariDataSource - HikariPool-1 - Starting...(String)
2025-08-20 09:27:14.124 [main] DEBUG c.e.mapper.LogOffsetMapper.insertLog - <==    Updates: 1
2025-08-20 09:27:14.125 [main] DEBUG c.e.mapper.LogOffsetMapper.insertLog - ==>  Preparing: INSERT INTO swg_logs (log_time, level, message) VALUES (?, ?, ?)
2025-08-20 09:27:14.125 [main] DEBUG c.e.mapper.LogOffsetMapper.insertLog - ==> Parameters: 2025-08-20 09:27:14.1253167(Timestamp), 14:33:44.962(String), [main] INFO  com.zaxxer.hikari.pool.HikariPool - HikariPool-1 - Added connection com.mysql.cj.jdbc.ConnectionImpl@251a90ce(String)
2025-08-20 09:27:14.126 [main] DEBUG c.e.mapper.LogOffsetMapper.insertLog - <==    Updates: 1
2025-08-20 09:27:14.126 [main] DEBUG c.e.mapper.LogOffsetMapper.insertLog - ==>  Preparing: INSERT INTO swg_logs (log_time, level, message) VALUES (?, ?, ?)
2025-08-20 09:27:14.127 [main] DEBUG c.e.mapper.LogOffsetMapper.insertLog - ==> Parameters: 2025-08-20 09:27:14.1263194(Timestamp), 14:33:44.964(String), [main] INFO  com.zaxxer.hikari.HikariDataSource - HikariPool-1 - Start completed.(String)
2025-08-20 09:27:14.127 [main] DEBUG c.e.mapper.LogOffsetMapper.insertLog - <==    Updates: 1
2025-08-20 09:27:14.128 [main] DEBUG c.e.mapper.LogOffsetMapper.insertLog - ==>  Preparing: INSERT INTO swg_logs (log_time, level, message) VALUES (?, ?, ?)
2025-08-20 09:27:14.128 [main] DEBUG c.e.mapper.LogOffsetMapper.insertLog - ==> Parameters: 2025-08-20 09:27:14.1283165(Timestamp), 14:33:45.795(String), [main] INFO  o.s.s.c.a.a.c.InitializeUserDetailsBeanManagerConfigurer$InitializeUserDetailsManagerConfigurer - Global AuthenticationManager configured with UserDetailsService bean with name userDetailsServiceImpl(String)
2025-08-20 09:27:14.128 [main] DEBUG c.e.mapper.LogOffsetMapper.insertLog - <==    Updates: 1
2025-08-20 09:27:14.128 [main] DEBUG c.e.mapper.LogOffsetMapper.insertLog - ==>  Preparing: INSERT INTO swg_logs (log_time, level, message) VALUES (?, ?, ?)
2025-08-20 09:27:14.129 [main] DEBUG c.e.mapper.LogOffsetMapper.insertLog - ==> Parameters: 2025-08-20 09:27:14.1283165(Timestamp), 14:33:46.065(String), [main] INFO  o.s.s.quartz.LocalDataSourceJobStore - Using db table-based data access locking (synchronization).(String)
2025-08-20 09:27:14.129 [main] DEBUG c.e.mapper.LogOffsetMapper.insertLog - <==    Updates: 1
2025-08-20 09:27:14.129 [main] DEBUG c.e.mapper.LogOffsetMapper.insertLog - ==>  Preparing: INSERT INTO swg_logs (log_time, level, message) VALUES (?, ?, ?)
2025-08-20 09:27:14.129 [main] DEBUG c.e.mapper.LogOffsetMapper.insertLog - ==> Parameters: 2025-08-20 09:27:14.1295402(Timestamp), 14:33:46.069(String), [main] INFO  o.s.s.quartz.LocalDataSourceJobStore - JobStoreCMT initialized.(String)
2025-08-20 09:27:14.130 [main] DEBUG c.e.mapper.LogOffsetMapper.insertLog - <==    Updates: 1
2025-08-20 09:27:14.130 [main] DEBUG c.e.mapper.LogOffsetMapper.insertLog - ==>  Preparing: INSERT INTO swg_logs (log_time, level, message) VALUES (?, ?, ?)
2025-08-20 09:27:14.130 [main] DEBUG c.e.mapper.LogOffsetMapper.insertLog - ==> Parameters: 2025-08-20 09:27:14.1305416(Timestamp), 14:33:46.787(String), [main] INFO  o.s.s.quartz.SchedulerFactoryBean - Starting Quartz Scheduler now(String)
2025-08-20 09:27:14.131 [main] DEBUG c.e.mapper.LogOffsetMapper.insertLog - <==    Updates: 1
2025-08-20 09:27:14.132 [main] DEBUG c.e.mapper.LogOffsetMapper.insertLog - ==>  Preparing: INSERT INTO swg_logs (log_time, level, message) VALUES (?, ?, ?)
2025-08-20 09:27:14.132 [main] DEBUG c.e.mapper.LogOffsetMapper.insertLog - ==> Parameters: 2025-08-20 09:27:14.1325416(Timestamp), 14:33:46.789(String), [main] INFO  o.s.s.quartz.LocalDataSourceJobStore - Freed 0 triggers from 'acquired' / 'blocked' state.(String)
2025-08-20 09:27:14.132 [main] DEBUG c.e.mapper.LogOffsetMapper.insertLog - <==    Updates: 1
2025-08-20 09:27:14.133 [main] DEBUG c.e.mapper.LogOffsetMapper.insertLog - ==>  Preparing: INSERT INTO swg_logs (log_time, level, message) VALUES (?, ?, ?)
2025-08-20 09:27:14.133 [main] DEBUG c.e.mapper.LogOffsetMapper.insertLog - ==> Parameters: 2025-08-20 09:27:14.1335433(Timestamp), 14:33:46.791(String), [main] INFO  o.s.s.quartz.LocalDataSourceJobStore - Recovering 0 jobs that were in-progress at the time of the last shut-down.(String)
2025-08-20 09:27:14.134 [main] DEBUG c.e.mapper.LogOffsetMapper.insertLog - <==    Updates: 1
2025-08-20 09:27:14.134 [main] DEBUG c.e.mapper.LogOffsetMapper.insertLog - ==>  Preparing: INSERT INTO swg_logs (log_time, level, message) VALUES (?, ?, ?)
2025-08-20 09:27:14.134 [main] DEBUG c.e.mapper.LogOffsetMapper.insertLog - ==> Parameters: 2025-08-20 09:27:14.1345427(Timestamp), 14:33:46.791(String), [main] INFO  o.s.s.quartz.LocalDataSourceJobStore - Recovery complete.(String)
2025-08-20 09:27:14.135 [main] DEBUG c.e.mapper.LogOffsetMapper.insertLog - <==    Updates: 1
2025-08-20 09:27:14.135 [main] DEBUG c.e.mapper.LogOffsetMapper.insertLog - ==>  Preparing: INSERT INTO swg_logs (log_time, level, message) VALUES (?, ?, ?)
2025-08-20 09:27:14.136 [main] DEBUG c.e.mapper.LogOffsetMapper.insertLog - ==> Parameters: 2025-08-20 09:27:14.1355429(Timestamp), 14:33:46.792(String), [main] INFO  o.s.s.quartz.LocalDataSourceJobStore - Removed 0 'complete' triggers.(String)
2025-08-20 09:27:14.136 [main] DEBUG c.e.mapper.LogOffsetMapper.insertLog - <==    Updates: 1
2025-08-20 09:27:14.137 [main] DEBUG c.e.mapper.LogOffsetMapper.insertLog - ==>  Preparing: INSERT INTO swg_logs (log_time, level, message) VALUES (?, ?, ?)
2025-08-20 09:27:14.138 [main] DEBUG c.e.mapper.LogOffsetMapper.insertLog - ==> Parameters: 2025-08-20 09:27:14.1375429(Timestamp), 14:33:46.792(String), [main] INFO  o.s.s.quartz.LocalDataSourceJobStore - Removed 0 stale fired job entries.(String)
2025-08-20 09:27:14.138 [main] DEBUG c.e.mapper.LogOffsetMapper.insertLog - <==    Updates: 1
2025-08-20 09:27:14.139 [main] DEBUG c.e.mapper.LogOffsetMapper.insertLog - ==>  Preparing: INSERT INTO swg_logs (log_time, level, message) VALUES (?, ?, ?)
2025-08-20 09:27:14.139 [main] DEBUG c.e.mapper.LogOffsetMapper.insertLog - ==> Parameters: 2025-08-20 09:27:14.1395437(Timestamp), 14:33:46.807(String), [main] INFO  c.example.service.BoardServiceTest - Started BoardServiceTest in 3.14 seconds (process running for 3.821)(String)
2025-08-20 09:27:14.140 [main] DEBUG c.e.mapper.LogOffsetMapper.insertLog - <==    Updates: 1
2025-08-20 09:27:14.140 [main] DEBUG c.e.mapper.LogOffsetMapper.insertLog - ==>  Preparing: INSERT INTO swg_logs (log_time, level, message) VALUES (?, ?, ?)
2025-08-20 09:27:14.141 [main] DEBUG c.e.mapper.LogOffsetMapper.insertLog - ==> Parameters: 2025-08-20 09:27:14.1405429(Timestamp), 14:33:46.820(String), [main] DEBUG c.e.mapper.UserMapper.findByUserId - ==>  Preparing: SELECT id , user_id , password , user_name , refresh_token FROM users WHERE user_id = ?(String)
2025-08-20 09:27:14.141 [main] DEBUG c.e.mapper.LogOffsetMapper.insertLog - <==    Updates: 1
2025-08-20 09:27:14.141 [main] DEBUG c.e.mapper.LogOffsetMapper.insertLog - ==>  Preparing: INSERT INTO swg_logs (log_time, level, message) VALUES (?, ?, ?)
2025-08-20 09:27:14.142 [main] DEBUG c.e.mapper.LogOffsetMapper.insertLog - ==> Parameters: 2025-08-20 09:27:14.1415435(Timestamp), 14:33:46.826(String), [main] DEBUG c.e.mapper.UserMapper.findByUserId - ==> Parameters: user123(String)(String)
2025-08-20 09:27:14.142 [main] DEBUG c.e.mapper.LogOffsetMapper.insertLog - <==    Updates: 1
2025-08-20 09:27:14.142 [main] DEBUG c.e.mapper.LogOffsetMapper.insertLog - ==>  Preparing: INSERT INTO swg_logs (log_time, level, message) VALUES (?, ?, ?)
2025-08-20 09:27:14.142 [main] DEBUG c.e.mapper.LogOffsetMapper.insertLog - ==> Parameters: 2025-08-20 09:27:14.1425436(Timestamp), 14:33:46.834(String), [main] DEBUG c.e.mapper.UserMapper.findByUserId - <==      Total: 1(String)
2025-08-20 09:27:14.143 [main] DEBUG c.e.mapper.LogOffsetMapper.insertLog - <==    Updates: 1
2025-08-20 09:27:14.143 [main] DEBUG c.e.mapper.LogOffsetMapper.insertLog - ==>  Preparing: INSERT INTO swg_logs (log_time, level, message) VALUES (?, ?, ?)
2025-08-20 09:27:14.143 [main] DEBUG c.e.mapper.LogOffsetMapper.insertLog - ==> Parameters: 2025-08-20 09:27:14.1435434(Timestamp), 14:33:46.836(String), [main] DEBUG c.e.mapper.UserMapper.findByUserId - ==>  Preparing: SELECT id , user_id , password , user_name , refresh_token FROM users WHERE user_id = ?(String)
2025-08-20 09:27:14.144 [main] DEBUG c.e.mapper.LogOffsetMapper.insertLog - <==    Updates: 1
2025-08-20 09:27:14.144 [main] DEBUG c.e.mapper.LogOffsetMapper.insertLog - ==>  Preparing: INSERT INTO swg_logs (log_time, level, message) VALUES (?, ?, ?)
2025-08-20 09:27:14.144 [main] DEBUG c.e.mapper.LogOffsetMapper.insertLog - ==> Parameters: 2025-08-20 09:27:14.1445428(Timestamp), 14:33:46.837(String), [main] DEBUG c.e.mapper.UserMapper.findByUserId - ==> Parameters: admin123(String)(String)
2025-08-20 09:27:14.145 [main] DEBUG c.e.mapper.LogOffsetMapper.insertLog - <==    Updates: 1
2025-08-20 09:27:14.145 [main] DEBUG c.e.mapper.LogOffsetMapper.insertLog - ==>  Preparing: INSERT INTO swg_logs (log_time, level, message) VALUES (?, ?, ?)
2025-08-20 09:27:14.145 [main] DEBUG c.e.mapper.LogOffsetMapper.insertLog - ==> Parameters: 2025-08-20 09:27:14.1455433(Timestamp), 14:33:46.838(String), [main] DEBUG c.e.mapper.UserMapper.findByUserId - <==      Total: 1(String)
2025-08-20 09:27:14.146 [main] DEBUG c.e.mapper.LogOffsetMapper.insertLog - <==    Updates: 1
2025-08-20 09:27:14.146 [main] DEBUG c.e.mapper.LogOffsetMapper.insertLog - ==>  Preparing: INSERT INTO swg_logs (log_time, level, message) VALUES (?, ?, ?)
2025-08-20 09:27:14.146 [main] DEBUG c.e.mapper.LogOffsetMapper.insertLog - ==> Parameters: 2025-08-20 09:27:14.1465432(Timestamp), 14:33:47.308(String), [main] DEBUG c.e.mapper.BoardMapper.insertBoard - ==>  Preparing: INSERT INTO board (post_type, title, content, writer, created_at, updated_at) VALUES (?, ?, ?, ?, NOW(), NOW())(String)
2025-08-20 09:27:14.148 [main] DEBUG c.e.mapper.LogOffsetMapper.insertLog - <==    Updates: 1
2025-08-20 09:27:14.148 [main] DEBUG c.e.mapper.LogOffsetMapper.insertLog - ==>  Preparing: INSERT INTO swg_logs (log_time, level, message) VALUES (?, ?, ?)
2025-08-20 09:27:14.148 [main] DEBUG c.e.mapper.LogOffsetMapper.insertLog - ==> Parameters: 2025-08-20 09:27:14.1480488(Timestamp), 14:33:47.308(String), [main] DEBUG c.e.mapper.BoardMapper.insertBoard - ==> Parameters: null, 테스트 제목입니다.(String), 냉무(String), 1(Long)(String)
2025-08-20 09:27:14.149 [main] DEBUG c.e.mapper.LogOffsetMapper.insertLog - <==    Updates: 1
2025-08-20 09:27:14.149 [main] DEBUG c.e.mapper.LogOffsetMapper.insertLog - ==>  Preparing: INSERT INTO swg_logs (log_time, level, message) VALUES (?, ?, ?)
2025-08-20 09:27:14.149 [main] DEBUG c.e.mapper.LogOffsetMapper.insertLog - ==> Parameters: 2025-08-20 09:27:14.149103(Timestamp), 14:33:47.310(String), [main] DEBUG c.e.mapper.BoardMapper.insertBoard - <==    Updates: 1(String)
2025-08-20 09:27:14.149 [main] DEBUG c.e.mapper.LogOffsetMapper.insertLog - <==    Updates: 1
2025-08-20 09:27:14.150 [main] DEBUG c.e.mapper.LogOffsetMapper.insertLog - ==>  Preparing: INSERT INTO swg_logs (log_time, level, message) VALUES (?, ?, ?)
2025-08-20 09:27:14.150 [main] DEBUG c.e.mapper.LogOffsetMapper.insertLog - ==> Parameters: 2025-08-20 09:27:14.1501044(Timestamp), 14:33:47.313(String), [main] DEBUG c.e.m.A.insertAttachment - ==>  Preparing: INSERT INTO attachment (board_id, original_name, saved_name, file_path, file_size, uploaded_at) VALUES (?, ?, ?, ?, ?, NOW())(String)
2025-08-20 09:27:14.151 [main] DEBUG c.e.mapper.LogOffsetMapper.insertLog - <==    Updates: 1
2025-08-20 09:27:14.152 [main] DEBUG c.e.mapper.LogOffsetMapper.insertLog - ==>  Preparing: INSERT INTO swg_logs (log_time, level, message) VALUES (?, ?, ?)
2025-08-20 09:27:14.152 [main] DEBUG c.e.mapper.LogOffsetMapper.insertLog - ==> Parameters: 2025-08-20 09:27:14.1521046(Timestamp), 14:33:47.313(String), [main] DEBUG c.e.m.A.insertAttachment - ==> Parameters: 8(Long), test.txt(String), c80fb6d4-bca0-4208-a4ac-3da29e964ea0_test.txt(String), C:\upload\files\c80fb6d4-bca0-4208-a4ac-3da29e964ea0_test.txt(String), 33(Long)(String)
2025-08-20 09:27:14.152 [main] DEBUG c.e.mapper.LogOffsetMapper.insertLog - <==    Updates: 1
2025-08-20 09:27:14.153 [main] DEBUG c.e.mapper.LogOffsetMapper.insertLog - ==>  Preparing: INSERT INTO swg_logs (log_time, level, message) VALUES (?, ?, ?)
2025-08-20 09:27:14.153 [main] DEBUG c.e.mapper.LogOffsetMapper.insertLog - ==> Parameters: 2025-08-20 09:27:14.1531048(Timestamp), 14:33:47.314(String), [main] DEBUG c.e.m.A.insertAttachment - <==    Updates: 1(String)
2025-08-20 09:27:14.153 [main] DEBUG c.e.mapper.LogOffsetMapper.insertLog - <==    Updates: 1
2025-08-20 09:27:14.154 [main] DEBUG c.e.mapper.LogOffsetMapper.insertLog - ==>  Preparing: INSERT INTO swg_logs (log_time, level, message) VALUES (?, ?, ?)
2025-08-20 09:27:14.154 [main] DEBUG c.e.mapper.LogOffsetMapper.insertLog - ==> Parameters: 2025-08-20 09:27:14.1541048(Timestamp), 14:33:47.330(String), [SpringApplicationShutdownHook] INFO  o.s.s.quartz.SchedulerFactoryBean - Shutting down Quartz Scheduler(String)
2025-08-20 09:27:14.154 [main] DEBUG c.e.mapper.LogOffsetMapper.insertLog - <==    Updates: 1
2025-08-20 09:27:14.155 [main] DEBUG c.e.mapper.LogOffsetMapper.insertLog - ==>  Preparing: INSERT INTO swg_logs (log_time, level, message) VALUES (?, ?, ?)
2025-08-20 09:27:14.155 [main] DEBUG c.e.mapper.LogOffsetMapper.insertLog - ==> Parameters: 2025-08-20 09:27:14.1551046(Timestamp), 14:33:47.331(String), [SpringApplicationShutdownHook] INFO  com.zaxxer.hikari.HikariDataSource - HikariPool-1 - Shutdown initiated...(String)
2025-08-20 09:27:14.155 [main] DEBUG c.e.mapper.LogOffsetMapper.insertLog - <==    Updates: 1
2025-08-20 09:27:14.156 [main] DEBUG c.e.mapper.LogOffsetMapper.insertLog - ==>  Preparing: INSERT INTO swg_logs (log_time, level, message) VALUES (?, ?, ?)
2025-08-20 09:27:14.156 [main] DEBUG c.e.mapper.LogOffsetMapper.insertLog - ==> Parameters: 2025-08-20 09:27:14.1561048(Timestamp), 14:33:47.335(String), [SpringApplicationShutdownHook] INFO  com.zaxxer.hikari.HikariDataSource - HikariPool-1 - Shutdown completed.(String)
2025-08-20 09:27:14.156 [main] DEBUG c.e.mapper.LogOffsetMapper.insertLog - <==    Updates: 1
2025-08-20 09:27:14.157 [main] DEBUG c.e.mapper.LogOffsetMapper.insertLog - ==>  Preparing: INSERT INTO swg_logs (log_time, level, message) VALUES (?, ?, ?)
2025-08-20 09:27:14.157 [main] DEBUG c.e.mapper.LogOffsetMapper.insertLog - ==> Parameters: 2025-08-20 09:27:14.1571046(Timestamp), 14:34:19.899(String), [background-preinit] INFO  o.h.validator.internal.util.Version - HV000001: Hibernate Validator 8.0.2.Final(String)
2025-08-20 09:27:14.157 [main] DEBUG c.e.mapper.LogOffsetMapper.insertLog - <==    Updates: 1
2025-08-20 09:27:14.158 [main] DEBUG c.e.mapper.LogOffsetMapper.insertLog - ==>  Preparing: INSERT INTO swg_logs (log_time, level, message) VALUES (?, ?, ?)
2025-08-20 09:27:14.158 [main] DEBUG c.e.mapper.LogOffsetMapper.insertLog - ==> Parameters: 2025-08-20 09:27:14.1581047(Timestamp), 14:34:19.928(String), [main] INFO  c.example.service.BoardServiceTest - Starting BoardServiceTest using Java 17.0.3 with PID 23608 (started by lshan in C:\Users\lshan\git\base-project\demo-1)(String)
2025-08-20 09:27:14.158 [main] DEBUG c.e.mapper.LogOffsetMapper.insertLog - <==    Updates: 1
2025-08-20 09:27:14.159 [main] DEBUG c.e.mapper.LogOffsetMapper.insertLog - ==>  Preparing: INSERT INTO swg_logs (log_time, level, message) VALUES (?, ?, ?)
2025-08-20 09:27:14.159 [main] DEBUG c.e.mapper.LogOffsetMapper.insertLog - ==> Parameters: 2025-08-20 09:27:14.159105(Timestamp), 14:34:19.928(String), [main] DEBUG c.example.service.BoardServiceTest - Running with Spring Boot v3.4.4, Spring v6.2.5(String)
2025-08-20 09:27:14.160 [main] DEBUG c.e.mapper.LogOffsetMapper.insertLog - <==    Updates: 1
2025-08-20 09:27:14.161 [main] DEBUG c.e.mapper.LogOffsetMapper.insertLog - ==>  Preparing: INSERT INTO swg_logs (log_time, level, message) VALUES (?, ?, ?)
2025-08-20 09:27:14.161 [main] DEBUG c.e.mapper.LogOffsetMapper.insertLog - ==> Parameters: 2025-08-20 09:27:14.1611048(Timestamp), 14:34:19.928(String), [main] INFO  c.example.service.BoardServiceTest - No active profile set, falling back to 1 default profile: "default"(String)
2025-08-20 09:27:14.161 [main] DEBUG c.e.mapper.LogOffsetMapper.insertLog - <==    Updates: 1
2025-08-20 09:27:14.162 [main] DEBUG c.e.mapper.LogOffsetMapper.insertLog - ==>  Preparing: INSERT INTO swg_logs (log_time, level, message) VALUES (?, ?, ?)
2025-08-20 09:27:14.162 [main] DEBUG c.e.mapper.LogOffsetMapper.insertLog - ==> Parameters: 2025-08-20 09:27:14.1611048(Timestamp), 14:34:20.791(String), [main] INFO  com.zaxxer.hikari.HikariDataSource - HikariPool-1 - Starting...(String)
2025-08-20 09:27:14.162 [main] DEBUG c.e.mapper.LogOffsetMapper.insertLog - <==    Updates: 1
2025-08-20 09:27:14.163 [main] DEBUG c.e.mapper.LogOffsetMapper.insertLog - ==>  Preparing: INSERT INTO swg_logs (log_time, level, message) VALUES (?, ?, ?)
2025-08-20 09:27:14.163 [main] DEBUG c.e.mapper.LogOffsetMapper.insertLog - ==> Parameters: 2025-08-20 09:27:14.1631049(Timestamp), 14:34:20.916(String), [main] INFO  com.zaxxer.hikari.pool.HikariPool - HikariPool-1 - Added connection com.mysql.cj.jdbc.ConnectionImpl@27ab206(String)
2025-08-20 09:27:14.163 [main] DEBUG c.e.mapper.LogOffsetMapper.insertLog - <==    Updates: 1
2025-08-20 09:27:14.164 [main] DEBUG c.e.mapper.LogOffsetMapper.insertLog - ==>  Preparing: INSERT INTO swg_logs (log_time, level, message) VALUES (?, ?, ?)
2025-08-20 09:27:14.164 [main] DEBUG c.e.mapper.LogOffsetMapper.insertLog - ==> Parameters: 2025-08-20 09:27:14.1641048(Timestamp), 14:34:20.917(String), [main] INFO  com.zaxxer.hikari.HikariDataSource - HikariPool-1 - Start completed.(String)
2025-08-20 09:27:14.164 [main] DEBUG c.e.mapper.LogOffsetMapper.insertLog - <==    Updates: 1
2025-08-20 09:27:14.165 [main] DEBUG c.e.mapper.LogOffsetMapper.insertLog - ==>  Preparing: INSERT INTO swg_logs (log_time, level, message) VALUES (?, ?, ?)
2025-08-20 09:27:14.165 [main] DEBUG c.e.mapper.LogOffsetMapper.insertLog - ==> Parameters: 2025-08-20 09:27:14.1651064(Timestamp), 14:34:21.679(String), [main] INFO  o.s.s.c.a.a.c.InitializeUserDetailsBeanManagerConfigurer$InitializeUserDetailsManagerConfigurer - Global AuthenticationManager configured with UserDetailsService bean with name userDetailsServiceImpl(String)
2025-08-20 09:27:14.165 [main] DEBUG c.e.mapper.LogOffsetMapper.insertLog - <==    Updates: 1
2025-08-20 09:27:14.166 [main] DEBUG c.e.mapper.LogOffsetMapper.insertLog - ==>  Preparing: INSERT INTO swg_logs (log_time, level, message) VALUES (?, ?, ?)
2025-08-20 09:27:14.166 [main] DEBUG c.e.mapper.LogOffsetMapper.insertLog - ==> Parameters: 2025-08-20 09:27:14.1661069(Timestamp), 14:34:21.920(String), [main] INFO  o.s.s.quartz.LocalDataSourceJobStore - Using db table-based data access locking (synchronization).(String)
2025-08-20 09:27:14.167 [main] DEBUG c.e.mapper.LogOffsetMapper.insertLog - <==    Updates: 1
2025-08-20 09:27:14.167 [main] DEBUG c.e.mapper.LogOffsetMapper.insertLog - ==>  Preparing: INSERT INTO swg_logs (log_time, level, message) VALUES (?, ?, ?)
2025-08-20 09:27:14.167 [main] DEBUG c.e.mapper.LogOffsetMapper.insertLog - ==> Parameters: 2025-08-20 09:27:14.167107(Timestamp), 14:34:21.924(String), [main] INFO  o.s.s.quartz.LocalDataSourceJobStore - JobStoreCMT initialized.(String)
2025-08-20 09:27:14.168 [main] DEBUG c.e.mapper.LogOffsetMapper.insertLog - <==    Updates: 1
2025-08-20 09:27:14.168 [main] DEBUG c.e.mapper.LogOffsetMapper.insertLog - ==>  Preparing: INSERT INTO swg_logs (log_time, level, message) VALUES (?, ?, ?)
2025-08-20 09:27:14.168 [main] DEBUG c.e.mapper.LogOffsetMapper.insertLog - ==> Parameters: 2025-08-20 09:27:14.168107(Timestamp), 14:34:22.586(String), [main] INFO  o.s.s.quartz.SchedulerFactoryBean - Starting Quartz Scheduler now(String)
2025-08-20 09:27:14.168 [main] DEBUG c.e.mapper.LogOffsetMapper.insertLog - <==    Updates: 1
2025-08-20 09:27:14.169 [main] DEBUG c.e.mapper.LogOffsetMapper.insertLog - ==>  Preparing: INSERT INTO swg_logs (log_time, level, message) VALUES (?, ?, ?)
2025-08-20 09:27:14.169 [main] DEBUG c.e.mapper.LogOffsetMapper.insertLog - ==> Parameters: 2025-08-20 09:27:14.1691071(Timestamp), 14:34:22.588(String), [main] INFO  o.s.s.quartz.LocalDataSourceJobStore - Freed 0 triggers from 'acquired' / 'blocked' state.(String)
2025-08-20 09:27:14.169 [main] DEBUG c.e.mapper.LogOffsetMapper.insertLog - <==    Updates: 1
2025-08-20 09:27:14.170 [main] DEBUG c.e.mapper.LogOffsetMapper.insertLog - ==>  Preparing: INSERT INTO swg_logs (log_time, level, message) VALUES (?, ?, ?)
2025-08-20 09:27:14.170 [main] DEBUG c.e.mapper.LogOffsetMapper.insertLog - ==> Parameters: 2025-08-20 09:27:14.1701068(Timestamp), 14:34:22.590(String), [main] INFO  o.s.s.quartz.LocalDataSourceJobStore - Recovering 0 jobs that were in-progress at the time of the last shut-down.(String)
2025-08-20 09:27:14.170 [main] DEBUG c.e.mapper.LogOffsetMapper.insertLog - <==    Updates: 1
2025-08-20 09:27:14.170 [main] DEBUG c.e.mapper.LogOffsetMapper.insertLog - ==>  Preparing: INSERT INTO swg_logs (log_time, level, message) VALUES (?, ?, ?)
2025-08-20 09:27:14.170 [main] DEBUG c.e.mapper.LogOffsetMapper.insertLog - ==> Parameters: 2025-08-20 09:27:14.1701068(Timestamp), 14:34:22.590(String), [main] INFO  o.s.s.quartz.LocalDataSourceJobStore - Recovery complete.(String)
2025-08-20 09:27:14.171 [main] DEBUG c.e.mapper.LogOffsetMapper.insertLog - <==    Updates: 1
2025-08-20 09:27:14.171 [main] DEBUG c.e.mapper.LogOffsetMapper.insertLog - ==>  Preparing: INSERT INTO swg_logs (log_time, level, message) VALUES (?, ?, ?)
2025-08-20 09:27:14.171 [main] DEBUG c.e.mapper.LogOffsetMapper.insertLog - ==> Parameters: 2025-08-20 09:27:14.1711068(Timestamp), 14:34:22.590(String), [main] INFO  o.s.s.quartz.LocalDataSourceJobStore - Removed 0 'complete' triggers.(String)
2025-08-20 09:27:14.172 [main] DEBUG c.e.mapper.LogOffsetMapper.insertLog - <==    Updates: 1
2025-08-20 09:27:14.172 [main] DEBUG c.e.mapper.LogOffsetMapper.insertLog - ==>  Preparing: INSERT INTO swg_logs (log_time, level, message) VALUES (?, ?, ?)
2025-08-20 09:27:14.172 [main] DEBUG c.e.mapper.LogOffsetMapper.insertLog - ==> Parameters: 2025-08-20 09:27:14.1721067(Timestamp), 14:34:22.590(String), [main] INFO  o.s.s.quartz.LocalDataSourceJobStore - Removed 0 stale fired job entries.(String)
2025-08-20 09:27:14.173 [main] DEBUG c.e.mapper.LogOffsetMapper.insertLog - <==    Updates: 1
2025-08-20 09:27:14.173 [main] DEBUG c.e.mapper.LogOffsetMapper.insertLog - ==>  Preparing: INSERT INTO swg_logs (log_time, level, message) VALUES (?, ?, ?)
2025-08-20 09:27:14.174 [main] DEBUG c.e.mapper.LogOffsetMapper.insertLog - ==> Parameters: 2025-08-20 09:27:14.1731064(Timestamp), 14:34:22.600(String), [main] INFO  c.example.service.BoardServiceTest - Started BoardServiceTest in 2.926 seconds (process running for 3.588)(String)
2025-08-20 09:27:14.174 [main] DEBUG c.e.mapper.LogOffsetMapper.insertLog - <==    Updates: 1
2025-08-20 09:27:14.174 [main] DEBUG c.e.mapper.LogOffsetMapper.insertLog - ==>  Preparing: INSERT INTO swg_logs (log_time, level, message) VALUES (?, ?, ?)
2025-08-20 09:27:14.175 [main] DEBUG c.e.mapper.LogOffsetMapper.insertLog - ==> Parameters: 2025-08-20 09:27:14.1741073(Timestamp), 14:34:22.611(String), [main] DEBUG c.e.mapper.UserMapper.findByUserId - ==>  Preparing: SELECT id , user_id , password , user_name , refresh_token FROM users WHERE user_id = ?(String)
2025-08-20 09:27:14.175 [main] DEBUG c.e.mapper.LogOffsetMapper.insertLog - <==    Updates: 1
2025-08-20 09:27:14.175 [main] DEBUG c.e.mapper.LogOffsetMapper.insertLog - ==>  Preparing: INSERT INTO swg_logs (log_time, level, message) VALUES (?, ?, ?)
2025-08-20 09:27:14.175 [main] DEBUG c.e.mapper.LogOffsetMapper.insertLog - ==> Parameters: 2025-08-20 09:27:14.1751068(Timestamp), 14:34:22.617(String), [main] DEBUG c.e.mapper.UserMapper.findByUserId - ==> Parameters: user123(String)(String)
2025-08-20 09:27:14.176 [main] DEBUG c.e.mapper.LogOffsetMapper.insertLog - <==    Updates: 1
2025-08-20 09:27:14.176 [main] DEBUG c.e.mapper.LogOffsetMapper.insertLog - ==>  Preparing: INSERT INTO swg_logs (log_time, level, message) VALUES (?, ?, ?)
2025-08-20 09:27:14.176 [main] DEBUG c.e.mapper.LogOffsetMapper.insertLog - ==> Parameters: 2025-08-20 09:27:14.1761064(Timestamp), 14:34:22.624(String), [main] DEBUG c.e.mapper.UserMapper.findByUserId - <==      Total: 1(String)
2025-08-20 09:27:14.177 [main] DEBUG c.e.mapper.LogOffsetMapper.insertLog - <==    Updates: 1
2025-08-20 09:27:14.177 [main] DEBUG c.e.mapper.LogOffsetMapper.insertLog - ==>  Preparing: INSERT INTO swg_logs (log_time, level, message) VALUES (?, ?, ?)
2025-08-20 09:27:14.177 [main] DEBUG c.e.mapper.LogOffsetMapper.insertLog - ==> Parameters: 2025-08-20 09:27:14.1771067(Timestamp), 14:34:22.624(String), [main] DEBUG c.e.mapper.UserMapper.findByUserId - ==>  Preparing: SELECT id , user_id , password , user_name , refresh_token FROM users WHERE user_id = ?(String)
2025-08-20 09:27:14.178 [main] DEBUG c.e.mapper.LogOffsetMapper.insertLog - <==    Updates: 1
2025-08-20 09:27:14.178 [main] DEBUG c.e.mapper.LogOffsetMapper.insertLog - ==>  Preparing: INSERT INTO swg_logs (log_time, level, message) VALUES (?, ?, ?)
2025-08-20 09:27:14.178 [main] DEBUG c.e.mapper.LogOffsetMapper.insertLog - ==> Parameters: 2025-08-20 09:27:14.1781068(Timestamp), 14:34:22.625(String), [main] DEBUG c.e.mapper.UserMapper.findByUserId - ==> Parameters: admin123(String)(String)
2025-08-20 09:27:14.178 [main] DEBUG c.e.mapper.LogOffsetMapper.insertLog - <==    Updates: 1
2025-08-20 09:27:14.179 [main] DEBUG c.e.mapper.LogOffsetMapper.insertLog - ==>  Preparing: INSERT INTO swg_logs (log_time, level, message) VALUES (?, ?, ?)
2025-08-20 09:27:14.179 [main] DEBUG c.e.mapper.LogOffsetMapper.insertLog - ==> Parameters: 2025-08-20 09:27:14.1781068(Timestamp), 14:34:22.625(String), [main] DEBUG c.e.mapper.UserMapper.findByUserId - <==      Total: 1(String)
2025-08-20 09:27:14.179 [main] DEBUG c.e.mapper.LogOffsetMapper.insertLog - <==    Updates: 1
2025-08-20 09:27:14.180 [main] DEBUG c.e.mapper.LogOffsetMapper.insertLog - ==>  Preparing: INSERT INTO swg_logs (log_time, level, message) VALUES (?, ?, ?)
2025-08-20 09:27:14.180 [main] DEBUG c.e.mapper.LogOffsetMapper.insertLog - ==> Parameters: 2025-08-20 09:27:14.1806139(Timestamp), 14:34:23.044(String), [main] DEBUG c.e.m.BoardMapper.selectBoardList - ==>  Preparing: SELECT * FROM board ORDER BY created_at DESC LIMIT ? OFFSET ?(String)
2025-08-20 09:27:14.180 [main] DEBUG c.e.mapper.LogOffsetMapper.insertLog - <==    Updates: 1
2025-08-20 09:27:14.181 [main] DEBUG c.e.mapper.LogOffsetMapper.insertLog - ==>  Preparing: INSERT INTO swg_logs (log_time, level, message) VALUES (?, ?, ?)
2025-08-20 09:27:14.181 [main] DEBUG c.e.mapper.LogOffsetMapper.insertLog - ==> Parameters: 2025-08-20 09:27:14.1816139(Timestamp), 14:34:23.044(String), [main] DEBUG c.e.m.BoardMapper.selectBoardList - ==> Parameters: 10(Integer), 0(Integer)(String)
2025-08-20 09:27:14.181 [main] DEBUG c.e.mapper.LogOffsetMapper.insertLog - <==    Updates: 1
2025-08-20 09:27:14.182 [main] DEBUG c.e.mapper.LogOffsetMapper.insertLog - ==>  Preparing: INSERT INTO swg_logs (log_time, level, message) VALUES (?, ?, ?)
2025-08-20 09:27:14.182 [main] DEBUG c.e.mapper.LogOffsetMapper.insertLog - ==> Parameters: 2025-08-20 09:27:14.1826141(Timestamp), 14:34:23.054(String), [main] DEBUG c.e.m.BoardMapper.selectBoardList - <==      Total: 5(String)
2025-08-20 09:27:14.182 [main] DEBUG c.e.mapper.LogOffsetMapper.insertLog - <==    Updates: 1
2025-08-20 09:27:14.183 [main] DEBUG c.e.mapper.LogOffsetMapper.insertLog - ==>  Preparing: INSERT INTO swg_logs (log_time, level, message) VALUES (?, ?, ?)
2025-08-20 09:27:14.183 [main] DEBUG c.e.mapper.LogOffsetMapper.insertLog - ==> Parameters: 2025-08-20 09:27:14.1826141(Timestamp), 14:34:23.055(String), [main] DEBUG c.e.m.C.selectCommentsByBoardId - ==>  Preparing: SELECT * FROM comment WHERE board_id = ? ORDER BY created_at ASC(String)
2025-08-20 09:27:14.183 [main] DEBUG c.e.mapper.LogOffsetMapper.insertLog - <==    Updates: 1
2025-08-20 09:27:14.183 [main] DEBUG c.e.mapper.LogOffsetMapper.insertLog - ==>  Preparing: INSERT INTO swg_logs (log_time, level, message) VALUES (?, ?, ?)
2025-08-20 09:27:14.184 [main] DEBUG c.e.mapper.LogOffsetMapper.insertLog - ==> Parameters: 2025-08-20 09:27:14.1836141(Timestamp), 14:34:23.056(String), [main] DEBUG c.e.m.C.selectCommentsByBoardId - ==> Parameters: 8(Long)(String)
2025-08-20 09:27:14.184 [main] DEBUG c.e.mapper.LogOffsetMapper.insertLog - <==    Updates: 1
2025-08-20 09:27:14.184 [main] DEBUG c.e.mapper.LogOffsetMapper.insertLog - ==>  Preparing: INSERT INTO swg_logs (log_time, level, message) VALUES (?, ?, ?)
2025-08-20 09:27:14.184 [main] DEBUG c.e.mapper.LogOffsetMapper.insertLog - ==> Parameters: 2025-08-20 09:27:14.1846137(Timestamp), 14:34:23.057(String), [main] DEBUG c.e.m.C.selectCommentsByBoardId - <==      Total: 0(String)
2025-08-20 09:27:14.185 [main] DEBUG c.e.mapper.LogOffsetMapper.insertLog - <==    Updates: 1
2025-08-20 09:27:14.185 [main] DEBUG c.e.mapper.LogOffsetMapper.insertLog - ==>  Preparing: INSERT INTO swg_logs (log_time, level, message) VALUES (?, ?, ?)
2025-08-20 09:27:14.185 [main] DEBUG c.e.mapper.LogOffsetMapper.insertLog - ==> Parameters: 2025-08-20 09:27:14.1856136(Timestamp), 14:34:23.058(String), [main] DEBUG c.e.m.A.selectAttachmentsByBoardId - ==>  Preparing: SELECT * FROM attachment WHERE board_id = ?(String)
2025-08-20 09:27:14.186 [main] DEBUG c.e.mapper.LogOffsetMapper.insertLog - <==    Updates: 1
2025-08-20 09:27:14.186 [main] DEBUG c.e.mapper.LogOffsetMapper.insertLog - ==>  Preparing: INSERT INTO swg_logs (log_time, level, message) VALUES (?, ?, ?)
2025-08-20 09:27:14.186 [main] DEBUG c.e.mapper.LogOffsetMapper.insertLog - ==> Parameters: 2025-08-20 09:27:14.1866137(Timestamp), 14:34:23.058(String), [main] DEBUG c.e.m.A.selectAttachmentsByBoardId - ==> Parameters: 8(Long)(String)
2025-08-20 09:27:14.187 [main] DEBUG c.e.mapper.LogOffsetMapper.insertLog - <==    Updates: 1
2025-08-20 09:27:14.187 [main] DEBUG c.e.mapper.LogOffsetMapper.insertLog - ==>  Preparing: INSERT INTO swg_logs (log_time, level, message) VALUES (?, ?, ?)
2025-08-20 09:27:14.187 [main] DEBUG c.e.mapper.LogOffsetMapper.insertLog - ==> Parameters: 2025-08-20 09:27:14.1876141(Timestamp), 14:34:23.059(String), [main] DEBUG c.e.m.A.selectAttachmentsByBoardId - <==      Total: 1(String)
2025-08-20 09:27:14.187 [main] DEBUG c.e.mapper.LogOffsetMapper.insertLog - <==    Updates: 1
2025-08-20 09:27:14.188 [main] DEBUG c.e.mapper.LogOffsetMapper.insertLog - ==>  Preparing: INSERT INTO swg_logs (log_time, level, message) VALUES (?, ?, ?)
2025-08-20 09:27:14.188 [main] DEBUG c.e.mapper.LogOffsetMapper.insertLog - ==> Parameters: 2025-08-20 09:27:14.1886141(Timestamp), 14:34:23.064(String), [main] DEBUG c.e.m.C.selectCommentsByBoardId - ==>  Preparing: SELECT * FROM comment WHERE board_id = ? ORDER BY created_at ASC(String)
2025-08-20 09:27:14.188 [main] DEBUG c.e.mapper.LogOffsetMapper.insertLog - <==    Updates: 1
2025-08-20 09:27:14.189 [main] DEBUG c.e.mapper.LogOffsetMapper.insertLog - ==>  Preparing: INSERT INTO swg_logs (log_time, level, message) VALUES (?, ?, ?)
2025-08-20 09:27:14.189 [main] DEBUG c.e.mapper.LogOffsetMapper.insertLog - ==> Parameters: 2025-08-20 09:27:14.1896138(Timestamp), 14:34:23.065(String), [main] DEBUG c.e.m.C.selectCommentsByBoardId - ==> Parameters: 7(Long)(String)
2025-08-20 09:27:14.189 [main] DEBUG c.e.mapper.LogOffsetMapper.insertLog - <==    Updates: 1
2025-08-20 09:27:14.189 [main] DEBUG c.e.mapper.LogOffsetMapper.insertLog - ==>  Preparing: INSERT INTO swg_logs (log_time, level, message) VALUES (?, ?, ?)
2025-08-20 09:27:14.189 [main] DEBUG c.e.mapper.LogOffsetMapper.insertLog - ==> Parameters: 2025-08-20 09:27:14.1896138(Timestamp), 14:34:23.065(String), [main] DEBUG c.e.m.C.selectCommentsByBoardId - <==      Total: 0(String)
2025-08-20 09:27:14.190 [main] DEBUG c.e.mapper.LogOffsetMapper.insertLog - <==    Updates: 1
2025-08-20 09:27:14.190 [main] DEBUG c.e.mapper.LogOffsetMapper.insertLog - ==>  Preparing: INSERT INTO swg_logs (log_time, level, message) VALUES (?, ?, ?)
2025-08-20 09:27:14.190 [main] DEBUG c.e.mapper.LogOffsetMapper.insertLog - ==> Parameters: 2025-08-20 09:27:14.1906137(Timestamp), 14:34:23.065(String), [main] DEBUG c.e.m.A.selectAttachmentsByBoardId - ==>  Preparing: SELECT * FROM attachment WHERE board_id = ?(String)
2025-08-20 09:27:14.191 [main] DEBUG c.e.mapper.LogOffsetMapper.insertLog - <==    Updates: 1
2025-08-20 09:27:14.191 [main] DEBUG c.e.mapper.LogOffsetMapper.insertLog - ==>  Preparing: INSERT INTO swg_logs (log_time, level, message) VALUES (?, ?, ?)
2025-08-20 09:27:14.191 [main] DEBUG c.e.mapper.LogOffsetMapper.insertLog - ==> Parameters: 2025-08-20 09:27:14.1916134(Timestamp), 14:34:23.067(String), [main] DEBUG c.e.m.A.selectAttachmentsByBoardId - ==> Parameters: 7(Long)(String)
2025-08-20 09:27:14.191 [main] DEBUG c.e.mapper.LogOffsetMapper.insertLog - <==    Updates: 1
2025-08-20 09:27:14.192 [main] DEBUG c.e.mapper.LogOffsetMapper.insertLog - ==>  Preparing: INSERT INTO swg_logs (log_time, level, message) VALUES (?, ?, ?)
2025-08-20 09:27:14.192 [main] DEBUG c.e.mapper.LogOffsetMapper.insertLog - ==> Parameters: 2025-08-20 09:27:14.1926133(Timestamp), 14:34:23.067(String), [main] DEBUG c.e.m.A.selectAttachmentsByBoardId - <==      Total: 1(String)
2025-08-20 09:27:14.192 [main] DEBUG c.e.mapper.LogOffsetMapper.insertLog - <==    Updates: 1
2025-08-20 09:27:14.192 [main] DEBUG c.e.mapper.LogOffsetMapper.insertLog - ==>  Preparing: INSERT INTO swg_logs (log_time, level, message) VALUES (?, ?, ?)
2025-08-20 09:27:14.193 [main] DEBUG c.e.mapper.LogOffsetMapper.insertLog - ==> Parameters: 2025-08-20 09:27:14.1926133(Timestamp), 14:34:23.068(String), [main] DEBUG c.e.m.C.selectCommentsByBoardId - ==>  Preparing: SELECT * FROM comment WHERE board_id = ? ORDER BY created_at ASC(String)
2025-08-20 09:27:14.193 [main] DEBUG c.e.mapper.LogOffsetMapper.insertLog - <==    Updates: 1
2025-08-20 09:27:14.193 [main] DEBUG c.e.mapper.LogOffsetMapper.insertLog - ==>  Preparing: INSERT INTO swg_logs (log_time, level, message) VALUES (?, ?, ?)
2025-08-20 09:27:14.193 [main] DEBUG c.e.mapper.LogOffsetMapper.insertLog - ==> Parameters: 2025-08-20 09:27:14.1936138(Timestamp), 14:34:23.068(String), [main] DEBUG c.e.m.C.selectCommentsByBoardId - ==> Parameters: 6(Long)(String)
2025-08-20 09:27:14.194 [main] DEBUG c.e.mapper.LogOffsetMapper.insertLog - <==    Updates: 1
2025-08-20 09:27:14.194 [main] DEBUG c.e.mapper.LogOffsetMapper.insertLog - ==>  Preparing: INSERT INTO swg_logs (log_time, level, message) VALUES (?, ?, ?)
2025-08-20 09:27:14.194 [main] DEBUG c.e.mapper.LogOffsetMapper.insertLog - ==> Parameters: 2025-08-20 09:27:14.1946138(Timestamp), 14:34:23.069(String), [main] DEBUG c.e.m.C.selectCommentsByBoardId - <==      Total: 0(String)
2025-08-20 09:27:14.195 [main] DEBUG c.e.mapper.LogOffsetMapper.insertLog - <==    Updates: 1
2025-08-20 09:27:14.195 [main] DEBUG c.e.mapper.LogOffsetMapper.insertLog - ==>  Preparing: INSERT INTO swg_logs (log_time, level, message) VALUES (?, ?, ?)
2025-08-20 09:27:14.195 [main] DEBUG c.e.mapper.LogOffsetMapper.insertLog - ==> Parameters: 2025-08-20 09:27:14.1956141(Timestamp), 14:34:23.069(String), [main] DEBUG c.e.m.A.selectAttachmentsByBoardId - ==>  Preparing: SELECT * FROM attachment WHERE board_id = ?(String)
2025-08-20 09:27:14.196 [main] DEBUG c.e.mapper.LogOffsetMapper.insertLog - <==    Updates: 1
2025-08-20 09:27:14.196 [main] DEBUG c.e.mapper.LogOffsetMapper.insertLog - ==>  Preparing: INSERT INTO swg_logs (log_time, level, message) VALUES (?, ?, ?)
2025-08-20 09:27:14.196 [main] DEBUG c.e.mapper.LogOffsetMapper.insertLog - ==> Parameters: 2025-08-20 09:27:14.1966137(Timestamp), 14:34:23.069(String), [main] DEBUG c.e.m.A.selectAttachmentsByBoardId - ==> Parameters: 6(Long)(String)
2025-08-20 09:27:14.196 [main] DEBUG c.e.mapper.LogOffsetMapper.insertLog - <==    Updates: 1
2025-08-20 09:27:14.197 [main] DEBUG c.e.mapper.LogOffsetMapper.insertLog - ==>  Preparing: INSERT INTO swg_logs (log_time, level, message) VALUES (?, ?, ?)
2025-08-20 09:27:14.197 [main] DEBUG c.e.mapper.LogOffsetMapper.insertLog - ==> Parameters: 2025-08-20 09:27:14.1976136(Timestamp), 14:34:23.070(String), [main] DEBUG c.e.m.A.selectAttachmentsByBoardId - <==      Total: 1(String)
2025-08-20 09:27:14.197 [main] DEBUG c.e.mapper.LogOffsetMapper.insertLog - <==    Updates: 1
2025-08-20 09:27:14.198 [main] DEBUG c.e.mapper.LogOffsetMapper.insertLog - ==>  Preparing: INSERT INTO swg_logs (log_time, level, message) VALUES (?, ?, ?)
2025-08-20 09:27:14.198 [main] DEBUG c.e.mapper.LogOffsetMapper.insertLog - ==> Parameters: 2025-08-20 09:27:14.1976136(Timestamp), 14:34:23.070(String), [main] DEBUG c.e.m.C.selectCommentsByBoardId - ==>  Preparing: SELECT * FROM comment WHERE board_id = ? ORDER BY created_at ASC(String)
2025-08-20 09:27:14.198 [main] DEBUG c.e.mapper.LogOffsetMapper.insertLog - <==    Updates: 1
2025-08-20 09:27:14.198 [main] DEBUG c.e.mapper.LogOffsetMapper.insertLog - ==>  Preparing: INSERT INTO swg_logs (log_time, level, message) VALUES (?, ?, ?)
2025-08-20 09:27:14.199 [main] DEBUG c.e.mapper.LogOffsetMapper.insertLog - ==> Parameters: 2025-08-20 09:27:14.1986137(Timestamp), 14:34:23.070(String), [main] DEBUG c.e.m.C.selectCommentsByBoardId - ==> Parameters: 5(Long)(String)
2025-08-20 09:27:14.199 [main] DEBUG c.e.mapper.LogOffsetMapper.insertLog - <==    Updates: 1
2025-08-20 09:27:14.199 [main] DEBUG c.e.mapper.LogOffsetMapper.insertLog - ==>  Preparing: INSERT INTO swg_logs (log_time, level, message) VALUES (?, ?, ?)
2025-08-20 09:27:14.199 [main] DEBUG c.e.mapper.LogOffsetMapper.insertLog - ==> Parameters: 2025-08-20 09:27:14.1996137(Timestamp), 14:34:23.071(String), [main] DEBUG c.e.m.C.selectCommentsByBoardId - <==      Total: 0(String)
2025-08-20 09:27:14.200 [main] DEBUG c.e.mapper.LogOffsetMapper.insertLog - <==    Updates: 1
2025-08-20 09:27:14.200 [main] DEBUG c.e.mapper.LogOffsetMapper.insertLog - ==>  Preparing: INSERT INTO swg_logs (log_time, level, message) VALUES (?, ?, ?)
2025-08-20 09:27:14.200 [main] DEBUG c.e.mapper.LogOffsetMapper.insertLog - ==> Parameters: 2025-08-20 09:27:14.2006135(Timestamp), 14:34:23.071(String), [main] DEBUG c.e.m.A.selectAttachmentsByBoardId - ==>  Preparing: SELECT * FROM attachment WHERE board_id = ?(String)
2025-08-20 09:27:14.200 [main] DEBUG c.e.mapper.LogOffsetMapper.insertLog - <==    Updates: 1
2025-08-20 09:27:14.201 [main] DEBUG c.e.mapper.LogOffsetMapper.insertLog - ==>  Preparing: INSERT INTO swg_logs (log_time, level, message) VALUES (?, ?, ?)
2025-08-20 09:27:14.201 [main] DEBUG c.e.mapper.LogOffsetMapper.insertLog - ==> Parameters: 2025-08-20 09:27:14.2016136(Timestamp), 14:34:23.071(String), [main] DEBUG c.e.m.A.selectAttachmentsByBoardId - ==> Parameters: 5(Long)(String)
2025-08-20 09:27:14.201 [main] DEBUG c.e.mapper.LogOffsetMapper.insertLog - <==    Updates: 1
2025-08-20 09:27:14.201 [main] DEBUG c.e.mapper.LogOffsetMapper.insertLog - ==>  Preparing: INSERT INTO swg_logs (log_time, level, message) VALUES (?, ?, ?)
2025-08-20 09:27:14.202 [main] DEBUG c.e.mapper.LogOffsetMapper.insertLog - ==> Parameters: 2025-08-20 09:27:14.2016136(Timestamp), 14:34:23.072(String), [main] DEBUG c.e.m.A.selectAttachmentsByBoardId - <==      Total: 1(String)
2025-08-20 09:27:14.202 [main] DEBUG c.e.mapper.LogOffsetMapper.insertLog - <==    Updates: 1
2025-08-20 09:27:14.202 [main] DEBUG c.e.mapper.LogOffsetMapper.insertLog - ==>  Preparing: INSERT INTO swg_logs (log_time, level, message) VALUES (?, ?, ?)
2025-08-20 09:27:14.202 [main] DEBUG c.e.mapper.LogOffsetMapper.insertLog - ==> Parameters: 2025-08-20 09:27:14.2026134(Timestamp), 14:34:23.072(String), [main] DEBUG c.e.m.C.selectCommentsByBoardId - ==>  Preparing: SELECT * FROM comment WHERE board_id = ? ORDER BY created_at ASC(String)
2025-08-20 09:27:14.203 [main] DEBUG c.e.mapper.LogOffsetMapper.insertLog - <==    Updates: 1
2025-08-20 09:27:14.203 [main] DEBUG c.e.mapper.LogOffsetMapper.insertLog - ==>  Preparing: INSERT INTO swg_logs (log_time, level, message) VALUES (?, ?, ?)
2025-08-20 09:27:14.203 [main] DEBUG c.e.mapper.LogOffsetMapper.insertLog - ==> Parameters: 2025-08-20 09:27:14.2036137(Timestamp), 14:34:23.072(String), [main] DEBUG c.e.m.C.selectCommentsByBoardId - ==> Parameters: 4(Long)(String)
2025-08-20 09:27:14.203 [main] DEBUG c.e.mapper.LogOffsetMapper.insertLog - <==    Updates: 1
2025-08-20 09:27:14.204 [main] DEBUG c.e.mapper.LogOffsetMapper.insertLog - ==>  Preparing: INSERT INTO swg_logs (log_time, level, message) VALUES (?, ?, ?)
2025-08-20 09:27:14.204 [main] DEBUG c.e.mapper.LogOffsetMapper.insertLog - ==> Parameters: 2025-08-20 09:27:14.2046135(Timestamp), 14:34:23.073(String), [main] DEBUG c.e.m.C.selectCommentsByBoardId - <==      Total: 4(String)
2025-08-20 09:27:14.204 [main] DEBUG c.e.mapper.LogOffsetMapper.insertLog - <==    Updates: 1
2025-08-20 09:27:14.205 [main] DEBUG c.e.mapper.LogOffsetMapper.insertLog - ==>  Preparing: INSERT INTO swg_logs (log_time, level, message) VALUES (?, ?, ?)
2025-08-20 09:27:14.205 [main] DEBUG c.e.mapper.LogOffsetMapper.insertLog - ==> Parameters: 2025-08-20 09:27:14.2056138(Timestamp), 14:34:23.074(String), [main] DEBUG c.e.m.A.selectAttachmentsByBoardId - ==>  Preparing: SELECT * FROM attachment WHERE board_id = ?(String)
2025-08-20 09:27:14.205 [main] DEBUG c.e.mapper.LogOffsetMapper.insertLog - <==    Updates: 1
2025-08-20 09:27:14.205 [main] DEBUG c.e.mapper.LogOffsetMapper.insertLog - ==>  Preparing: INSERT INTO swg_logs (log_time, level, message) VALUES (?, ?, ?)
2025-08-20 09:27:14.205 [main] DEBUG c.e.mapper.LogOffsetMapper.insertLog - ==> Parameters: 2025-08-20 09:27:14.2056138(Timestamp), 14:34:23.074(String), [main] DEBUG c.e.m.A.selectAttachmentsByBoardId - ==> Parameters: 4(Long)(String)
2025-08-20 09:27:14.206 [main] DEBUG c.e.mapper.LogOffsetMapper.insertLog - <==    Updates: 1
2025-08-20 09:27:14.206 [main] DEBUG c.e.mapper.LogOffsetMapper.insertLog - ==>  Preparing: INSERT INTO swg_logs (log_time, level, message) VALUES (?, ?, ?)
2025-08-20 09:27:14.206 [main] DEBUG c.e.mapper.LogOffsetMapper.insertLog - ==> Parameters: 2025-08-20 09:27:14.2066139(Timestamp), 14:34:23.075(String), [main] DEBUG c.e.m.A.selectAttachmentsByBoardId - <==      Total: 1(String)
2025-08-20 09:27:14.206 [main] DEBUG c.e.mapper.LogOffsetMapper.insertLog - <==    Updates: 1
2025-08-20 09:27:14.207 [main] DEBUG c.e.mapper.LogOffsetMapper.insertLog - ==>  Preparing: INSERT INTO swg_logs (log_time, level, message) VALUES (?, ?, ?)
2025-08-20 09:27:14.207 [main] DEBUG c.e.mapper.LogOffsetMapper.insertLog - ==> Parameters: 2025-08-20 09:27:14.2076137(Timestamp), 14:34:23.084(String), [main] DEBUG c.e.mapper.BoardMapper.insertBoard - ==>  Preparing: INSERT INTO board (post_type, title, content, writer, created_at, updated_at) VALUES (?, ?, ?, ?, NOW(), NOW())(String)
2025-08-20 09:27:14.207 [main] DEBUG c.e.mapper.LogOffsetMapper.insertLog - <==    Updates: 1
2025-08-20 09:27:14.208 [main] DEBUG c.e.mapper.LogOffsetMapper.insertLog - ==>  Preparing: INSERT INTO swg_logs (log_time, level, message) VALUES (?, ?, ?)
2025-08-20 09:27:14.208 [main] DEBUG c.e.mapper.LogOffsetMapper.insertLog - ==> Parameters: 2025-08-20 09:27:14.2086139(Timestamp), 14:34:23.085(String), [main] DEBUG c.e.mapper.BoardMapper.insertBoard - ==> Parameters: QNA(String), 테스트 제목입니다.(String), 냉무(String), 1(Long)(String)
2025-08-20 09:27:14.208 [main] DEBUG c.e.mapper.LogOffsetMapper.insertLog - <==    Updates: 1
2025-08-20 09:27:14.208 [main] DEBUG c.e.mapper.LogOffsetMapper.insertLog - ==>  Preparing: INSERT INTO swg_logs (log_time, level, message) VALUES (?, ?, ?)
2025-08-20 09:27:14.209 [main] DEBUG c.e.mapper.LogOffsetMapper.insertLog - ==> Parameters: 2025-08-20 09:27:14.2086139(Timestamp), 14:34:23.086(String), [main] DEBUG c.e.mapper.BoardMapper.insertBoard - <==    Updates: 1(String)
2025-08-20 09:27:14.209 [main] DEBUG c.e.mapper.LogOffsetMapper.insertLog - <==    Updates: 1
2025-08-20 09:27:14.209 [main] DEBUG c.e.mapper.LogOffsetMapper.insertLog - ==>  Preparing: INSERT INTO swg_logs (log_time, level, message) VALUES (?, ?, ?)
2025-08-20 09:27:14.210 [main] DEBUG c.e.mapper.LogOffsetMapper.insertLog - ==> Parameters: 2025-08-20 09:27:14.2096134(Timestamp), 14:34:23.089(String), [main] DEBUG c.e.m.A.insertAttachment - ==>  Preparing: INSERT INTO attachment (board_id, original_name, saved_name, file_path, file_size, uploaded_at) VALUES (?, ?, ?, ?, ?, NOW())(String)
2025-08-20 09:27:14.210 [main] DEBUG c.e.mapper.LogOffsetMapper.insertLog - <==    Updates: 1
2025-08-20 09:27:14.210 [main] DEBUG c.e.mapper.LogOffsetMapper.insertLog - ==>  Preparing: INSERT INTO swg_logs (log_time, level, message) VALUES (?, ?, ?)
2025-08-20 09:27:14.210 [main] DEBUG c.e.mapper.LogOffsetMapper.insertLog - ==> Parameters: 2025-08-20 09:27:14.210614(Timestamp), 14:34:23.090(String), [main] DEBUG c.e.m.A.insertAttachment - ==> Parameters: 9(Long), test.txt(String), 4db65e1c-0579-4861-906a-7f72d8c5ea28_test.txt(String), C:\upload\files\4db65e1c-0579-4861-906a-7f72d8c5ea28_test.txt(String), 33(Long)(String)
2025-08-20 09:27:14.211 [main] DEBUG c.e.mapper.LogOffsetMapper.insertLog - <==    Updates: 1
2025-08-20 09:27:14.211 [main] DEBUG c.e.mapper.LogOffsetMapper.insertLog - ==>  Preparing: INSERT INTO swg_logs (log_time, level, message) VALUES (?, ?, ?)
2025-08-20 09:27:14.211 [main] DEBUG c.e.mapper.LogOffsetMapper.insertLog - ==> Parameters: 2025-08-20 09:27:14.2116139(Timestamp), 14:34:23.090(String), [main] DEBUG c.e.m.A.insertAttachment - <==    Updates: 1(String)
2025-08-20 09:27:14.212 [main] DEBUG c.e.mapper.LogOffsetMapper.insertLog - <==    Updates: 1
2025-08-20 09:27:14.212 [main] DEBUG c.e.mapper.LogOffsetMapper.insertLog - ==>  Preparing: INSERT INTO swg_logs (log_time, level, message) VALUES (?, ?, ?)
2025-08-20 09:27:14.212 [main] DEBUG c.e.mapper.LogOffsetMapper.insertLog - ==> Parameters: 2025-08-20 09:27:14.2126138(Timestamp), 14:34:23.095(String), [main] DEBUG c.e.m.BoardMapper.selectBoardById - ==>  Preparing: SELECT * FROM board WHERE id = ?(String)
2025-08-20 09:27:14.212 [main] DEBUG c.e.mapper.LogOffsetMapper.insertLog - <==    Updates: 1
2025-08-20 09:27:14.213 [main] DEBUG c.e.mapper.LogOffsetMapper.insertLog - ==>  Preparing: INSERT INTO swg_logs (log_time, level, message) VALUES (?, ?, ?)
2025-08-20 09:27:14.213 [main] DEBUG c.e.mapper.LogOffsetMapper.insertLog - ==> Parameters: 2025-08-20 09:27:14.2136139(Timestamp), 14:34:23.095(String), [main] DEBUG c.e.m.BoardMapper.selectBoardById - ==> Parameters: 4(Long)(String)
2025-08-20 09:27:14.213 [main] DEBUG c.e.mapper.LogOffsetMapper.insertLog - <==    Updates: 1
2025-08-20 09:27:14.213 [main] DEBUG c.e.mapper.LogOffsetMapper.insertLog - ==>  Preparing: INSERT INTO swg_logs (log_time, level, message) VALUES (?, ?, ?)
2025-08-20 09:27:14.213 [main] DEBUG c.e.mapper.LogOffsetMapper.insertLog - ==> Parameters: 2025-08-20 09:27:14.2136139(Timestamp), 14:34:23.096(String), [main] DEBUG c.e.m.BoardMapper.selectBoardById - <==      Total: 1(String)
2025-08-20 09:27:14.214 [main] DEBUG c.e.mapper.LogOffsetMapper.insertLog - <==    Updates: 1
2025-08-20 09:27:14.214 [main] DEBUG c.e.mapper.LogOffsetMapper.insertLog - ==>  Preparing: INSERT INTO swg_logs (log_time, level, message) VALUES (?, ?, ?)
2025-08-20 09:27:14.214 [main] DEBUG c.e.mapper.LogOffsetMapper.insertLog - ==> Parameters: 2025-08-20 09:27:14.2146137(Timestamp), 14:34:23.103(String), [SpringApplicationShutdownHook] INFO  o.s.s.quartz.SchedulerFactoryBean - Shutting down Quartz Scheduler(String)
2025-08-20 09:27:14.214 [main] DEBUG c.e.mapper.LogOffsetMapper.insertLog - <==    Updates: 1
2025-08-20 09:27:14.215 [main] DEBUG c.e.mapper.LogOffsetMapper.insertLog - ==>  Preparing: INSERT INTO swg_logs (log_time, level, message) VALUES (?, ?, ?)
2025-08-20 09:27:14.215 [main] DEBUG c.e.mapper.LogOffsetMapper.insertLog - ==> Parameters: 2025-08-20 09:27:14.2156142(Timestamp), 14:34:23.104(String), [SpringApplicationShutdownHook] INFO  com.zaxxer.hikari.HikariDataSource - HikariPool-1 - Shutdown initiated...(String)
2025-08-20 09:27:14.215 [main] DEBUG c.e.mapper.LogOffsetMapper.insertLog - <==    Updates: 1
2025-08-20 09:27:14.216 [main] DEBUG c.e.mapper.LogOffsetMapper.insertLog - ==>  Preparing: INSERT INTO swg_logs (log_time, level, message) VALUES (?, ?, ?)
2025-08-20 09:27:14.216 [main] DEBUG c.e.mapper.LogOffsetMapper.insertLog - ==> Parameters: 2025-08-20 09:27:14.216614(Timestamp), 14:34:23.109(String), [SpringApplicationShutdownHook] INFO  com.zaxxer.hikari.HikariDataSource - HikariPool-1 - Shutdown completed.(String)
2025-08-20 09:27:14.216 [main] DEBUG c.e.mapper.LogOffsetMapper.insertLog - <==    Updates: 1
2025-08-20 09:27:14.216 [main] DEBUG c.e.m.L.updateLogOffset - ==>  Preparing: UPDATE log_offset SET position = ? , last_modified = ? , updated_at=NOW() WHERE file_name = ?
2025-08-20 09:27:14.216 [main] DEBUG c.e.m.L.updateLogOffset - ==> Parameters: 12861(Long), 1755649623292(Long), C:/work/application.log(String)
2025-08-20 09:27:14.217 [main] DEBUG c.e.m.L.updateLogOffset - <==    Updates: 0
2025-08-20 09:27:14.217 [main] DEBUG c.e.m.L.insertLogOffset - ==>  Preparing: INSERT INTO log_offset (file_name, position, last_modified) VALUES (?, ?, ?)
2025-08-20 09:27:14.217 [main] DEBUG c.e.m.L.insertLogOffset - ==> Parameters: C:/work/application.log(String), 12861(Long), 1755649623292(Long)
2025-08-20 09:27:14.217 [main] DEBUG c.e.m.L.insertLogOffset - <==    Updates: 1
2025-08-20 09:27:14.232 [SpringApplicationShutdownHook] INFO  o.s.s.quartz.SchedulerFactoryBean - Shutting down Quartz Scheduler
2025-08-20 09:27:14.233 [SpringApplicationShutdownHook] INFO  com.zaxxer.hikari.HikariDataSource - HikariPool-1 - Shutdown initiated...
2025-08-20 09:27:14.238 [SpringApplicationShutdownHook] INFO  com.zaxxer.hikari.HikariDataSource - HikariPool-1 - Shutdown completed.
2025-08-20 09:27:32.657 [background-preinit] INFO  o.h.validator.internal.util.Version - HV000001: Hibernate Validator 8.0.2.Final
2025-08-20 09:27:32.685 [main] INFO  c.example.service.LogCopyServiceTest - Starting LogCopyServiceTest using Java 17.0.3 with PID 30888 (started by lshan in C:\Users\lshan\git\base-project\demo-1)
2025-08-20 09:27:32.686 [main] DEBUG c.example.service.LogCopyServiceTest - Running with Spring Boot v3.4.4, Spring v6.2.5
2025-08-20 09:27:32.687 [main] INFO  c.example.service.LogCopyServiceTest - No active profile set, falling back to 1 default profile: "default"
2025-08-20 09:27:33.748 [main] INFO  com.zaxxer.hikari.HikariDataSource - HikariPool-1 - Starting...
2025-08-20 09:27:33.888 [main] INFO  com.zaxxer.hikari.pool.HikariPool - HikariPool-1 - Added connection com.mysql.cj.jdbc.ConnectionImpl@159ac15f
2025-08-20 09:27:33.890 [main] INFO  com.zaxxer.hikari.HikariDataSource - HikariPool-1 - Start completed.
2025-08-20 09:27:34.672 [main] INFO  o.s.s.c.a.a.c.InitializeUserDetailsBeanManagerConfigurer$InitializeUserDetailsManagerConfigurer - Global AuthenticationManager configured with UserDetailsService bean with name userDetailsServiceImpl
2025-08-20 09:27:34.897 [main] INFO  o.s.s.quartz.LocalDataSourceJobStore - Using db table-based data access locking (synchronization).
2025-08-20 09:27:34.899 [main] INFO  o.s.s.quartz.LocalDataSourceJobStore - JobStoreCMT initialized.
2025-08-20 09:27:35.648 [main] INFO  o.s.s.quartz.SchedulerFactoryBean - Starting Quartz Scheduler now
2025-08-20 09:27:35.651 [main] INFO  o.s.s.quartz.LocalDataSourceJobStore - Freed 0 triggers from 'acquired' / 'blocked' state.
2025-08-20 09:27:35.653 [main] INFO  o.s.s.quartz.LocalDataSourceJobStore - Recovering 0 jobs that were in-progress at the time of the last shut-down.
2025-08-20 09:27:35.653 [main] INFO  o.s.s.quartz.LocalDataSourceJobStore - Recovery complete.
2025-08-20 09:27:35.654 [main] INFO  o.s.s.quartz.LocalDataSourceJobStore - Removed 0 'complete' triggers.
2025-08-20 09:27:35.654 [main] INFO  o.s.s.quartz.LocalDataSourceJobStore - Removed 0 stale fired job entries.
2025-08-20 09:27:35.674 [main] INFO  c.example.service.LogCopyServiceTest - Started LogCopyServiceTest in 3.281 seconds (process running for 4.107)
2025-08-20 09:27:35.696 [main] DEBUG c.e.mapper.UserMapper.findByUserId - ==>  Preparing: SELECT id , user_id , password , user_name , refresh_token FROM users WHERE user_id = ?
2025-08-20 09:27:35.705 [main] DEBUG c.e.mapper.UserMapper.findByUserId - ==> Parameters: user123(String)
2025-08-20 09:27:35.716 [main] DEBUG c.e.mapper.UserMapper.findByUserId - <==      Total: 1
2025-08-20 09:27:35.717 [main] DEBUG c.e.mapper.UserMapper.findByUserId - ==>  Preparing: SELECT id , user_id , password , user_name , refresh_token FROM users WHERE user_id = ?
2025-08-20 09:27:35.717 [main] DEBUG c.e.mapper.UserMapper.findByUserId - ==> Parameters: admin123(String)
2025-08-20 09:27:35.719 [main] DEBUG c.e.mapper.UserMapper.findByUserId - <==      Total: 1
2025-08-20 09:27:36.250 [main] DEBUG c.e.m.LogOffsetMapper.findByFileName - ==>  Preparing: SELECT file_name , position , last_modified FROM log_offset WHERE file_name = ?
2025-08-20 09:27:36.250 [main] DEBUG c.e.m.LogOffsetMapper.findByFileName - ==> Parameters: C:/work/application.log(String)
2025-08-20 09:27:36.251 [main] DEBUG c.e.m.LogOffsetMapper.findByFileName - <==      Total: 1
2025-08-20 09:27:36.259 [main] DEBUG c.e.mapper.LogOffsetMapper.insertLog - ==>  Preparing: INSERT INTO swg_logs (log_time, level, message) VALUES (?, ?, ?)
2025-08-20 09:27:36.259 [main] DEBUG c.e.mapper.LogOffsetMapper.insertLog - ==> Parameters: 2025-08-20 09:27:36.2584353(Timestamp), (String), (String)
2025-08-20 09:27:36.262 [main] DEBUG c.e.mapper.LogOffsetMapper.insertLog - <==    Updates: 1
2025-08-20 09:27:36.264 [main] DEBUG c.e.mapper.LogOffsetMapper.insertLog - ==>  Preparing: INSERT INTO swg_logs (log_time, level, message) VALUES (?, ?, ?)
2025-08-20 09:27:36.264 [main] DEBUG c.e.mapper.LogOffsetMapper.insertLog - ==> Parameters: 2025-08-20 09:27:36.2644352(Timestamp), 14:34:23.109(String), [SpringApplicationShutdownHook] INFO  새로운라인임1(String)
2025-08-20 09:27:36.265 [main] DEBUG c.e.mapper.LogOffsetMapper.insertLog - <==    Updates: 1
2025-08-20 09:27:36.265 [main] DEBUG c.e.mapper.LogOffsetMapper.insertLog - ==>  Preparing: INSERT INTO swg_logs (log_time, level, message) VALUES (?, ?, ?)
2025-08-20 09:27:36.266 [main] DEBUG c.e.mapper.LogOffsetMapper.insertLog - ==> Parameters: 2025-08-20 09:27:36.2654341(Timestamp), 14:34:23.109(String), [SpringApplicationShutdownHook] INFO  새로운라인임2(String)
2025-08-20 09:27:36.266 [main] DEBUG c.e.mapper.LogOffsetMapper.insertLog - <==    Updates: 1
2025-08-20 09:27:36.267 [main] DEBUG c.e.mapper.LogOffsetMapper.insertLog - ==>  Preparing: INSERT INTO swg_logs (log_time, level, message) VALUES (?, ?, ?)
2025-08-20 09:27:36.267 [main] DEBUG c.e.mapper.LogOffsetMapper.insertLog - ==> Parameters: 2025-08-20 09:27:36.2674354(Timestamp), 14:34:23.109(String), [SpringApplicationShutdownHook] INFO  새로운라인임3(String)
2025-08-20 09:27:36.268 [main] DEBUG c.e.mapper.LogOffsetMapper.insertLog - <==    Updates: 1
2025-08-20 09:27:36.268 [main] DEBUG c.e.mapper.LogOffsetMapper.insertLog - ==>  Preparing: INSERT INTO swg_logs (log_time, level, message) VALUES (?, ?, ?)
2025-08-20 09:27:36.268 [main] DEBUG c.e.mapper.LogOffsetMapper.insertLog - ==> Parameters: 2025-08-20 09:27:36.2684353(Timestamp), 14:34:23.109(String), [SpringApplicationShutdownHook] INFO  새로운라인임4(String)
2025-08-20 09:27:36.269 [main] DEBUG c.e.mapper.LogOffsetMapper.insertLog - <==    Updates: 1
2025-08-20 09:27:36.270 [main] DEBUG c.e.m.L.updateLogOffset - ==>  Preparing: UPDATE log_offset SET position = ? , last_modified = ? , updated_at=NOW() WHERE file_name = ?
2025-08-20 09:27:36.270 [main] DEBUG c.e.m.L.updateLogOffset - ==> Parameters: 13193(Long), 1755649647726(Long), C:/work/application.log(String)
2025-08-20 09:27:36.271 [main] DEBUG c.e.m.L.updateLogOffset - <==    Updates: 1
2025-08-20 09:27:36.288 [SpringApplicationShutdownHook] INFO  o.s.s.quartz.SchedulerFactoryBean - Shutting down Quartz Scheduler
2025-08-20 09:27:36.289 [SpringApplicationShutdownHook] INFO  com.zaxxer.hikari.HikariDataSource - HikariPool-1 - Shutdown initiated...
2025-08-20 09:27:36.295 [SpringApplicationShutdownHook] INFO  com.zaxxer.hikari.HikariDataSource - HikariPool-1 - Shutdown completed.
2025-08-20 09:29:09.866 [background-preinit] INFO  o.h.validator.internal.util.Version - HV000001: Hibernate Validator 8.0.2.Final
2025-08-20 09:29:09.898 [main] INFO  c.example.service.LogCopyServiceTest - Starting LogCopyServiceTest using Java 17.0.3 with PID 9912 (started by lshan in C:\Users\lshan\git\base-project\demo-1)
2025-08-20 09:29:09.899 [main] DEBUG c.example.service.LogCopyServiceTest - Running with Spring Boot v3.4.4, Spring v6.2.5
2025-08-20 09:29:09.899 [main] INFO  c.example.service.LogCopyServiceTest - No active profile set, falling back to 1 default profile: "default"
2025-08-20 09:29:10.776 [main] INFO  com.zaxxer.hikari.HikariDataSource - HikariPool-1 - Starting...
2025-08-20 09:29:10.890 [main] INFO  com.zaxxer.hikari.pool.HikariPool - HikariPool-1 - Added connection com.mysql.cj.jdbc.ConnectionImpl@5403907
2025-08-20 09:29:10.892 [main] INFO  com.zaxxer.hikari.HikariDataSource - HikariPool-1 - Start completed.
2025-08-20 09:29:11.661 [main] INFO  o.s.s.c.a.a.c.InitializeUserDetailsBeanManagerConfigurer$InitializeUserDetailsManagerConfigurer - Global AuthenticationManager configured with UserDetailsService bean with name userDetailsServiceImpl
2025-08-20 09:29:11.911 [main] INFO  o.s.s.quartz.LocalDataSourceJobStore - Using db table-based data access locking (synchronization).
2025-08-20 09:29:11.913 [main] INFO  o.s.s.quartz.LocalDataSourceJobStore - JobStoreCMT initialized.
2025-08-20 09:29:12.602 [main] INFO  o.s.s.quartz.SchedulerFactoryBean - Starting Quartz Scheduler now
2025-08-20 09:29:12.604 [main] INFO  o.s.s.quartz.LocalDataSourceJobStore - Freed 0 triggers from 'acquired' / 'blocked' state.
2025-08-20 09:29:12.606 [main] INFO  o.s.s.quartz.LocalDataSourceJobStore - Recovering 0 jobs that were in-progress at the time of the last shut-down.
2025-08-20 09:29:12.606 [main] INFO  o.s.s.quartz.LocalDataSourceJobStore - Recovery complete.
2025-08-20 09:29:12.606 [main] INFO  o.s.s.quartz.LocalDataSourceJobStore - Removed 0 'complete' triggers.
2025-08-20 09:29:12.607 [main] INFO  o.s.s.quartz.LocalDataSourceJobStore - Removed 0 stale fired job entries.
2025-08-20 09:29:12.619 [main] INFO  c.example.service.LogCopyServiceTest - Started LogCopyServiceTest in 2.962 seconds (process running for 3.592)
2025-08-20 09:29:12.633 [main] DEBUG c.e.mapper.UserMapper.findByUserId - ==>  Preparing: SELECT id , user_id , password , user_name , refresh_token FROM users WHERE user_id = ?
2025-08-20 09:29:12.641 [main] DEBUG c.e.mapper.UserMapper.findByUserId - ==> Parameters: user123(String)
2025-08-20 09:29:12.649 [main] DEBUG c.e.mapper.UserMapper.findByUserId - <==      Total: 1
2025-08-20 09:29:12.650 [main] DEBUG c.e.mapper.UserMapper.findByUserId - ==>  Preparing: SELECT id , user_id , password , user_name , refresh_token FROM users WHERE user_id = ?
2025-08-20 09:29:12.650 [main] DEBUG c.e.mapper.UserMapper.findByUserId - ==> Parameters: admin123(String)
2025-08-20 09:29:12.651 [main] DEBUG c.e.mapper.UserMapper.findByUserId - <==      Total: 1
2025-08-20 09:29:13.108 [main] DEBUG c.e.m.LogOffsetMapper.findByFileName - ==>  Preparing: SELECT file_name , position , last_modified FROM log_offset WHERE file_name = ?
2025-08-20 09:29:13.108 [main] DEBUG c.e.m.LogOffsetMapper.findByFileName - ==> Parameters: C:/work/application.log(String)
2025-08-20 09:29:13.109 [main] DEBUG c.e.m.LogOffsetMapper.findByFileName - <==      Total: 1
2025-08-20 09:29:13.116 [main] DEBUG c.e.mapper.LogOffsetMapper.insertLog - ==>  Preparing: INSERT INTO swg_logs (log_time, level, message) VALUES (?, ?, ?)
2025-08-20 09:29:13.117 [main] DEBUG c.e.mapper.LogOffsetMapper.insertLog - ==> Parameters: 2025-08-20 09:29:13.1151191(Timestamp), (String), (String)
2025-08-20 09:29:13.119 [main] DEBUG c.e.mapper.LogOffsetMapper.insertLog - <==    Updates: 1
2025-08-20 09:29:13.120 [main] DEBUG c.e.mapper.LogOffsetMapper.insertLog - ==>  Preparing: INSERT INTO swg_logs (log_time, level, message) VALUES (?, ?, ?)
2025-08-20 09:29:13.121 [main] DEBUG c.e.mapper.LogOffsetMapper.insertLog - ==> Parameters: 2025-08-20 09:29:13.1201182(Timestamp), 14:34:23.109(String), [SpringApplicationShutdownHook] INFO  새로운라인임5(String)
2025-08-20 09:29:13.121 [main] DEBUG c.e.mapper.LogOffsetMapper.insertLog - <==    Updates: 1
2025-08-20 09:29:13.121 [main] DEBUG c.e.m.L.updateLogOffset - ==>  Preparing: UPDATE log_offset SET position = ? , last_modified = ? , updated_at=NOW() WHERE file_name = ?
2025-08-20 09:29:13.122 [main] DEBUG c.e.m.L.updateLogOffset - ==> Parameters: 13276(Long), 1755649745715(Long), C:/work/application.log(String)
2025-08-20 09:29:13.122 [main] DEBUG c.e.m.L.updateLogOffset - <==    Updates: 1
2025-08-20 09:29:13.145 [SpringApplicationShutdownHook] INFO  o.s.s.quartz.SchedulerFactoryBean - Shutting down Quartz Scheduler
2025-08-20 09:29:13.146 [SpringApplicationShutdownHook] INFO  com.zaxxer.hikari.HikariDataSource - HikariPool-1 - Shutdown initiated...
2025-08-20 09:29:13.150 [SpringApplicationShutdownHook] INFO  com.zaxxer.hikari.HikariDataSource - HikariPool-1 - Shutdown completed.
2025-08-20 09:29:38.275 [background-preinit] INFO  o.h.validator.internal.util.Version - HV000001: Hibernate Validator 8.0.2.Final
2025-08-20 09:29:38.304 [main] INFO  c.example.service.LogCopyServiceTest - Starting LogCopyServiceTest using Java 17.0.3 with PID 33968 (started by lshan in C:\Users\lshan\git\base-project\demo-1)
2025-08-20 09:29:38.304 [main] DEBUG c.example.service.LogCopyServiceTest - Running with Spring Boot v3.4.4, Spring v6.2.5
2025-08-20 09:29:38.305 [main] INFO  c.example.service.LogCopyServiceTest - No active profile set, falling back to 1 default profile: "default"
2025-08-20 09:29:39.379 [main] INFO  com.zaxxer.hikari.HikariDataSource - HikariPool-1 - Starting...
2025-08-20 09:29:39.531 [main] INFO  com.zaxxer.hikari.pool.HikariPool - HikariPool-1 - Added connection com.mysql.cj.jdbc.ConnectionImpl@159ac15f
2025-08-20 09:29:39.532 [main] INFO  com.zaxxer.hikari.HikariDataSource - HikariPool-1 - Start completed.
2025-08-20 09:29:40.333 [main] INFO  o.s.s.c.a.a.c.InitializeUserDetailsBeanManagerConfigurer$InitializeUserDetailsManagerConfigurer - Global AuthenticationManager configured with UserDetailsService bean with name userDetailsServiceImpl
2025-08-20 09:29:40.592 [main] INFO  o.s.s.quartz.LocalDataSourceJobStore - Using db table-based data access locking (synchronization).
2025-08-20 09:29:40.594 [main] INFO  o.s.s.quartz.LocalDataSourceJobStore - JobStoreCMT initialized.
2025-08-20 09:29:41.453 [main] INFO  o.s.s.quartz.SchedulerFactoryBean - Starting Quartz Scheduler now
2025-08-20 09:29:41.456 [main] INFO  o.s.s.quartz.LocalDataSourceJobStore - Freed 0 triggers from 'acquired' / 'blocked' state.
2025-08-20 09:29:41.458 [main] INFO  o.s.s.quartz.LocalDataSourceJobStore - Recovering 0 jobs that were in-progress at the time of the last shut-down.
2025-08-20 09:29:41.458 [main] INFO  o.s.s.quartz.LocalDataSourceJobStore - Recovery complete.
2025-08-20 09:29:41.459 [main] INFO  o.s.s.quartz.LocalDataSourceJobStore - Removed 0 'complete' triggers.
2025-08-20 09:29:41.459 [main] INFO  o.s.s.quartz.LocalDataSourceJobStore - Removed 0 stale fired job entries.
2025-08-20 09:29:41.474 [main] INFO  c.example.service.LogCopyServiceTest - Started LogCopyServiceTest in 3.468 seconds (process running for 4.284)
2025-08-20 09:29:41.495 [main] DEBUG c.e.mapper.UserMapper.findByUserId - ==>  Preparing: SELECT id , user_id , password , user_name , refresh_token FROM users WHERE user_id = ?
2025-08-20 09:29:41.504 [main] DEBUG c.e.mapper.UserMapper.findByUserId - ==> Parameters: user123(String)
2025-08-20 09:29:41.515 [main] DEBUG c.e.mapper.UserMapper.findByUserId - <==      Total: 1
2025-08-20 09:29:41.517 [main] DEBUG c.e.mapper.UserMapper.findByUserId - ==>  Preparing: SELECT id , user_id , password , user_name , refresh_token FROM users WHERE user_id = ?
2025-08-20 09:29:41.517 [main] DEBUG c.e.mapper.UserMapper.findByUserId - ==> Parameters: admin123(String)
2025-08-20 09:29:41.518 [main] DEBUG c.e.mapper.UserMapper.findByUserId - <==      Total: 1
2025-08-20 09:29:42.104 [main] DEBUG c.e.m.LogOffsetMapper.findByFileName - ==>  Preparing: SELECT file_name , position , last_modified FROM log_offset WHERE file_name = ?
2025-08-20 09:29:42.104 [main] DEBUG c.e.m.LogOffsetMapper.findByFileName - ==> Parameters: C:/work/application.log(String)
2025-08-20 09:29:42.105 [main] DEBUG c.e.m.LogOffsetMapper.findByFileName - <==      Total: 1
2025-08-20 09:30:00.017 [schedulerFactoryBean_Worker-1] INFO  com.example.job.ClusteredJob - ⚙️ ClusteredJob 실행 - 2025-08-20T09:30:00.017665800
2025-08-20 09:30:00.027 [schedulerFactoryBean_Worker-2] INFO  com.example.job.LogCopyJob - ⚙️ LogCopyJob 실행 - 2025-08-20T09:30:00.027668600
2025-08-20 09:30:00.029 [schedulerFactoryBean_Worker-2] DEBUG c.e.m.LogOffsetMapper.findByFileName - ==>  Preparing: SELECT file_name , position , last_modified FROM log_offset WHERE file_name = ?
2025-08-20 09:30:00.029 [schedulerFactoryBean_Worker-2] DEBUG c.e.m.LogOffsetMapper.findByFileName - ==> Parameters: C:/work/application.log(String)
2025-08-20 09:30:00.029 [schedulerFactoryBean_Worker-2] DEBUG c.e.m.LogOffsetMapper.findByFileName - <==      Total: 1
2025-08-20 09:30:10.104 [main] DEBUG c.e.mapper.LogOffsetMapper.insertLog - ==>  Preparing: INSERT INTO swg_logs (log_time, level, message) VALUES (?, ?, ?)
2025-08-20 09:30:10.106 [main] DEBUG c.e.mapper.LogOffsetMapper.insertLog - ==> Parameters: 2025-08-20 09:30:10.0991458(Timestamp), (String), (String)
2025-08-20 09:30:10.116 [main] DEBUG c.e.mapper.LogOffsetMapper.insertLog - <==    Updates: 1
2025-08-20 09:30:11.660 [schedulerFactoryBean_Worker-2] DEBUG c.e.mapper.LogOffsetMapper.insertLog - ==>  Preparing: INSERT INTO swg_logs (log_time, level, message) VALUES (?, ?, ?)
2025-08-20 09:30:11.662 [schedulerFactoryBean_Worker-2] DEBUG c.e.mapper.LogOffsetMapper.insertLog - ==> Parameters: 2025-08-20 09:30:11.6607319(Timestamp), (String), (String)
2025-08-20 09:30:11.664 [schedulerFactoryBean_Worker-2] DEBUG c.e.mapper.LogOffsetMapper.insertLog - <==    Updates: 1
2025-08-20 09:30:13.907 [main] DEBUG c.e.mapper.LogOffsetMapper.insertLog - ==>  Preparing: INSERT INTO swg_logs (log_time, level, message) VALUES (?, ?, ?)
2025-08-20 09:30:13.909 [main] DEBUG c.e.mapper.LogOffsetMapper.insertLog - ==> Parameters: 2025-08-20 09:30:13.9067915(Timestamp), 14:34:23.109(String), [SpringApplicationShutdownHook] INFO  새로운라인임6(String)
2025-08-20 09:30:13.911 [main] DEBUG c.e.mapper.LogOffsetMapper.insertLog - <==    Updates: 1
2025-08-20 09:30:13.912 [main] DEBUG c.e.m.L.updateLogOffset - ==>  Preparing: UPDATE log_offset SET position = ? , last_modified = ? , updated_at=NOW() WHERE file_name = ?
2025-08-20 09:30:13.913 [main] DEBUG c.e.m.L.updateLogOffset - ==> Parameters: 13359(Long), 1755649774228(Long), C:/work/application.log(String)
2025-08-20 09:30:13.914 [main] DEBUG c.e.m.L.updateLogOffset - <==    Updates: 1
2025-08-20 09:30:13.931 [SpringApplicationShutdownHook] INFO  o.s.s.quartz.SchedulerFactoryBean - Shutting down Quartz Scheduler
2025-08-20 09:30:13.933 [SpringApplicationShutdownHook] INFO  com.zaxxer.hikari.HikariDataSource - HikariPool-1 - Shutdown initiated...
2025-08-20 09:30:13.938 [SpringApplicationShutdownHook] INFO  com.zaxxer.hikari.HikariDataSource - HikariPool-1 - Shutdown completed.
